"match_method","final_name","final_unit","final_barcode","final_price","price_note","seed_category_id","seed_subcategory_id","asnaf_name","asnaf_price","asnaf_unit","asnaf_barcode","karaz_name","karaz_category","karaz_price","karaz_link","karaz_image"
"barcode","ستميرول علب ","وحدة","7622210991959","11.99","","26","68","ستميرول علب ","10","وحدة","7622210991959","Stimorol Bottle Wild Cherry 50g","عرض الجميع","11.99","https://karaz.ps/shop/product/stimorol-bottle-wild-cherry-50g/","https://karaz.ps/wp-content/uploads/2024/06/7622210991959-300x300.jpg"
"barcode","بسكوت جولون مع الشوفان 240 غم","وحدة","8410376056792","11.99","","26","68","بسكوت جولون مع الشوفان 240 غم","10","وحدة","8410376056792","Gullon Heart of Cereal Biscuit Oat&Chocolate Chips  240g","عرض الجميع","11.99","https://karaz.ps/shop/product/gullon-heart-of-cereal-biscuit-oatchocolate-chips-240g/","https://karaz.ps/wp-content/uploads/2024/06/8410376056792-1-300x300.jpg"
"barcode","مستر شبس","وحدة","6251036002429","2.5","","26","68","مستر شبس","2.5","وحدة","6251036002429","Mr. Chips Paprika Natural Potato Sticks 37g","عرض الجميع","2.5","https://karaz.ps/shop/product/mr-chips-paprika-natural-potato-sticks-37g/","https://karaz.ps/wp-content/uploads/2024/06/6251036002429-300x300.jpg"
"barcode","جولون ميني مكس","وحدة","8410376013191","11.99","","26","68","جولون ميني مكس","10","وحدة","8410376013191","Gullon Mini Mix 350g","عرض الجميع","11.99","https://karaz.ps/shop/product/gullon-mini-mix-350g/","https://karaz.ps/wp-content/uploads/2024/06/8410376013191-300x300.jpg"
"barcode","سناكس مكس كبير ","وحدة","6251036015825","5.99","","16","42","سناكس مكس كبير ","5","وحدة","6251036015825","Mr. Chips Snack Mix French Cheese 77g","عرض الجميع","5.99","https://karaz.ps/shop/product/mr-chips-snack-mix-french-cheese-77g/","https://karaz.ps/wp-content/uploads/2024/06/6251036015825-300x300.jpg"
"barcode","لواكر كوادرتني 250 غم","وحدة","8000380142484","14.99","","26","68","لواكر كوادرتني 250 غم","12","وحدة","8000380142484","Loacker Quadratini Dark Chocolate 250g","عرض الجميع","14.99","https://karaz.ps/shop/product/loacker-quadratini-dark-chocolate-250g/","https://karaz.ps/wp-content/uploads/2023/10/8000380142484-small.jpg"
"barcode","ستميرول مخدات","وحدة","54014008","3.99","","14","37","ستميرول مخدات","3","وحدة","54014008","Stimorol Original Gum 14g","السكاكر والعلكة","3.99","https://karaz.ps/shop/product/stimorol-original-gum-14g/","https://karaz.ps/wp-content/uploads/2023/05/54014008-300x300.jpg"
"barcode","بيبرمنتس شرائح","وحدة","5425010090028","9.99","","14","37","بيبرمنتس شرائح","10","وحدة","5425010090028","Peppermint Strips Fresh Breath x24","السكاكر والعلكة","9.99","https://karaz.ps/shop/product/peppermint-strips-fresh-breath-x24/","https://karaz.ps/wp-content/uploads/2023/01/5425010090028-300x300.jpg"
"barcode","علب حديد ملبس كنفاني","وحدة","4002590000633","6.99","","14","37","علب حديد ملبس كنفاني","7","وحدة","4002590000633","Kalfany Assorted Fruit Drops 150g","السكاكر والعلكة","6.99","https://karaz.ps/shop/product/kalfany-assorted-fruit-drops-150g/","https://karaz.ps/wp-content/uploads/2022/11/4002590000633-300x300.jpg"
"barcode","ويذرز كراميل بايتس","وحدة","4014400933659","17.99","","14","36","ويذرز كراميل بايتس","15","وحدة","4014400933659","Storck Werther’s Original Caramel Bites Cookie 140g","البسكويت والشوكولاتة","17.99","https://karaz.ps/shop/product/storck-werthers-original-caramel-bites-cookie-140g/","https://karaz.ps/wp-content/uploads/2023/07/4014400933659-300x300.jpg"
"barcode","ريسيس اصابع عادية 42","وحدة","03415201","3.99","","14","36","ريسيس اصابع عادية 42","3","وحدة","03415201","Reese’s Sticks 2 Sticks 42g","البسكويت والشوكولاتة","3.99","https://karaz.ps/shop/product/reeses-sticks-2-sticks-42g/","https://karaz.ps/wp-content/uploads/2023/06/03415201-300x300.jpg"
"barcode","خبز تورتيلا 30 سم","وحدة","8699847070035","14.99","","8","23","خبز تورتيلا 30 سم","13","وحدة","8699847070035","ALY TORTILLA 30CM 900G","المخبز  المخبوزات","14.99","https://karaz.ps/shop/product/aly-tortilla-30cm-900g/","https://karaz.ps/wp-content/uploads/2022/08/8699847070035-300x300.jpg"
"barcode","بجيت ابيض 4 قطع","وحدة","3760049795646","12.99","","7","22","بجيت ابيض 4 قطع","12","وحدة","3760049795646","La Boulangere Soft French Baguettes 340g","المخبز  المخبوزات","12.99","https://karaz.ps/shop/product/la-boulangere-soft-french-baguettes-340g/","https://karaz.ps/wp-content/uploads/2022/07/3760049795646-300x300.jpg"
"barcode","ماكنة كبسولات","وحدة","010942225041","369.99","","18","47","ماكنة كبسولات","290","وحدة","010942225041","Krups Nescafe Dolce Gusto Mini Me","ماكينات تحضير القهوة","369.99","https://karaz.ps/shop/product/krups-nescafe-dolce-gusto-mini-me/","https://karaz.ps/wp-content/uploads/2022/09/010942225041-300x300.jpg"
"barcode","قهوة ازحيمان 250غم ","وحدة","6253337100200","18.99","","18","47","قهوة ازحيمان 250غم ","18","وحدة","6253337100200","Izhiman’s Coffee Light قهوة ازحيمان 2/3 شقرة 250g","القهوة (حبوب أو مطحونة)","18.99","https://karaz.ps/shop/product/izhimans-coffee-light-%d9%82%d9%87%d9%88%d8%a9-%d8%a7%d8%b2%d8%ad%d9%8a%d9%85%d8%a7%d9%86-2-3-%d8%b4%d9%82%d8%b1%d8%a9-250g/","https://karaz.ps/wp-content/uploads/2022/06/6253337100200-300x300.jpg"
"barcode","ورق فلتر ","وحدة","4006508123094","13.99","","18","47","ورق فلتر ","15","وحدة","4006508123094","Melitta Original Coffee Filters فلتر قهوة 1*2","مستلزمات القهوة وإضافاتها","13.99","https://karaz.ps/shop/product/melitta-original-coffee-filters-%d9%81%d9%84%d8%aa%d8%b1-%d9%82%d9%87%d9%88%d8%a9-12/","https://karaz.ps/wp-content/uploads/2022/06/4006508123094-300x300.jpg"
"barcode","ورق فلتر 1/4 40 ورقة ","وحدة","4006508122134","14.99","","18","47","ورق فلتر 1/4 40 ورقة ","15","وحدة","4006508122134","Melitta Original Coffee Filters فلتر قهوة 1*4","مستلزمات القهوة وإضافاتها","14.99","https://karaz.ps/shop/product/melitta-original-coffee-filters-%d9%81%d9%84%d8%aa%d8%b1-%d9%82%d9%87%d9%88%d8%a9-14/","https://karaz.ps/wp-content/uploads/2022/06/4006508122134-300x300.jpg"
"barcode","هنجري جاك بان كيك","وحدة","013300280645","23.99","","14","38","هنجري جاك بان كيك","22","وحدة","013300280645","Hungry Jack Complete Buttermilk Pancake & Waffle Mix 907g","الطعام","23.99","https://karaz.ps/shop/product/hungry-jack-complete-buttermilk-pancake-waffle-mix-907g/","https://karaz.ps/wp-content/uploads/2024/06/013300280645-300x300.jpg"
"barcode","كورن فلكس سني ميني 500 غم","وحدة","7290000072968","21.99","","26","68","كورن فلكس سني ميني 500 غم","20","وحدة","7290000072968","Nestle Cini Minis Cereal 500g","إفطار الصباح","21.99","https://karaz.ps/shop/product/nestle-cini-minis-cereal-500g/","https://karaz.ps/wp-content/uploads/2022/10/7290000072968-300x300.jpg"
"barcode","كورن فليكس فروت 425 غم","وحدة","884912129741","21.99","","26","68","كورن فليكس فروت 425 غم","20","وحدة","884912129741","Post Fruity Pebbles سيريال فروتي بابلز 425g","إفطار الصباح","21.99","https://karaz.ps/shop/product/post-fruity-pebbles-%d8%b3%d9%8a%d8%b1%d9%8a%d8%a7%d9%84-%d9%81%d8%b1%d9%88%d8%aa%d9%8a-%d8%a8%d8%a7%d8%a8%d9%84%d8%b2-425g/","https://karaz.ps/wp-content/uploads/2022/10/884912129741-300x300.jpg"
"barcode","رايز كيك","وحدة","3800233070026","8.99","","14","38","رايز كيك","9","وحدة","3800233070026","Rice up Brown Rice Cakes Himalayan Salt 120g","إفطار الصباح","8.99","https://karaz.ps/shop/product/rice-up-brown-rice-cakes-himalayan-salt-120g/","https://karaz.ps/wp-content/uploads/2022/09/3800233070026-300x300.jpg"
"barcode","سانتي فت جرانو باكاكاو المكسرات بدون سكر","وحدة","5900617037190","13.99","","3","9","سانتي فت جرانو باكاكاو المكسرات بدون سكر","13","وحدة","5900617037190","Sante Fit Granola Nuts & Cacao 300g","إفطار الصباح","13.99","https://karaz.ps/shop/product/sante-fit-granola-nuts-cacao-300g/","https://karaz.ps/wp-content/uploads/2022/07/5900617037190-300x300.jpg"
"barcode","سانتي كورن كيك طبيعي بدون جلوتين","وحدة","5900617031969","9.99","","14","38","سانتي كورن كيك طبيعي بدون جلوتين","8","وحدة","5900617031969","Sante Extra Thin Corn Cakes 120g","السيريلات و الحبوب الصحية","9.99","https://karaz.ps/shop/product/sante-extra-thin-corn-cakes-120g/","https://karaz.ps/wp-content/uploads/2022/07/5900617031969-300x300.jpg"
"barcode","سانتي رايس بدون جلوتين","وحدة","5900617014658","9.99","","26","68","سانتي رايس بدون جلوتين","8","وحدة","5900617014658","SANTE RICE CAKES 110G","السيريلات و الحبوب الصحية","9.99","https://karaz.ps/shop/product/sante-rice-cakes-110g/","https://karaz.ps/wp-content/uploads/2022/07/5900617014658-300x300.jpg"
"barcode","زبدة جف كريمي +كرتشي 454","وحدة","051500255162","19.99","","4","12","زبدة جف كريمي +كرتشي 454","18","وحدة","051500255162","Jif Peanut Butter زبدة فول سوداني 454g – ناعمة","طعام قابل للدهن","19.99","https://karaz.ps/shop/product/jif-peanut-butter-%d8%b2%d8%a8%d8%af%d8%a9-%d9%81%d9%88%d9%84-%d8%b3%d9%88%d8%af%d8%a7%d9%86%d9%8a-454g-%d9%86%d8%a7%d8%b9%d9%85%d8%a9/","https://karaz.ps/wp-content/uploads/2022/07/051500255162-300x300.jpg"
"barcode","سموكرز مربي خالي السكر","وحدة","051500040621","18.99","","3","9","سموكرز مربي خالي السكر","15","وحدة","051500040621","Smucker’s Sugar Free Jam مربى خالي من السكر 361g – Blueberry","طعام قابل للدهن","18.99","https://karaz.ps/shop/product/smuckers-sugar-free-jam-%d9%85%d8%b1%d8%a8%d9%89-%d8%ae%d8%a7%d9%84%d9%8a-%d9%85%d9%86-%d8%a7%d9%84%d8%b3%d9%83%d8%b1-361g-blueberry/","https://karaz.ps/wp-content/uploads/2022/07/051500040621-300x300.jpg"
"barcode","نوتيلا 350 غم","وحدة","80177173","16.99","","2","6","نوتيلا 350 غم","15","وحدة","80177173","Nutella Ferrero Hazelnut Spread with Cocoa, 400g","طعام قابل للدهن","16.99","https://karaz.ps/shop/product/nutella-hazelnut-spread-%d9%86%d9%88%d8%aa%d9%8a%d9%84%d8%a7-%d8%a8%d8%a7%d9%84%d8%a8%d9%86%d8%af%d9%82-%d8%b4%d9%88%d9%83%d9%88%d9%84%d8%a7%d8%aa%d8%a9-%d9%82%d8%a7%d8%a8%d9%84%d8%a9-%d9%84%d9%84-3/","https://karaz.ps/wp-content/uploads/2022/06/80177173-300x300.jpg"
"barcode","نوتيلا 600 غم","وحدة","8000500179864","23.99","","2","6","نوتيلا 600 غم","24","وحدة","8000500179864","Nutella Hazelnut Spread نوتيلا بالبندق شوكولاتة قابلة للدهن – 600g","طعام قابل للدهن","23.99","https://karaz.ps/shop/product/nutella-hazelnut-spread-%d9%86%d9%88%d8%aa%d9%8a%d9%84%d8%a7-%d8%a8%d8%a7%d9%84%d8%a8%d9%86%d8%af%d9%82-%d8%b4%d9%88%d9%83%d9%88%d9%84%d8%a7%d8%aa%d8%a9-%d9%82%d8%a7%d8%a8%d9%84%d8%a9-%d9%84%d9%84-2/","https://karaz.ps/wp-content/uploads/2022/06/8000500179864-300x300.jpg"
"barcode","جيف زبدة الفول السوداني كريمية بدون سكر ","وحدة","051500245408","21.99","","3","9","جيف زبدة الفول السوداني كريمية بدون سكر ","18","وحدة","051500245408","Jif Creamy Peanut Butter 0% Sugar 440g","طعام قابل للدهن","21.99","https://karaz.ps/shop/product/jif-no-added-sugar-creamy-peanut-butter-440g/","https://karaz.ps/wp-content/uploads/2024/06/051500245408-300x300.jpg"
"barcode","جبنة بوك دهن 240غم","وحدة","5760466899741","14.99","","7","20","جبنة بوك دهن 240غم","14","وحدة","5760466899741","Puck Danish Spread Cheese 240g","طعام قابل للدهن","14.99","https://karaz.ps/shop/product/puck-danish-spread-cheese-240g/","https://karaz.ps/wp-content/uploads/2023/10/5760466899741-small.jpg"
"barcode","نكهة الفانيلا","وحدة","5352101434501","5.99","","26","68","نكهة الفانيلا","5","وحدة","5352101434501","Foster Clark’s Vanilla نكهة فانيلا للطهي 28g","مكونات الطعام","5.99","https://karaz.ps/shop/product/foster-clarks-vanilla-%d9%86%d9%83%d9%87%d8%a9-%d9%81%d8%a7%d9%86%d9%8a%d9%84%d8%a7-%d9%84%d9%84%d8%b7%d9%87%d9%8a-28g/","https://karaz.ps/wp-content/uploads/2023/05/5352101434501-300x300.jpg"
"barcode","طحين بسكوت","وحدة","016000306509","24.99","","3","9","طحين بسكوت","18","وحدة","016000306509","Betty Crocker Chocolate chip Cookie Mix خليط لتحضير الكوكيز مع رقائق الشوكولاتة 496g","مكونات الحلويات","24.99","https://karaz.ps/shop/product/betty-crocker-chocolate-chip-cookie-mix-%d8%ae%d9%84%d9%8a%d8%b7-%d9%84%d8%aa%d8%ad%d8%b6%d9%8a%d8%b1-%d8%a7%d9%84%d9%83%d9%88%d9%83%d9%8a%d8%b2-%d9%85%d8%b9-%d8%b1%d9%82%d8%a7%d8%a6%d9%82-%d8%a7/","https://karaz.ps/wp-content/uploads/2022/12/016000306509-300x300.jpg"
"barcode","كريمة خفق  500 مل","وحدة","5902670055609","19.99","","7","19","كريمة خفق  500 مل","17","وحدة","5902670055609","Casaro Whipping Cream 500ml","مكونات الحلويات","19.99","https://karaz.ps/shop/product/casaro-whipping-cream-500ml-%d9%83%d8%b1%d9%8a%d9%85%d8%a9-%d8%ae%d9%81%d9%82-%d9%85%d8%ad%d9%84%d8%a7%d8%a9/","https://karaz.ps/wp-content/uploads/2022/07/5902670055609-300x300.jpg"
"barcode","كريمة طبيخ 500مل تنوفا","وحدة","5902670055630","19.99","","7","19","كريمة طبيخ 500مل تنوفا","16","وحدة","5902670055630","Casaro Cooking Cream 500nl","مكونات الحلويات","19.99","https://karaz.ps/shop/product/casaro-cooking-cream-500ml/","https://karaz.ps/wp-content/uploads/2022/07/5902670055630-300x300.jpg"
"barcode","كريمة بوك طبيخ 1 لتر","وحدة","5711953001406","29.99","","7","19","كريمة بوك طبيخ 1 لتر","28","وحدة","5711953001406","Puck Cooking Cream بوك كريمة الطبخ – 1 لتر","مكونات الحلويات","29.99","https://karaz.ps/shop/product/puck-cooking-cream-%d8%a8%d9%88%d9%83-%d9%83%d8%b1%d9%8a%d9%85%d8%a9-%d8%a7%d9%84%d8%b7%d8%a8%d8%ae-1-%d9%84%d8%aa%d8%b1/","https://karaz.ps/wp-content/uploads/2022/07/5711953001406-300x300.jpg"
"barcode","كريمة بوك ببطبيخ 500 غم ","وحدة","5760466994484","19.99","","7","19","كريمة بوك ببطبيخ 500 غم ","16","وحدة","5760466994484","Puck Cooking Cream بوك كريمة الطبخ – 500 مل","مكونات الحلويات","19.99","https://karaz.ps/shop/product/puck-cooking-cream-%d8%a8%d9%88%d9%83-%d9%83%d8%b1%d9%8a%d9%85%d8%a9-%d8%a7%d9%84%d8%b7%d8%a8%d8%ae-500-%d9%85%d9%84/","https://karaz.ps/wp-content/uploads/2022/07/5760466994484-300x300.jpg"
"barcode","كيك يتي كروكر ريد فلفيت","وحدة","016000428997","15.99","","14","38","كيك يتي كروكر ريد فلفيت","12","وحدة","016000428997","Betty Crocker Super Moist خليط الكيك Red Velvet","مكونات الحلويات","15.99","https://karaz.ps/shop/product/betty-crocker-super-moist-%d8%ae%d9%84%d9%8a%d8%b7-%d8%a7%d9%84%d9%83%d9%8a%d9%83-red-velvet/","https://karaz.ps/wp-content/uploads/2022/07/016000428997-300x300.jpg"
"barcode","ارز الضيافة 5 كيلو","وحدة","6253506461255","41.99","","3","7","ارز الضيافة 5 كيلو","32","وحدة","6253506461255","Addyafe Basmati Rice 5kg","الأرز","41.99","https://karaz.ps/shop/product/addyafe-basmati-rice-5kg/","https://karaz.ps/wp-content/uploads/2022/10/6253506461255-300x300.jpg"
"barcode","ارز بوندي شيف 5 كيلو ","وحدة","739340999933","45.99","","3","7","ارز بوندي شيف 5 كيلو ","32","وحدة","739340999933","Bonde Chef Basmati Long Grain Rice 5kg","الأرز","45.99","https://karaz.ps/shop/product/bonde-chef-basmati-long-grain-rice-10kg/","https://karaz.ps/wp-content/uploads/2022/09/739340999933-300x300.jpg"
"barcode","ارز شقحة 5 كيلو ","وحدة","7290002954477","43.99","","3","7","ارز شقحة 5 كيلو ","43","وحدة","7290002954477","SunWhite Rice أرز صنوايت – 5 كيلو","الأرز","43.99","https://karaz.ps/shop/product/sunwhite-rice-%d8%a3%d8%b1%d8%b2-%d8%b5%d9%86%d9%88%d8%a7%d9%8a%d8%aa-5-%d9%83%d9%8a%d9%84%d9%88/","https://karaz.ps/wp-content/uploads/2022/06/7290002954477-300x300.jpg"
"barcode","ارز شقحة 1 كيلو ","وحدة","7290002954460","10.99","","3","7","ارز شقحة 1 كيلو ","10","وحدة","7290002954460","SunWhite Rice أرز صنوايت – 1 كيلو","الأرز","10.99","https://karaz.ps/shop/product/sunwhite-rice-%d8%a3%d8%b1%d8%b2-%d8%b5%d9%86%d9%88%d8%a7%d9%8a%d8%aa-1-%d9%83%d9%8a%d9%84%d9%88/","https://karaz.ps/wp-content/uploads/2022/06/7290002954460-300x300.jpg"
"barcode","ارز الوليمة 5 ك","وحدة","8906022150162","44.99","","3","7","ارز الوليمة 5 ك","43","وحدة","8906022150162","Al-Walemah Rice أرز الوليمه 5K","الأرز","44.99","https://karaz.ps/shop/product/al-walemah-rice-%d8%a3%d8%b1%d8%b2-%d8%a7%d9%84%d9%88%d9%84%d9%8a%d9%85%d9%87-5k/","https://karaz.ps/wp-content/uploads/2022/06/8906022150162-300x300.jpg"
"barcode","ارز بوندي شيف 1 كيلو","وحدة","739340999926","11.99","","3","7","ارز بوندي شيف 1 كيلو","10","وحدة","739340999926","Bonde Chef Basmati Long Grain Rice 1kg","الأرز","11.99","https://karaz.ps/shop/product/bonde-chef-basmati-long-grain-rice-1kg/","https://karaz.ps/wp-content/uploads/2022/09/739340999926-300x300.jpg"
"barcode","سكر سوجات ","وحدة","7290100702864","5.99","","3","9","سكر سوجات ","5.5","وحدة","7290100702864","White Sugar سكر ابيض 1K","الدقيق و السكر و الملح","5.99","https://karaz.ps/shop/product/white-sugar-%d8%b3%d9%83%d8%b1-%d8%a7%d8%a8%d9%8a%d8%b6-1k/","https://karaz.ps/wp-content/uploads/2022/06/7290100702864-300x300.jpg"
"barcode","طحين قمح 1 كيلو","وحدة","8033020445973","15.99","","3","9","طحين قمح 1 كيلو","15","وحدة","8033020445973","Pivotal Flour Antigrumi 1k دقيق للمعجنات و البسكويت","الدقيق و السكر و الملح","15.99","https://karaz.ps/shop/product/pivotal-flour-antigrumi-1k-%d8%af%d9%82%d9%8a%d9%82-%d9%84%d9%84%d9%85%d8%b9%d8%ac%d9%86%d8%a7%d8%aa-%d9%88-%d8%a7%d9%84%d8%a8%d8%b3%d9%83%d9%88%d9%8a%d8%aa/","https://karaz.ps/wp-content/uploads/2022/06/8033020445973-300x300.jpg"
"barcode","سويت اند لو عادي كبير","وحدة","7290000518176","24.99","","3","9","سويت اند لو عادي كبير","19","وحدة","7290000518176","Sweet’n Low Granulated Sweetner Dextrose بديل السكر – 250 Packets","الدقيق و السكر و الملح","24.99","https://karaz.ps/shop/product/sweetn-low-granulated-sweetner-dextrose-%d8%a8%d8%af%d9%8a%d9%84-%d8%a7%d9%84%d8%b3%d9%83%d8%b1-250-packets/","https://karaz.ps/wp-content/uploads/2022/06/7290000518176-300x300.jpg"
"barcode","سمن نباتين 850 غرام","وحدة","6251080055020","23.99","","4","11","سمن نباتين 850 غرام","24","وحدة","6251080055020","NABATIN VEGETABLE SHORTINING 850 G سمنة نباتية","الزيوت و السمنة","23.99","https://karaz.ps/shop/product/nabatin-vegetable-shortining-850-g-%d8%b3%d9%85%d9%86%d8%a9-%d9%86%d8%a8%d8%a7%d8%aa%d9%8a%d8%a9/","https://karaz.ps/wp-content/uploads/2022/07/6251080055020-300x300.jpg"
"barcode","زيت صافي 1 لتر ","وحدة","6253501882055","12.99","","4","11","زيت صافي 1 لتر ","12","وحدة","6253501882055","Safi Corn Oil صافي زيت ذرة – 1 لتر","الزيوت و السمنة","12.99","https://karaz.ps/shop/product/safi-corn-oil-%d8%b5%d8%a7%d9%81%d9%8a-%d8%b2%d9%8a%d8%aa-%d8%b0%d8%b1%d8%a9-1-%d9%84%d8%aa%d8%b1/","https://karaz.ps/wp-content/uploads/2022/06/6253501882055-300x300.jpg"
"barcode","زيت صافي 3 لتر ذرة ","وحدة","6253501882048","31.99","","4","11","زيت صافي 3 لتر ذرة ","33","وحدة","6253501882048","Safi Corn Oil صافي زيت ذرة – 3 لتر","الزيوت و السمنة","31.99","https://karaz.ps/shop/product/safi-corn-oil-%d8%b5%d8%a7%d9%81%d9%8a-%d8%b2%d9%8a%d8%aa-%d8%b0%d8%b1%d8%a9-3-%d9%84%d8%aa%d8%b1/","https://karaz.ps/wp-content/uploads/2022/06/6253501882048-300x300.jpg"
"barcode","زيت صافي 5 لتر ذرة ","وحدة","6253501882031","47.99","","4","11","زيت صافي 5 لتر ذرة ","47","وحدة","6253501882031","Safi Corn Oil صافي زيت ذرة – 5 لتر","الزيوت و السمنة","47.99","https://karaz.ps/shop/product/safi-corn-oil-%d8%b5%d8%a7%d9%81%d9%8a-%d8%b2%d9%8a%d8%aa-%d8%b0%d8%b1%d8%a9-5-%d9%84%d8%aa%d8%b1/","https://karaz.ps/wp-content/uploads/2022/06/6253501882031-300x300.jpg"
"barcode","زيت صافي دوار الشمس 5 لتر ","وحدة","6253501883021","41.99","","4","11","زيت صافي دوار الشمس 5 لتر ","39","وحدة","6253501883021","Safi Sunflower Oil صافي زيت دوار الشمس – 5 لتر","الزيوت و السمنة","41.99","https://karaz.ps/shop/product/safi-sunflower-oil-%d8%b5%d8%a7%d9%81%d9%8a-%d8%b2%d9%8a%d8%aa-%d8%af%d9%88%d8%a7%d8%b1-%d8%a7%d9%84%d8%b4%d9%85%d8%b3-5-%d9%84%d8%aa%d8%b1/","https://karaz.ps/wp-content/uploads/2022/06/6253501883021-300x300.jpg"
"barcode","سمنة الغزال 1 كغم","وحدة","6251080055051","23.99","","4","11","سمنة الغزال 1 كغم","23.5","وحدة","6251080055051","Al-Ghazal Ghee الغزال سمن نباتي – 1 كيلو","الزيوت و السمنة","23.99","https://karaz.ps/shop/product/al-ghazal-ghee-%d8%a7%d9%84%d8%ba%d8%b2%d8%a7%d9%84-%d8%b3%d9%85%d9%86-%d9%86%d8%a8%d8%a7%d8%aa%d9%8a-1-%d9%83%d9%8a%d9%84%d9%88/","https://karaz.ps/wp-content/uploads/2022/06/6251080055051-300x300.jpg"
"barcode","زيت ليسيور 5 لتر زيت الذرة","وحدة","3265475453004","45.99","","4","11","زيت ليسيور 5 لتر زيت الذرة","45","وحدة","3265475453004","Lesieur Corn Oil 5 L","الزيوت و السمنة","45.99","https://karaz.ps/shop/product/lesieur-corn-oil-5-l/","https://karaz.ps/wp-content/uploads/2024/06/3265475453004-300x300.jpg"
"barcode","زيت ليسيور 5 لتر زيت دوار الشمس","وحدة","3265477936000","39.99","","4","11","زيت ليسيور 5 لتر زيت دوار الشمس","40","وحدة","3265477936000","Lesieur Sunflower Oil 5l","الزيوت و السمنة","39.99","https://karaz.ps/shop/product/lesieur-sunflower-oil-5l/","https://karaz.ps/wp-content/uploads/2024/06/3265477936000-300x300.jpg"
"barcode","كريمة للطبيخ 250 مل تنوفا ","وحدة","7290004125721","9.99","","7","19","كريمة للطبيخ 250 مل تنوفا ","9","وحدة","7290004125721","Tnuva Cooking Cream 15% 250ml كريمة طبخ","الشوربات و مكوناتها","9.99","https://karaz.ps/shop/product/tnuva-cooking-cream-15-250ml-%d9%83%d8%b1%d9%8a%d9%85%d8%a9-%d8%b7%d8%a8%d8%ae/","https://karaz.ps/wp-content/uploads/2022/08/7290004125721-300x300.jpg"
"barcode","شوربة اوسم ماجي ","وحدة","7290100685136","18.99","","2","4","شوربة اوسم ماجي ","17","وحدة","7290100685136","Osem Seasoning Powder Chicken Flavor شوربة بطعم الدجاج 1K","الشوربات و مكوناتها","18.99","https://karaz.ps/shop/product/osem-seasoning-powder-chicken-flavor-%d8%b4%d9%88%d8%b1%d8%a8%d8%a9-%d8%a8%d8%b7%d8%b9%d9%85-%d8%a7%d9%84%d8%af%d8%ac%d8%a7%d8%ac-1k/","https://karaz.ps/wp-content/uploads/2022/07/7290100685136-300x300.jpg"
"barcode","ماجي شعيرية","وحدة","6294003589059","5.99","","3","8","ماجي شعيرية","5","وحدة","6294003589059","MAGGI CHICKEN NOODLE SOUP 60G شوربة ماجي بنكهة الدجاج بالشعيرية","الشوربات و مكوناتها","5.99","https://karaz.ps/shop/product/maggi-chicken-noodle-soup-60g-%d8%b4%d9%88%d8%b1%d8%a8%d8%a9-%d9%85%d8%a7%d8%ac%d9%8a-%d8%a8%d9%86%d9%83%d9%87%d8%a9-%d8%a7%d9%84%d8%af%d8%ac%d8%a7%d8%ac-%d8%a8%d8%a7%d9%84%d8%b4%d8%b9%d9%8a%d8%b1/","https://karaz.ps/wp-content/uploads/2022/07/6294003589059-300x300.jpg"
"barcode","اناناس 840 غرام","وحدة","024000012306","13.99","","2","4","اناناس 840 غرام","10","وحدة","024000012306","Del Monte Sliced Pineapple 840 g","معلبات","13.99","https://karaz.ps/shop/product/del-monte-sliced-pineapple-840-g/","https://karaz.ps/wp-content/uploads/2023/05/024000012306-300x300.jpg"
"barcode","فطر مشرح بوندي شيف ","وحدة","4587500236567","5.99","","2","4","فطر مشرح بوندي شيف ","7","وحدة","4587500236567","Bonde Chef Mushroom Pieces 400g فطر مقطع","معلبات","5.99","https://karaz.ps/shop/product/bonde-chef-mushroom-pieces-400g-%d9%81%d8%b7%d8%b1-%d9%85%d9%82%d8%b7%d8%b9/","https://karaz.ps/wp-content/uploads/2022/09/4587500236567-300x300.jpg"
"barcode","مشروم بوندي حبة كاملة 400 غم","وحدة","4875232001455","5.99","","2","4","مشروم بوندي حبة كاملة 400 غم","7","وحدة","4875232001455","Bonde Chef Mushroom Whole 400g فطر مطبوخ حبة كاملة","معلبات","5.99","https://karaz.ps/shop/product/bonde-chef-mushroom-whole-400g-%d9%81%d8%b7%d8%b1-%d9%85%d8%b7%d8%a8%d9%88%d8%ae-%d8%ad%d8%a8%d8%a9-%d9%83%d8%a7%d9%85%d9%84%d8%a9/","https://karaz.ps/wp-content/uploads/2022/09/4875232001455-300x300.jpg"
"barcode","زيتون اسود مع عجم عيدن","وحدة","7290005078200","7.99","","4","11","زيتون اسود مع عجم عيدن","7","وحدة","7290005078200","Eden Black Olives زيتون أسود عيدن 560g – مع عجم","السلطات والمخللات","7.99","https://karaz.ps/shop/product/eden-black-olives-%d8%b2%d9%8a%d8%aa%d9%88%d9%86-%d8%a3%d8%b3%d9%88%d8%af-%d8%b9%d9%8a%d8%af%d9%86-560g-%d9%85%d8%b9-%d8%b9%d8%ac%d9%85/","https://karaz.ps/wp-content/uploads/2022/06/7290005078200-300x300.jpg"
"barcode","مخلل فلفل عيدن","وحدة","7290005078194","4.99","","6","17","مخلل فلفل عيدن","5.5","وحدة","7290005078194","Eden Hot Pepper فلفل مكبوس عيدن 540g","السلطات والمخللات","4.99","https://karaz.ps/shop/product/eden-hot-pepper-%d9%81%d9%84%d9%81%d9%84-%d9%85%d9%83%d8%a8%d9%88%d8%b3-%d8%b9%d9%8a%d8%af%d9%86-540g/","https://karaz.ps/wp-content/uploads/2022/06/7290005078194-300x300.jpg"
"barcode","مخلل عدن 18ع25","وحدة","7290012453441","8.99","","6","17","مخلل عدن 18ع25","8","وحدة","7290012453441","Eden Cucumber Pickles In Brine مخلل خيار بالملح عيدن 670g – 18-25 حبة","السلطات والمخللات","8.99","https://karaz.ps/shop/product/eden-cucumber-pickles-in-brine-%d9%85%d8%ae%d9%84%d9%84-%d8%ae%d9%8a%d8%a7%d8%b1-%d8%a8%d8%a7%d9%84%d9%85%d9%84%d8%ad-%d8%b9%d9%8a%d8%af%d9%86-670g-18-25-%d8%ad%d8%a8%d8%a9/","https://karaz.ps/wp-content/uploads/2022/06/7290012453441-300x300.jpg"
"barcode","زيتون اخضر مع عجم عيدن","وحدة","7290012453427","6.99","","4","11","زيتون اخضر مع عجم عيدن","6.5","وحدة","7290012453427","Eden Green Olive زيتون أخضر مع عجم عيدن 540g","السلطات والمخللات","6.99","https://karaz.ps/shop/product/eden-green-olive-%d8%b2%d9%8a%d8%aa%d9%88%d9%86-%d8%a3%d8%ae%d8%b6%d8%b1-%d9%85%d8%b9-%d8%b9%d8%ac%d9%85-%d8%b9%d9%8a%d8%af%d9%86-540g/","https://karaz.ps/wp-content/uploads/2022/06/7290012453427-300x300.jpg"
"barcode","زيتون اسود بدون عجم","وحدة","7290005078255","7.99","","4","11","زيتون اسود بدون عجم","7.5","وحدة","7290005078255","Eden Black Olives زيتون أسود عيدن 560g – بدون عجم","السلطات والمخللات","7.99","https://karaz.ps/shop/product/eden-black-olives-%d8%b2%d9%8a%d8%aa%d9%88%d9%86-%d8%a3%d8%b3%d9%88%d8%af-%d8%b9%d9%8a%d8%af%d9%86-560g-%d8%a8%d8%af%d9%88%d9%86-%d8%b9%d8%ac%d9%85/","https://karaz.ps/wp-content/uploads/2022/06/7290005078255-300x300.jpg"
"barcode","حلاوة الهلال 350 غم","وحدة","7290011378356","12.99","","2","6","حلاوة الهلال 350 غم","12","وحدة","7290011378356","Al-Hilal Choco-Vanilla Halva 350g","التمور والعسل والحلاوة","12.99","https://karaz.ps/shop/product/al-hilal-choco-vanilla-halva-350g/","https://karaz.ps/wp-content/uploads/2023/10/7290011378356-small.jpg"
"barcode","حلاوة الهلال قطع 400 غم","وحدة","7290011378837","12.99","","2","6","حلاوة الهلال قطع 400 غم","14","وحدة","7290011378837","Al-Hilal Choco-Vanilla Halva 400g","التمور والعسل والحلاوة","12.99","https://karaz.ps/shop/product/al-hilal-choco-vanilla-halva-400g/","https://karaz.ps/wp-content/uploads/2023/10/7290011378837-small.jpg"
"barcode","حلاوة الهلال 750 غم ","وحدة","7290011378370","16.99","","2","6","حلاوة الهلال 750 غم ","20","وحدة","7290011378370","Al-Hilal Vanilla Halva 700g","التمور والعسل والحلاوة","16.99","https://karaz.ps/shop/product/al-hilal-vanilla-halva-700g-2/","https://karaz.ps/wp-content/uploads/2023/10/7290011378370-small.jpg"
"barcode","عجوة اصالة 1 كغم","وحدة","6291100213368","15.99","","2","6","عجوة اصالة 1 كغم","17","وحدة","6291100213368","Date Crown Asalah Date Paste عجوة تمر أصالة 1kg","التمور والعسل والحلاوة","15.99","https://karaz.ps/shop/product/date-crown-asalah-date-paste-%d8%b9%d8%ac%d9%88%d8%a9-%d8%aa%d9%85%d8%b1-%d8%a3%d8%b5%d8%a7%d9%84%d8%a9-1kg/","https://karaz.ps/wp-content/uploads/2023/04/6291100213368-300x300.jpg"
"barcode","سيزر سلطة امريكن جاردنز","وحدة","717273504851","23.99","","17","43","سيزر سلطة امريكن جاردنز","22","وحدة","717273504851","American Garden Creamy Caesar Dressing & Dip 473g","توابل و صلصة","23.99","https://karaz.ps/shop/product/american-garden-creamy-caesar-dressing-dip-473g/","https://karaz.ps/wp-content/uploads/2022/10/717273504851-300x300.jpg"
"barcode","باريلا صلصة بندورة 400 غرام بصل","وحدة","8076809513692","11.99","","17","43","باريلا صلصة بندورة 400 غرام بصل","10","وحدة","8076809513692","Barilla Napoletana With Mediterranean Herbs 400g","توابل و صلصة","11.99","https://karaz.ps/shop/product/barilla-napoletana-with-mediterranean-herbs-400g/","https://karaz.ps/wp-content/uploads/2022/08/8076809513692-300x300.jpg"
"barcode","باريلا صلصة البندورة 400 غم اربياتا","وحدة","8076809513388","11.99","","7","21","باريلا صلصة البندورة 400 غم اربياتا","10","وحدة","8076809513388","Barilla Arrabbiata With Chilli Peppers 400g","توابل و صلصة","11.99","https://karaz.ps/shop/product/barilla-arrabbiata-with-chilli-peppers-400g/","https://karaz.ps/wp-content/uploads/2022/08/8076809513388-300x300.jpg"
"barcode","صويا صوص لايت اسيا","وحدة","7290012911088","16.99","","17","43","صويا صوص لايت اسيا","17","وحدة","7290012911088","Taste Of Asia Light Soy Sauce 500ml","توابل و صلصة","16.99","https://karaz.ps/shop/product/taste-of-asia-light-soy-sauce-500ml/","https://karaz.ps/wp-content/uploads/2022/08/7290012911088-300x300.jpg"
"barcode","سويت تشيلي 700غم","وحدة","7290011996109","15.99","","17","43","سويت تشيلي 700غم","15","وحدة","7290011996109","Taste Of Asia Sweet Chili Sauce 700ml","توابل و صلصة","15.99","https://karaz.ps/shop/product/taste-of-asia-sweet-chili-sauce-700ml/","https://karaz.ps/wp-content/uploads/2022/08/7290011996109-300x300.jpg"
"barcode","فول صويا امبورج ","وحدة","5704025030220","17.99","","10","27","فول صويا امبورج ","16","وحدة","5704025030220","Emborg Edamame Beans 400g","المفرزات","17.99","https://karaz.ps/shop/product/emborg-edamame-beans-400g/","https://karaz.ps/wp-content/uploads/2024/06/5704025030220-300x300.jpg"
"barcode","توت ازرق حلو 400 غم","وحدة","5704025030909","24.99","","10","27","توت ازرق حلو 400 غم","22","وحدة","5704025030909","Emborg Blueberries 400g","المفرزات","24.99","https://karaz.ps/shop/product/emborg-summer-blueberries-400g/","https://karaz.ps/wp-content/uploads/2024/06/5704025030909-300x300.jpg"
"barcode","فول اخضر امبورج ","وحدة","5701215058361","9.99","","10","27","فول اخضر امبورج ","9","وحدة","5701215058361","Emborg Broad Beans 450 g","المفرزات","9.99","https://karaz.ps/shop/product/emborg-broad-beans-450-g/","https://karaz.ps/wp-content/uploads/2024/06/5701215058361-300x300.jpg"
"barcode","بطاطا مقطع 1 كيلو","وحدة","5704025022348","17.99","","10","27","بطاطا مقطع 1 كيلو","16","وحدة","5704025022348","Emborg French Fries Straight 1kg","المفرزات","17.99","https://karaz.ps/shop/product/emborg-french-fries-straight-1kg/","https://karaz.ps/wp-content/uploads/2024/06/5704025022348-300x300.jpg"
"barcode","سموذي فواكة امبورج ","وحدة","5704025036208","21.99","","10","27","سموذي فواكة امبورج ","20","وحدة","5704025036208","Emborg Crispy Battered Onion Rings 450gm","المفرزات","21.99","https://karaz.ps/shop/product/emborg-crispy-battered-onion-rings-450gm/","https://karaz.ps/wp-content/uploads/2024/06/5704025036208-300x300.jpg"
"barcode","توت اسود 300 غم","وحدة","5704025036581","20.99","","10","27","توت اسود 300 غم","20","وحدة","5704025036581","Emborg Blackberries 300g","المفرزات","20.99","https://karaz.ps/shop/product/emborg-summer-blackberries-300g/","https://karaz.ps/wp-content/uploads/2024/06/5704025036581-300x300.jpg"
"barcode","خليط بروكلي امبورج ","وحدة","5701215058484","17.99","","10","27","خليط بروكلي امبورج ","16","وحدة","5701215058484","Emborg Brocolli Mix 750 g","المفرزات","17.99","https://karaz.ps/shop/product/emborg-brocolli-mix-750-g/","https://karaz.ps/wp-content/uploads/2024/06/5701215058484-300x300.jpg"
"barcode","خضروات منوعة لمبورغ","وحدة","5701215058323","9.99","","10","27","خضروات منوعة لمبورغ","8","وحدة","5701215058323","Emborg Mixed Vegetables 450g","المفرزات","9.99","https://karaz.ps/shop/product/emborg-mixed-vegetables-400g/","https://karaz.ps/wp-content/uploads/2024/06/5701215058323-300x300.jpg"
"barcode","بزيلا وجزر امبورج450 غم","وحدة","5701215058347","9.99","","10","27","بزيلا وجزر امبورج450 غم","8","وحدة","5701215058347","Emborg Peas & Carrots 450g","المفرزات","9.99","https://karaz.ps/shop/product/emborg-peas-carrots-450g/","https://karaz.ps/wp-content/uploads/2024/06/5701215058347-300x300.jpg"
"barcode","بطاطا زازي لمبورج ١ كيلو","وحدة","5704025022331","16.99","","10","27","بطاطا زازي لمبورج ١ كيلو","16","وحدة","5704025022331","Emborg Crinkle Cut Fries 1kg","المفرزات","16.99","https://karaz.ps/shop/product/emborg-crinkle-cut-fries-1kg/","https://karaz.ps/wp-content/uploads/2024/06/5704025022331-300x300.jpg"
"barcode","فاصولياء خضراء امبورج","وحدة","5701215058378","9.99","","10","27","فاصولياء خضراء امبورج","8","وحدة","5701215058378","Emborg Cut Beans 450g","المفرزات","9.99","https://karaz.ps/shop/product/emborg-cut-beans-450g/","https://karaz.ps/wp-content/uploads/2024/06/5701215058378-300x300.jpg"
"barcode","بازيلاء لمبورج 450 غم","وحدة","5701215058330","10.99","","10","27","بازيلاء لمبورج 450 غم","8","وحدة","5701215058330","Emborg Garden Peas 450g","المفرزات","10.99","https://karaz.ps/shop/product/emborg-garden-peas-450g/","https://karaz.ps/wp-content/uploads/2024/06/5701215058330-300x300.jpg"
"barcode","سبانخ مقطع امبورج ","وحدة","5701215058422","7.99","","10","27","سبانخ مقطع امبورج ","7","وحدة","5701215058422","Emborg Chopped Spinach 450 g","المفرزات","7.99","https://karaz.ps/shop/product/emborg-chopped-spinach-450-g/","https://karaz.ps/wp-content/uploads/2024/06/5701215058422-300x300.jpg"
"barcode","ملوخية 400 غم السلام","وحدة","8710679000431","6.99","karaz_price_adopted_latest","10","27","ملوخية 400 غم السلام","6","وحدة","8710679000431","Farm Frites Molokhia (Minced) 400g ملوخية مفرومة","خضار مجمدة","6.99","https://karaz.ps/shop/product/farm-frites-molokhia-minced-400g-%d9%85%d9%84%d9%88%d8%ae%d9%8a%d8%a9-%d9%85%d9%81%d8%b1%d9%88%d9%85%d8%a9/","https://karaz.ps/wp-content/uploads/2022/06/8710679000431-300x300.jpg"
"barcode","بامية 400 غم السلام","وحدة","6223001755050","9.99","karaz_price_adopted_latest","10","27","بامية 400 غم السلام","8","وحدة","6223001755050","Farm Frites Okra Extra 400g","خضار مجمدة","9.99","https://karaz.ps/shop/product/farm-frites-corne-grecque-extra-fine-%d8%a8%d8%a7%d9%85%d9%8a%d8%a9-%d8%a7%d9%83%d8%b3%d8%aa%d8%b1%d8%a7-400g/","https://karaz.ps/wp-content/uploads/2022/06/6223001755050-300x300.jpg"
"barcode","بازيلا مع جزر من فروست","وحدة","7290000104881","13.99","karaz_price_adopted_latest","10","27","بازيلا مع جزر من فروست","10","وحدة","7290000104881","Tnuva Frozen Peas And Carrots بازيلاء و جزر مفرزة تنوفا 800g","خضار مجمدة","13.99","https://karaz.ps/shop/product/tnuva-frozen-peas-and-carrots-%d8%a8%d8%a7%d8%b2%d9%8a%d9%84%d8%a7%d8%a1-%d9%88-%d8%ac%d8%b2%d8%b1-%d9%85%d9%81%d8%b1%d8%b2%d8%a9-%d8%aa%d9%86%d9%88%d9%81%d8%a7-800g/","https://karaz.ps/wp-content/uploads/2022/06/7290000104881-300x300.jpg"
"barcode","توت العليق لمبورج300غم","وحدة","5704025033580","27.99","karaz_price_adopted_latest","10","27","توت العليق لمبورج300غم","25","وحدة","5704025033580","Emborg Raspberries 300g","فاكهة مجمدة","27.99","https://karaz.ps/shop/product/emborg-summer-raspberries-300g/","https://karaz.ps/wp-content/uploads/2024/06/5704025033580-300x300.jpg"
"barcode","بطاطا شوسترنج 1 كيلو","وحدة","5704025022324","17.99","","10","27","بطاطا شوسترنج 1 كيلو","16","وحدة","5704025022324","Emborg French Fries Shoestring 1kg","البطاطا والبصل المجمد","17.99","https://karaz.ps/shop/product/emborg-french-fries-shoestring-1kg/","https://karaz.ps/wp-content/uploads/2024/06/5704025022324-300x300.jpg"
"barcode","بطاطا وجز مبهرة 750غم","وحدة","5412873162863","14.99","","10","27","بطاطا وجز مبهرة 750غم","12","وحدة","5412873162863","Chef’s Excellence Fries Seasoned With Herbs 750g","البطاطا والبصل المجمد","14.99","https://karaz.ps/shop/product/chefs-excellence-fries-seasoned-with-herbs-750g/","https://karaz.ps/wp-content/uploads/2022/08/5412873162863-300x300.jpg"
"barcode","بطاطا طابات 700 غم اوسم","وحدة","7290011860271","20.99","","10","27","بطاطا طابات 700 غم اوسم","20","وحدة","7290011860271","Tapugan Coated Potato Balls 700g كرات البطاطا المغطاه","البطاطا والبصل المجمد","20.99","https://karaz.ps/shop/product/tapugan-coated-potato-balls-700g-%d9%83%d8%b1%d8%a7%d8%aa-%d8%a7%d9%84%d8%a8%d8%b7%d8%a7%d8%b7%d8%a7-%d8%a7%d9%84%d9%85%d8%ba%d8%b7%d8%a7%d9%87/","https://karaz.ps/wp-content/uploads/2022/06/7290011860271-300x300.jpg"
"barcode","بصل حلقات  تابوغان 700غم","وحدة","7290000334684","21.99","","10","27","بصل حلقات  تابوغان 700غم","22","وحدة","7290000334684","Tapugan Onion Rings 700g حلقات البصل","البطاطا والبصل المجمد","21.99","https://karaz.ps/shop/product/tapugan-onion-rings-700g-%d8%ad%d9%84%d9%82%d8%a7%d8%aa-%d8%a7%d9%84%d8%a8%d8%b5%d9%84/","https://karaz.ps/wp-content/uploads/2022/06/7290000334684-300x300.jpg"
"barcode","شنيئسل اصابع  تنوفا","وحدة","7290008409100","31.99","","26","68","شنيئسل اصابع  تنوفا","27","وحدة","7290008409100","Tnuva chicken fingers with sesame 700g","الشنيتسل","31.99","https://karaz.ps/shop/product/mama-of-shnitsel-fingers-with-sesame-700g-%d8%b4%d9%86%d9%8a%d8%aa%d8%b3%d9%84-%d8%a7%d8%b5%d8%a7%d8%a8%d8%b9-%d8%af%d8%ac%d8%a7%d8%ac/","https://karaz.ps/wp-content/uploads/2022/06/7290008409100-300x300.jpg"
"barcode","بيتزا ايطاليا مارجريتا 900 غرام","وحدة","8013307204233","44.99","","10","29","بيتزا ايطاليا مارجريتا 900 غرام","30","وحدة","8013307204233","Mama Mia Pizza Margherita Frozen 900g","عجين و مقبلات مفرزة","44.99","https://karaz.ps/shop/product/mama-mia-pizza-margherita-frozen-900g/","https://karaz.ps/wp-content/uploads/2022/11/8013307204233-300x300.jpg"
"barcode","بوريقس بطاطا","وحدة","7290002327042","17.99","","10","29","بوريقس بطاطا","19","وحدة","7290002327042","Neto Potato Burekas بوريكس بطاطا 800g","عجين و مقبلات مفرزة","17.99","https://karaz.ps/shop/product/neto-potato-burekas-%d8%a8%d9%88%d8%b1%d9%8a%d9%83%d8%b3-%d8%a8%d8%b7%d8%a7%d8%b7%d8%a7-800g/","https://karaz.ps/wp-content/uploads/2022/06/7290002327042-300x300.jpg"
"barcode","سجاير بطاطا 600 غم نيتو","وحدة","7290008335584","17.99","","10","29","سجاير بطاطا 600 غم نيتو","15","وحدة","7290008335584","Neto Potato Cigarette Borek بوريكس اصابع محشوة بالبطاطا 600g","عجين و مقبلات مفرزة","17.99","https://karaz.ps/shop/product/neto-potato-cigarette-borek-%d8%a8%d9%88%d8%b1%d9%8a%d9%83%d8%b3-%d8%a7%d8%b5%d8%a7%d8%a8%d8%b9-%d9%85%d8%ad%d8%b4%d9%88%d8%a9-%d8%a8%d8%a7%d9%84%d8%a8%d8%b7%d8%a7%d8%b7%d8%a7-600g/","https://karaz.ps/wp-content/uploads/2022/06/7290008335584-300x300.jpg"
"barcode","سجاير لحم 600 غم نينو","وحدة","7290008335560","17.99","","10","29","سجاير لحم 600 غم نينو","15","وحدة","7290008335560","Neto Meat Cigarette Borek بوريكس اصابع محشوة باللحم 600g","عجين و مقبلات مفرزة","17.99","https://karaz.ps/shop/product/neto-meat-cigarette-borek-%d8%a8%d9%88%d8%b1%d9%8a%d9%83%d8%b3-%d8%a7%d8%b5%d8%a7%d8%a8%d8%b9-%d9%85%d8%ad%d8%b4%d9%88%d8%a9-%d8%a8%d8%a7%d9%84%d9%84%d8%ad%d9%85-600g/","https://karaz.ps/wp-content/uploads/2022/06/7290008335560-300x300.jpg"
"barcode","جمبري 500  غم احمر سي فود ","وحدة","7290010679553","34.99","karaz_price_adopted_latest","10","27","جمبري 500  غم احمر سي فود ","35","وحدة","7290010679553","See Food Express Cooked Shrimp 500g جمبري مقشر ومطبوخ ومجمد","لحوم و أسماك مجمدة","34.99","https://karaz.ps/shop/product/see-food-express-cooked-shrimp-500g-%d8%ac%d9%85%d8%a8%d8%b1%d9%8a-%d9%85%d9%82%d8%b4%d8%b1-%d9%88%d9%85%d8%b7%d8%a8%d9%88%d8%ae-%d9%88%d9%85%d8%ac%d9%85%d8%af/","https://karaz.ps/wp-content/uploads/2022/06/7290010679553-300x300.jpg"
"barcode","بيبي شرم 500 غم","وحدة","7290010679034","31.99","karaz_price_adopted_latest","10","27","بيبي شرم 500 غم","34","وحدة","7290010679034","Seafood Express جمبري شريمب مطبوخ Cooked Shrimp 500g","لحوم و أسماك مجمدة","31.99","https://karaz.ps/shop/product/seafood-express-%d8%ac%d9%85%d8%a8%d8%b1%d9%8a-%d8%b4%d8%b1%d9%8a%d9%85%d8%a8-%d9%85%d8%b7%d8%a8%d9%88%d8%ae-cooked-shrimp-500g/","https://karaz.ps/wp-content/uploads/2022/06/7290010679034-300x300.jpg"
"barcode","حلقات كلماري 500 غم","وحدة","7290010679027","31.99","karaz_price_adopted_latest","10","27","حلقات كلماري 500 غم","35","وحدة","7290010679027","Seafood Express Calamari 500g","لحوم و أسماك مجمدة","31.99","https://karaz.ps/shop/product/seafood-express-cooked-calamari-rings-500g-%d9%83%d9%84%d8%a7%d9%85%d8%a7%d8%b1%d9%8a-%d9%85%d8%b7%d8%a8%d9%88%d8%ae-%d8%ad%d9%84%d9%82%d8%a7%d8%aa/","https://karaz.ps/wp-content/uploads/2022/06/7290010679027-300x300.jpg"
"barcode","بوظة فانيلا 500 غم","وحدة","72986370","29.99","","13","35","بوظة فانيلا 500 غم","28","وحدة","72986370","Ben & Jerry’s Vanilla بوظة بين اند جيري 500ml","البوظة","29.99","https://karaz.ps/shop/product/ben-jerrys-vanilla-%d8%a8%d9%88%d8%b8%d8%a9-%d8%a8%d9%8a%d9%86-%d8%a7%d9%86%d8%af-%d8%ac%d9%8a%d8%b1%d9%8a-500ml/","https://karaz.ps/wp-content/uploads/2022/06/72986370-300x300.jpg"
"barcode","مسكة عربية الشيخ قاسم ","وحدة","5202772111129","13.99","","11","32","مسكة عربية الشيخ قاسم ","12","وحدة","5202772111129","Mestka مستكة 10g","البقوليات و البذور","13.99","https://karaz.ps/shop/product/mestka-%d9%85%d8%b3%d8%aa%d9%83%d8%a9-10g/","https://karaz.ps/wp-content/uploads/2022/07/5202772111129-300x300.jpg"
"barcode","قمر الدين الجمل 400 غم","وحدة","2170000081168","9.99","karaz_price_adopted_latest","26","68","قمر الدين الجمل 400 غم","10","وحدة","2170000081168","Camel Dried Apricot Paste قمر الدين اكسترا 400g","الفاكهة المجففة","9.99","https://karaz.ps/shop/product/camel-dried-apricot-paste-%d9%82%d9%85%d8%b1-%d8%a7%d9%84%d8%af%d9%8a%d9%86-%d8%a7%d9%83%d8%b3%d8%aa%d8%b1%d8%a7-400g/","https://karaz.ps/wp-content/uploads/2022/06/2170000081168-300x300.jpg"
"barcode","بهار ساسون ","وحدة","041331037761","31.99","","17","44","بهار ساسون ","17","وحدة","041331037761","Goya Sazon Coriander & Annatto تتبيلة بهارات بالبذور والكزبرة 180g","بهارات و توابل","31.99","https://karaz.ps/shop/product/goya-sazon-coriander-annatto-%d8%aa%d8%aa%d8%a8%d9%8a%d9%84%d8%a9-%d8%a8%d9%87%d8%a7%d8%b1%d8%a7%d8%aa-%d8%a8%d8%a7%d9%84%d8%a8%d8%b0%d9%88%d8%b1-%d9%88%d8%a7%d9%84%d9%83%d8%b2%d8%a8%d8%b1%d8%a9/","https://karaz.ps/wp-content/uploads/2022/06/041331037761-300x300.jpg"
"barcode","كزبرة مطحون صالح خلف ","وحدة","6253500660470","5.99","","17","44","كزبرة مطحون صالح خلف ","5","وحدة","6253500660470","صالح خلف كزبرة مطحونة 100g","بهارات و توابل","5.99","https://karaz.ps/shop/product/%d8%b5%d8%a7%d9%84%d8%ad-%d8%ae%d9%84%d9%81-%d9%83%d8%b2%d8%a8%d8%b1%d8%a9-%d9%85%d8%b7%d8%ad%d9%88%d9%86%d8%a9-100g/","https://karaz.ps/wp-content/uploads/2022/06/6253500660470-300x300.jpg"
"barcode","هال حب صالح خلف","وحدة","6253500660616","12.99","","17","44","هال حب صالح خلف","16","وحدة","6253500660616","صالح خلف هال حب 80g","بهارات و توابل","12.99","https://karaz.ps/shop/product/%d8%b5%d8%a7%d9%84%d8%ad-%d8%ae%d9%84%d9%81-%d9%87%d8%a7%d9%84-%d8%ad%d8%a8-80g/","https://karaz.ps/wp-content/uploads/2022/06/6253500660616-300x300.jpg"
"barcode","بهار صالح خلف - 8","وحدة","6253500660388","7.99","","17","44","بهار صالح خلف - 8","8","وحدة","6253500660388","صالح خلف بهار قدرة 100g","بهارات و توابل","7.99","https://karaz.ps/shop/product/%d8%b5%d8%a7%d9%84%d8%ad-%d8%ae%d9%84%d9%81-%d8%a8%d9%87%d8%a7%d8%b1-%d9%82%d8%af%d8%b1%d8%a9-100g/","https://karaz.ps/wp-content/uploads/2022/06/6253500660388-300x300.jpg"
"barcode","ايس كوفي لانديسو ","وحدة","9004380071606","5.99","","15","39","ايس كوفي لانديسو ","5","وحدة","9004380071606","Landessa Ice Coffee Vanilla 230ml","المشروبات","5.99","https://karaz.ps/shop/product/landessa-ice-coffee-vanilla-230ml/","https://karaz.ps/wp-content/uploads/2024/06/9004380071606-300x300.jpg"
"barcode","مشروب بذور الريحان","وحدة","8936143037219","3.99","","15","39","مشروب بذور الريحان","4","وحدة","8936143037219","Vinut Basil Seed Cocktail Juice 290ml","المشروبات","3.99","https://karaz.ps/shop/product/vinut-basil-seed-cocktail-juice-290ml/","https://karaz.ps/wp-content/uploads/2024/06/8936143037219-300x300.jpg"
"barcode","صودا تركيا","وحدة","8690723511208","2.5","","9","26","صودا تركيا","2","وحدة","8690723511208","ULUDAG SODA WATER 200ML","المياه","2.5","https://karaz.ps/shop/product/uludag-soda-water-200ml/","https://karaz.ps/wp-content/uploads/2022/06/8690723511208-300x300.jpg"
"barcode","نستلي 330 مل","وحدة","6253501790299","12.99","","9","26","نستلي 330 مل","12","وحدة","6253501790299","Nestle Water Pack صندوق مياه معدنية نستلة 330ملل عدد 12","المياه","12.99","https://karaz.ps/shop/product/nestle-water-pack-%d8%b5%d9%86%d8%af%d9%88%d9%82-%d9%85%d9%8a%d8%a7%d9%87-%d9%85%d8%b9%d8%af%d9%86%d9%8a%d8%a9-%d9%86%d8%b3%d8%aa%d9%84%d8%a9-330%d9%85%d9%84%d9%84-%d8%b9%d8%af%d8%af-12/","https://karaz.ps/wp-content/uploads/2022/06/6253501790299-300x300.jpg"
"barcode","عصير فانر 1 لتر ","وحدة","9006900221003","11.99","","15","40","عصير فانر 1 لتر ","9","وحدة","9006900221003","Pfanner Guava Juice 1l","العصائر","11.99","https://karaz.ps/shop/product/pfanner-guava-juice-1l/","https://karaz.ps/wp-content/uploads/2022/08/9006900221003-300x300.jpg"
"barcode","شاي بارد اريزونا ","وحدة","613008725778","9.99","","15","40","شاي بارد اريزونا ","10","وحدة","613008725778","Arizona Watermelon Juice 591ml","العصائر","9.99","https://karaz.ps/shop/product/arizona-watermelon-juice-591ml/","https://karaz.ps/wp-content/uploads/2022/08/613008725778-300x300.jpg"
"barcode","صودا ايس خالي من السكر","وحدة","016571910303","9.99","","15","39","صودا ايس خالي من السكر","10","وحدة","016571910303","Sparkling Ice Black Raspberry Sparkling Water 502ml","المشروبات الغازية","9.99","https://karaz.ps/shop/product/sparkling-ice-black-raspberry-sparkling-water-502ml/","https://karaz.ps/wp-content/uploads/2022/12/016571910303-300x300.jpg"
"barcode","صودا ايس خالي من السكر","وحدة","016571950842","9.99","","15","39","صودا ايس خالي من السكر","10","وحدة","016571950842","Sparkling Ice Cherry Limeade Sparkling Water 502ml","المشروبات الغازية","9.99","https://karaz.ps/shop/product/sparkling-ice-cherry-limeade-sparkling-water-502ml/","https://karaz.ps/wp-content/uploads/2022/12/016571950842-300x300.jpg"
"barcode","شويبس جينجر","وحدة","7290008757003","7.99","","15","39","شويبس جينجر","7","وحدة","7290008757003","Schweppes Ginger Ale 250ml","المشروبات الغازية","7.99","https://karaz.ps/shop/product/schweppes-ginger-ale-250ml/","https://karaz.ps/wp-content/uploads/2022/10/7290008757003-300x300.jpg"
"barcode","جرين كولا كرز","وحدة","5206542007483","3.99","","15","39","جرين كولا كرز","3","وحدة","5206542007483","Green Sour Cherry 330ml","المشروبات الغازية","3.99","https://karaz.ps/shop/product/green-sour-cherry-330ml/","https://karaz.ps/wp-content/uploads/2022/09/5206542007483-300x300.jpg"
"barcode","ريد بول بدون سكر","وحدة","90162800","6.99","","15","41","ريد بول بدون سكر","6","وحدة","90162800","Redbull Energy Drink Sugar Free 250ml","مشروبات الطاقة","6.99","https://karaz.ps/shop/product/redbull-energy-drink-sugar-free-250ml/","https://karaz.ps/wp-content/uploads/2022/10/90162800-300x300.jpg"
"barcode","بلو 250 مل","وحدة","5904941751524","3.5","","15","41","بلو 250 مل","4","وحدة","5904941751524","Blu Energy Drink Watermelon 250ml","مشروبات الطاقة","3.5","https://karaz.ps/shop/product/blu-energy-drink-watermelon-250ml/","https://karaz.ps/wp-content/uploads/2022/07/5904941751524-300x300.jpg"
"barcode","بلو دي","وحدة","5904941751302","3.5","","15","41","بلو دي","4","وحدة","5904941751302","Blu Energy Drink 250ml","مشروبات الطاقة","3.5","https://karaz.ps/shop/product/blu-energy-drink-250-ml/","https://karaz.ps/wp-content/uploads/2022/06/5904941751302-300x300.jpg"
"barcode","اكس ال - XL","وحدة","5906485301012","3.99","","15","41","اكس ال - XL","4","وحدة","5906485301012","XL مشروب الطاقة إكس إل 250ml","مشروبات الطاقة","3.99","https://karaz.ps/shop/product/xl-%d9%85%d8%b4%d8%b1%d9%88%d8%a8-%d8%a7%d9%84%d8%b7%d8%a7%d9%82%d8%a9-%d8%a5%d9%83%d8%b3-%d8%a5%d9%84-250ml/","https://karaz.ps/wp-content/uploads/2022/06/5906485301012-300x300.jpg"
"barcode","ريد بول ","وحدة","90162602","5.99","","15","41","ريد بول ","6","وحدة","90162602","Red Bull مشروب الطاقة ريد بول 250ml","مشروبات الطاقة","5.99","https://karaz.ps/shop/product/red-bull-%d9%85%d8%b4%d8%b1%d9%88%d8%a8-%d8%a7%d9%84%d8%b7%d8%a7%d9%82%d8%a9-%d8%b1%d9%8a%d8%af-%d8%a8%d9%88%d9%84-250ml/","https://karaz.ps/wp-content/uploads/2022/06/90162602-300x300.jpg"
"barcode","مشروب جيتو رد ","وحدة","052000328684","8.99","","15","41","مشروب جيتو رد ","8","وحدة","052000328684","Gatorade Lemon Lime 591ml","مشروبات الطاقة","8.99","https://karaz.ps/shop/product/gatorade-series-perform-591-ml/","https://karaz.ps/wp-content/uploads/2022/06/052000328684-300x300.jpg"
"barcode","برو 25","وحدة","7290110568276","8.99","","7","19","برو 25","8","وحدة","7290110568276","Strauss Extra Pro Vanilla 350ml","مشروبات مشتقات الحليب","8.99","https://karaz.ps/shop/product/strauss-extra-pro-vanilla-350ml/","https://karaz.ps/wp-content/uploads/2022/07/7290110568276-300x300.jpg"
"barcode","بروتين شتراوس شرب ","وحدة","7290112343420","8.99","","7","19","بروتين شتراوس شرب ","8","وحدة","7290112343420","STTRAUSS OAT & BANANA PROTIEN 1.7% 350ML","مشروبات مشتقات الحليب","8.99","https://karaz.ps/shop/product/sttrauss-oat-banana-protien-1-7-350ml/","https://karaz.ps/wp-content/uploads/2022/07/7290112343420-300x300.jpg"
"barcode","مارس مشروب شوكلاته","وحدة","5056357900444","12.99","","7","19","مارس مشروب شوكلاته","10","وحدة","5056357900444","Mars Chocolate Milk Shake Drink 350ml","مشروبات مشتقات الحليب","12.99","https://karaz.ps/shop/product/mars-drink-350ml/","https://karaz.ps/wp-content/uploads/2022/06/5056357900444-300x300.jpg"
"barcode","جلاكسي مشروب شوكلاته","وحدة","5056357900406","12.99","","7","19","جلاكسي مشروب شوكلاته","10","وحدة","5056357900406","GALAXY DRINK 350ML","مشروبات مشتقات الحليب","12.99","https://karaz.ps/shop/product/galaxy-drink-350ml/","https://karaz.ps/wp-content/uploads/2022/06/5056357900406-300x300.jpg"
"barcode","صافيو موز ","وحدة","6281022151251","3.5","","7","19","صافيو موز ","3","وحدة","6281022151251","Safio Immunity Booster Banana 110g","مشروبات مشتقات الحليب","3.5","https://karaz.ps/shop/product/safio-immunity-booster-banana-110g/","https://karaz.ps/wp-content/uploads/2022/12/6281022151251-300x300.jpg"
"barcode","صافيو فراولة ","وحدة","6281022151237","2.99","","7","19","صافيو فراولة ","3","وحدة","6281022151237","Safio Immunity Booster Strawberry 110g","مشروبات مشتقات الحليب","2.99","https://karaz.ps/shop/product/safio-immunity-booster-strawberry-110g/","https://karaz.ps/wp-content/uploads/2022/12/6281022151237-300x300.jpg"
"barcode","صافي عيران 360 مل ","وحدة","6281022110074","3.99","","7","19","صافي عيران 360 مل ","3","وحدة","6281022110074","Alsafi Ayran 360ml","مشروبات مشتقات الحليب","3.99","https://karaz.ps/shop/product/alsafi-ayran-360ml/","https://karaz.ps/wp-content/uploads/2022/12/6281022110074-300x300.jpg"
"barcode","كي دي دي بالفرولة","وحدة","6271002190318","1.99","","7","19","كي دي دي بالفرولة","1","وحدة","6271002190318","KDD Strawberry Milk 180g","مشروبات مشتقات الحليب","1.99","https://karaz.ps/shop/product/kdd-strawberry-milk-180g/","https://karaz.ps/wp-content/uploads/2022/10/6271002190318-300x300.jpg"
"barcode","كي دي دي بالموز","وحدة","6271002190110","1.99","","7","19","كي دي دي بالموز","2","وحدة","6271002190110","KDD Banana Milk 180ml","مشروبات مشتقات الحليب","1.99","https://karaz.ps/shop/product/kdd-banana-milk-180ml/","https://karaz.ps/wp-content/uploads/2022/10/6271002190110-300x300.jpg"
"barcode","كي دي دي حليب الشوكولاتة ","وحدة","6271002190219","1.99","","7","19","كي دي دي حليب الشوكولاتة ","2","وحدة","6271002190219","KDD Chocolate Milk 180ml","مشروبات مشتقات الحليب","1.99","https://karaz.ps/shop/product/kdd-chocolate-milk-180ml/","https://karaz.ps/wp-content/uploads/2022/10/6271002190219-300x300.jpg"
"barcode","حليب لوز","وحدة","041570113080","21.99","","7","19","حليب لوز","20","وحدة","041570113080","Blue Diamond Almond Untweeted Vanilla flowered 1l","مشروبات مشتقات الحليب","21.99","https://karaz.ps/shop/product/blue-diamond-almond-untweeted-vanilla-flowered-1l/","https://karaz.ps/wp-content/uploads/2022/10/041570113080-300x300.jpg"
"barcode","شوكو كادبوري","وحدة","7622210821959","13.99","","18","47","شوكو كادبوري","11","وحدة","7622210821959","Cadbury Hot Cocoa 3In1 300g","منتجات القهوة والكاكاو","13.99","https://karaz.ps/shop/product/cadbury-hot-cocoa-3in1-300g/","https://karaz.ps/wp-content/uploads/2022/10/7622210821959-300x300.jpg"
"barcode","شوكو قناني صغير","وحدة","7290003029433","6.99","","18","47","شوكو قناني صغير","6","وحدة","7290003029433","Strauss Chocolate Milk 250ml شوكو شتراوس","منتجات القهوة والكاكاو","6.99","https://karaz.ps/shop/product/strauss-flavored-milk-drink-%d9%85%d8%b4%d8%b1%d9%88%d8%a8-%d8%a7%d9%84%d8%ad%d9%84%d9%8a%d8%a8-%d8%a8%d8%a7%d9%84%d9%86%d9%83%d9%87%d8%a7%d8%aa-250ml-%d9%86%d9%83%d9%87%d8%a9-%d8%a7%d9%84%d8%b4/","https://karaz.ps/wp-content/uploads/2022/09/7290003029433-300x300.jpg"
"barcode","تاسكو- قهوة باردة","وحدة","8854419001507","3.99","","18","47","تاسكو- قهوة باردة","4","وحدة","8854419001507","Tasco Iced Coffee 180ml تاسكو قهوة باردة","منتجات القهوة والكاكاو","3.99","https://karaz.ps/shop/product/tasco-iced-coffee-180ml-%d8%aa%d8%a7%d8%b3%d9%83%d9%88-%d9%82%d9%87%d9%88%d8%a9-%d8%a8%d8%a7%d8%b1%d8%af%d8%a9/","https://karaz.ps/wp-content/uploads/2022/06/8854419001507-300x300.jpg"
"barcode","ايس كوفي ريو ","وحدة","6653075542605","2.99","","18","47","ايس كوفي ريو ","4","وحدة","6653075542605","Rio Iced Coffee 180ml","منتجات القهوة والكاكاو","2.99","https://karaz.ps/shop/product/rio-iced-coffee-180ml/","https://karaz.ps/wp-content/uploads/2022/06/6653075542605-300x300.jpg"
"barcode","نسكافية ديفدوف","وحدة","4006067084300","25.99","","18","47","نسكافية ديفدوف","25","وحدة","4006067084300","Davidoff Cafe Fine Aroma 100g","منتجات القهوة والكاكاو","25.99","https://karaz.ps/shop/product/davidoff-%d9%82%d9%87%d9%88%d8%a9-100g-fine-aroma/","https://karaz.ps/wp-content/uploads/2022/06/4006067084300-300x300.jpg"
"barcode","دانيت شوكلاته ","وحدة","6281022102901","1.99","","5","15","دانيت شوكلاته ","1.5","وحدة","6281022102901","Danette Chocolate Desert 75g","المشرحات و الألبان و الأجبان","1.99","https://karaz.ps/shop/product/danette-chocolate-desert-75g/","https://karaz.ps/wp-content/uploads/2024/06/6281022102901-300x300.jpg"
"barcode","جبنة مثلثات 24 قطعة بوك","وحدة","6281048106990","15.99","","5","15","جبنة مثلثات 24 قطعة بوك","12","وحدة","6281048106990","Puck Cheese Triangle X24","المشرحات و الألبان و الأجبان","15.99","https://karaz.ps/shop/product/puck-cheese-triangle-x24/","https://karaz.ps/wp-content/uploads/2023/10/6281048106990-small.jpg"
"barcode","جبنة بوك مبشورة 500 غرام","وحدة","5760466956284","29.99","","5","15","جبنة بوك مبشورة 500 غرام","26","وحدة","5760466956284","Puck Pizza Topping بوك بيتزا توبينج – 500 غرام","المشرحات و الألبان و الأجبان","29.99","https://karaz.ps/shop/product/puck-pizza-topping-%d8%a8%d9%88%d9%83-%d8%a8%d9%8a%d8%aa%d8%b2%d8%a7-%d8%aa%d9%88%d8%a8%d9%8a%d9%86%d8%ac-500-%d8%ba%d8%b1%d8%a7%d9%85/","https://karaz.ps/wp-content/uploads/2023/01/5760466956284-300x300.jpg"
"barcode","لورباك بخاخ","وحدة","5740900401969","34.99","","5","15","لورباك بخاخ","30","وحدة","5740900401969","Lurpak Roasting Spray 200ml","المشرحات و الألبان و الأجبان","34.99","https://karaz.ps/shop/product/lurpak-roasting-spray-200ml/","https://karaz.ps/wp-content/uploads/2022/11/5740900401969-300x300.jpg"
"barcode","فواكة يوناني ","وحدة","4605627003166","3.5","","5","15","فواكة يوناني ","4","وحدة","4605627003166","FRUTTIS STRAWBERRY – APPLE – PEAR 8% 115g","المشرحات و الألبان و الأجبان","3.5","https://karaz.ps/shop/product/fruttis-strawberry-apple-pear-8-115g/","https://karaz.ps/wp-content/uploads/2022/10/4605627003166-300x300.jpg"
"barcode","فواكة يوناني ","وحدة","4605627003128","3.5","","5","15","فواكة يوناني ","4","وحدة","4605627003128","Fruttis raspberry pineapple melon 8% 115 g","المشرحات و الألبان و الأجبان","3.5","https://karaz.ps/shop/product/fruttis-raspberry-pineapple-melon-8-115-g/","https://karaz.ps/wp-content/uploads/2022/10/4605627003128-300x300.jpg"
"barcode","شوكو لتر شتراوس","وحدة","7290003029181","13.99","","5","15","شوكو لتر شتراوس","14","وحدة","7290003029181","Yotvata Chocolate Milk  1L","المشرحات و الألبان و الأجبان","13.99","https://karaz.ps/shop/product/yotvata-chocolate-milk-1l/","https://karaz.ps/wp-content/uploads/2022/08/7290003029181-300x300.jpg"
"barcode","كريما مع شعيرية ","وحدة","7290005431944","5.99","","5","15","كريما مع شعيرية ","4","وحدة","7290005431944","Eden Kadif كنافة بالكريمة والقطر مبردة 124g","المشرحات و الألبان و الأجبان","5.99","https://karaz.ps/shop/product/eden-kadif-%d9%83%d9%86%d8%a7%d9%81%d8%a9-%d8%a8%d8%a7%d9%84%d9%83%d8%b1%d9%8a%d9%85%d8%a9-%d9%88%d8%a7%d9%84%d9%82%d8%b7%d8%b1-%d9%85%d8%a8%d8%b1%d8%af%d8%a9-124g/","https://karaz.ps/wp-content/uploads/2022/07/7290005431944-300x300.jpg"
"barcode","نقانق 1 ك","وحدة","6253005370010","17.99","karaz_price_adopted_latest","5","15","نقانق 1 ك","15","وحدة","6253005370010","Siniora Beef Sausages 1kg نقانق بقري سنيورة","المشرحات واللحوم الباردة","17.99","https://karaz.ps/shop/product/siniora-beef-sausages-1kg-%d9%86%d9%82%d8%a7%d9%86%d9%82-%d8%a8%d9%82%d8%b1%d9%8a-%d8%b3%d9%86%d9%8a%d9%88%d8%b1%d8%a9/","https://karaz.ps/wp-content/uploads/2022/07/6253005370010-300x300.jpg"
"barcode","جبنة كريمي بوك 200 غم ","وحدة","5760466732567","11.99","","7","20","جبنة كريمي بوك 200 غم ","10","وحدة","5760466732567","Puck Cream Cheese بوك جبنة كريم قابلة للدهن – نكهة اصلية","الأجبان","11.99","https://karaz.ps/shop/product/puck-cream-cheese-%d8%a8%d9%88%d9%83-%d8%ac%d8%a8%d9%86%d8%a9-%d9%83%d8%b1%d9%8a%d9%85-%d9%82%d8%a7%d8%a8%d9%84%d8%a9-%d9%84%d9%84%d8%af%d9%87%d9%86-%d9%86%d9%83%d9%87%d8%a9-%d8%a7%d8%b5%d9%84%d9%8a/","https://karaz.ps/wp-content/uploads/2022/07/5760466732567-300x300.jpg"
"barcode","جبنة بوك لايت 200غم","وحدة","5711953038198","11.99","","7","20","جبنة بوك لايت 200غم","10","وحدة","5711953038198","Puck Light Cream Cheese Spread 200g","الأجبان","11.99","https://karaz.ps/shop/product/puck-lighter-cream-cheese-200g/","https://karaz.ps/wp-content/uploads/2022/07/5711953038198-300x300.jpg"
"barcode","جبنة كرفت تشيدر 190 غم ","وحدة","6084012090475","17.99","","7","20","جبنة كرفت تشيدر 190 غم ","15","وحدة","6084012090475","Kraft Cheddar Cheese Can 190g","الأجبان","17.99","https://karaz.ps/shop/product/kraft-cheddar-cheese-190g/","https://karaz.ps/wp-content/uploads/2022/07/6084012090475-300x300.jpg"
"barcode","جبنة دهن فيلاديلفيا","وحدة","7622300340285","17.99","","7","20","جبنة دهن فيلاديلفيا","16","وحدة","7622300340285","PHILADELPHIA ORIGINAL CREAM CHESSE 175G","الأجبان","17.99","https://karaz.ps/shop/product/philadelphia-original-cream-chesse-175g/","https://karaz.ps/wp-content/uploads/2022/07/7622300340285-300x300.jpg"
"barcode","كوتيج ","وحدة","7290011194246","8.99","","7","19","كوتيج ","8","وحدة","7290011194246","Strauss Ski And Cottage 5% شتراوس جبنة كوتج 250g","الألبان","8.99","https://karaz.ps/shop/product/strauss-ski-and-cottage-5-%d8%b4%d8%aa%d8%b1%d8%a7%d9%88%d8%b3-%d8%ac%d8%a8%d9%86%d8%a9-%d9%83%d9%88%d8%aa%d8%ac-250g/","https://karaz.ps/wp-content/uploads/2022/06/7290011194246-300x300.jpg"
"barcode","نابليون جبنة الشمينة ","وحدة","7290004129101","15.99","","7","20","نابليون جبنة الشمينة ","13","وحدة","7290004129101","TNUVA NAPOLEON تنوفا لبنة نابليون – اصلي","الألبان","15.99","https://karaz.ps/shop/product/tnuva-napoleon-%d8%aa%d9%86%d9%88%d9%81%d8%a7-%d9%84%d8%a8%d9%86%d8%a9-%d9%86%d8%a7%d8%a8%d9%84%d9%8a%d9%88%d9%86-%d8%a7%d8%b5%d9%84%d9%8a/","https://karaz.ps/wp-content/uploads/2022/06/7290004129101-300x300.jpg"
"barcode","لبنة مع زيتون تنوفا- نابليون","وحدة","7290004129118","15.99","","7","19","لبنة مع زيتون تنوفا- نابليون","13","وحدة","7290004129118","TNUVA NAPOLEON تنوفا لبنة نابليون – مع زيتون","الألبان","15.99","https://karaz.ps/shop/product/tnuva-napoleon-%d8%aa%d9%86%d9%88%d9%81%d8%a7-%d9%84%d8%a8%d9%86%d8%a9-%d9%86%d8%a7%d8%a8%d9%84%d9%8a%d9%88%d9%86-%d9%85%d8%b9-%d8%b2%d9%8a%d8%aa%d9%88%d9%86/","https://karaz.ps/wp-content/uploads/2022/06/7290004129118-300x300.jpg"
"barcode","لبن نعاج 950 غرام","وحدة","9700355590034","12.99","","7","19","لبن نعاج 950 غرام","13","وحدة","9700355590034","Laban Naag 1L لبن نعاج","الألبان","12.99","https://karaz.ps/shop/product/laban-naag-1l-%d9%84%d8%a8%d9%86-%d9%86%d8%b9%d8%a7%d8%ac/","https://karaz.ps/wp-content/uploads/2022/06/9700355590034-300x300.jpg"
"barcode","شمينت 200 غم تنوفا","وحدة","72963746","3.5","","7","19","شمينت 200 غم تنوفا","3","وحدة","72963746","Tnuva Sour Cream 15% تنوفا شمنت 200g","الألبان","3.5","https://karaz.ps/shop/product/tnuva-yogurt-15-%d8%aa%d9%86%d9%88%d9%81%d8%a7-%d8%b4%d9%85%d9%86%d8%aa-200g/","https://karaz.ps/wp-content/uploads/2022/06/72963746-300x300.jpg"
"barcode","لبنة 400 غم كانديا","وحدة","6253806090223","11.99","","7","19","لبنة 400 غم كانديا","11","وحدة","6253806090223","Candia Labaneh لبنة كانديا – 400 غرام","الألبان","11.99","https://karaz.ps/shop/product/candia-labaneh-%d9%84%d8%a8%d9%86%d8%a9-%d9%83%d8%a7%d9%86%d8%af%d9%8a%d8%a7-400-%d8%ba%d8%b1%d8%a7%d9%85/","https://karaz.ps/wp-content/uploads/2022/06/6253806090223-300x300.jpg"
"barcode","لبنة 200 غم كانديا","وحدة","6253806090230","5.99","","7","19","لبنة 200 غم كانديا","5","وحدة","6253806090230","Candia Labaneh لبنة كانديا – 200 غرام","الألبان","5.99","https://karaz.ps/shop/product/candia-labaneh-%d9%84%d8%a8%d9%86%d8%a9-%d9%83%d8%a7%d9%86%d8%af%d9%8a%d8%a7-200-%d8%ba%d8%b1%d8%a7%d9%85/","https://karaz.ps/wp-content/uploads/2022/06/6253806090230-300x300.jpg"
"barcode","لبنة 900 غم علب كانديا","وحدة","6253806090216","21.99","","7","19","لبنة 900 غم علب كانديا","20","وحدة","6253806090216","Candia Labaneh لبنة كانديا – 900 غرام","الألبان","21.99","https://karaz.ps/shop/product/candia-labaneh-%d9%84%d8%a8%d9%86%d8%a9-%d9%83%d8%a7%d9%86%d8%af%d9%8a%d8%a7-900-%d8%ba%d8%b1%d8%a7%d9%85/","https://karaz.ps/wp-content/uploads/2022/06/6253806090216-300x300.jpg"
"barcode","لبن كانديا 150غم","وحدة","6253806090186","1.99","","7","19","لبن كانديا 150غم","2","وحدة","6253806090186","Candia Laban لبن رائب كانديا – 150 غرام","الألبان","1.99","https://karaz.ps/shop/product/candia-laban-%d9%84%d8%a8%d9%86-%d8%b1%d8%a7%d8%a6%d8%a8-%d9%83%d8%a7%d9%86%d8%af%d9%8a%d8%a7-150-%d8%ba%d8%b1%d8%a7%d9%85/","https://karaz.ps/wp-content/uploads/2022/06/6253806090186-300x300.jpg"
"barcode","مرجرين يلو براند","وحدة","6253504450084","3.5","","4","12","مرجرين يلو براند","4","وحدة","6253504450084","Yellow Brand Margarine مرجرين 200g","الزبدة","3.5","https://karaz.ps/shop/product/yellow-brand-margarine-%d9%85%d8%b1%d8%ac%d8%b1%d9%8a%d9%86-200g/","https://karaz.ps/wp-content/uploads/2022/06/6253504450084-300x300.jpg"
"barcode","زبدة لورباك 200 غم ","وحدة","5740900884304","15.99","","4","12","زبدة لورباك 200 غم ","15","وحدة","5740900884304","Lurpak Butter لورباك زبدة – 200 غرام","الزبدة","15.99","https://karaz.ps/shop/product/lurpak-butter-%d9%84%d9%88%d8%b1%d8%a8%d8%a7%d9%83-%d8%b2%d8%a8%d8%af%d8%a9-200-%d8%ba%d8%b1%d8%a7%d9%85/","https://karaz.ps/wp-content/uploads/2022/06/5740900884304-300x300.jpg"
"barcode","زبدة لورباك 100 غرام","وحدة","5740900864108","10.99","","4","12","زبدة لورباك 100 غرام","8","وحدة","5740900864108","Lurpak Butter لورباك زبدة – 100 غرام","الزبدة","10.99","https://karaz.ps/shop/product/lurpak-butter-%d9%84%d9%88%d8%b1%d8%a8%d8%a7%d9%83-%d8%b2%d8%a8%d8%af%d8%a9-100-%d8%ba%d8%b1%d8%a7%d9%85/","https://karaz.ps/wp-content/uploads/2022/06/5740900864108-300x300.jpg"
"barcode","زبدة حلوب","وحدة","8710314001557","8.99","","4","12","زبدة حلوب","5","وحدة","8710314001557","Gold Medal Butter 100g زبدة الحالوب","الزبدة","8.99","https://karaz.ps/shop/product/gold-medal-butter-100g-%d8%b2%d8%a8%d8%af%d8%a9-%d8%a7%d9%84%d8%ad%d8%a7%d9%84%d9%88%d8%a8/","https://karaz.ps/wp-content/uploads/2022/08/8710314001557-300x300.jpg"
"barcode","زبدة 200 عم تنوفا ","وحدة","7290000043111","11.99","","4","12","زبدة 200 عم تنوفا ","11","وحدة","7290000043111","TNUVA BUTTER تنوفا زبدة – 200 غرام","الزبدة","11.99","https://karaz.ps/shop/product/tnuva-butter-%d8%aa%d9%86%d9%88%d9%81%d8%a7-%d8%b2%d8%a8%d8%af%d8%a9-200-%d8%ba%d8%b1%d8%a7%d9%85/","https://karaz.ps/wp-content/uploads/2022/06/7290000043111-300x300.jpg"
"barcode","لبن زوت بالفواكه 00 غم","وحدة","4014500506838","9.99","","1","2","لبن زوت بالفواكه 00 غم","8","وحدة","4014500506838","Zott Zottis Fruit 400g","المحليات الباردة","9.99","https://karaz.ps/shop/product/zott-zottis-fruit-400g/","https://karaz.ps/wp-content/uploads/2022/07/4014500506838-300x300.jpg"
"barcode","فواكة يوناني 300 غم","وحدة","4605627006624","9.99","","26","68","فواكة يوناني 300 غم","9","وحدة","4605627006624","Campina Fruttis 5% Peach 290g","المحليات الباردة","9.99","https://karaz.ps/shop/product/campina-fruttis-5-peach-290g/","https://karaz.ps/wp-content/uploads/2022/06/4605627006624-300x300.jpg"
"barcode","ملكي شيك توب ","وحدة","7290005839313","6.5","","26","68","ملكي شيك توب ","5.5","وحدة","7290005839313","Strauss Choco With Vanilla and Chocolate Chips شوكو مع الفانيلا ورقائق الشوكولاتة 170ml","المحليات الباردة","6.5","https://karaz.ps/shop/product/strauss-choco-with-vanilla-and-chocolate-chips-%d8%b4%d9%88%d9%83%d9%88-%d9%85%d8%b9-%d8%a7%d9%84%d9%81%d8%a7%d9%86%d9%8a%d9%84%d8%a7-%d9%88%d8%b1%d9%82%d8%a7%d8%a6%d9%82-%d8%a7%d9%84%d8%b4%d9%88/","https://karaz.ps/wp-content/uploads/2022/06/7290005839313-300x300.jpg"
"barcode","ملكي شيك مشكل ","وحدة","72940761","4.99","","26","68","ملكي شيك مشكل ","4.5","وحدة","72940761","Strauss milky شتراوس ميلكى 133g – نكهة الشكولاتة","المحليات الباردة","4.99","https://karaz.ps/shop/product/strauss-milky-%d8%b4%d8%aa%d8%b1%d8%a7%d9%88%d8%b3-%d9%85%d9%8a%d9%84%d9%83%d9%89-133g-%d9%86%d9%83%d9%87%d8%a9-%d8%a7%d9%84%d8%b4%d9%83%d9%88%d9%84%d8%a7%d8%aa%d8%a9/","https://karaz.ps/wp-content/uploads/2022/06/72940761-300x300.jpg"
"barcode","خيط اسنان اورل بي","وحدة","5010622005029","11.99","","23","62","خيط اسنان اورل بي","10","وحدة","5010622005029","Oral-B Essential  Floss","العناية بالأسنان","11.99","https://karaz.ps/shop/product/oral-b-essential-floss/","https://karaz.ps/wp-content/uploads/2022/08/5010622005029-300x300.jpg"
"barcode","معجون جولجيت ","وحدة","7891024030974","9.99","","23","62","معجون جولجيت ","7","وحدة","7891024030974","Colgate Triple Action Tooth Paste معجون اسنان كولجيت 75ml","العناية بالأسنان","9.99","https://karaz.ps/shop/product/colgate-triple-action-tooth-paste-%d9%85%d8%b9%d8%ac%d9%88%d9%86-%d8%a7%d8%b3%d9%86%d8%a7%d9%86-%d9%83%d9%88%d9%84%d8%ac%d9%8a%d8%aa-75ml/","https://karaz.ps/wp-content/uploads/2022/07/7891024030974-300x300.jpg"
"barcode","معجون اسنان سنسوداين","وحدة","7290017031705","16.99","","23","62","معجون اسنان سنسوداين","13","وحدة","7290017031705","Sensodyne Clean And Fresh معجون اسنان 75ml","العناية بالأسنان","16.99","https://karaz.ps/shop/product/sensodyne-clean-and-fresh-%d9%85%d8%b9%d8%ac%d9%88%d9%86-%d8%a7%d8%b3%d9%86%d8%a7%d9%86-75ml/","https://karaz.ps/wp-content/uploads/2022/07/7290017031705-300x300.jpg"
"barcode","شامبو تو مي ارجان 700 مل","وحدة","7290016059564","27.99","","23","60","شامبو تو مي ارجان 700 مل","25","وحدة","7290016059564","To-me Anti-Dandruff Mint Refreshing Shampoo 700ml","العناية بالجسم والشعر","27.99","https://karaz.ps/shop/product/to-me-anti-dandruff-mint-refreshing-shampoo-700ml/","https://karaz.ps/wp-content/uploads/2022/12/7290016059564-300x300.jpg"
"barcode","شامبو للشعر خالي من الاملاح غني بزيت الارجان","وحدة","7290012391583","21.99","","4","11","شامبو للشعر خالي من الاملاح غني بزيت الارجان","25","وحدة","7290012391583","To-me Argan Hair Conditioner 700Ml","العناية بالجسم والشعر","21.99","https://karaz.ps/shop/product/to-me-argan-hair-conditioner-700ml/","https://karaz.ps/wp-content/uploads/2022/12/7290012391583-300x300.jpg"
"barcode","شامبو الفيف 400 مل","وحدة","3600523651887","16.99","","23","60","شامبو الفيف 400 مل","15","وحدة","3600523651887","Loreal total Repair 5 550ml","العناية بالجسم والشعر","16.99","https://karaz.ps/shop/product/loreal-total-repair-5-550ml/","https://karaz.ps/wp-content/uploads/2022/11/3600523651887-300x300.jpg"
"barcode","كومفورت مركز 1.5 لتر ","وحدة","6281006573604","24.99","","23","62","كومفورت مركز 1.5 لتر ","22","وحدة","6281006573604","Comfort Ultimate Care Iris & Jasmine 1.5l","العناية بالملابس والأحذية","24.99","https://karaz.ps/shop/product/comfort-ultimate-care-iris-jasmine-1-5l/","https://karaz.ps/wp-content/uploads/2022/09/6281006573604-300x300.jpg"
"barcode","كومفورات 1.5 لتر","وحدة","6281006573505","24.99","","23","62","كومفورات 1.5 لتر","22","وحدة","6281006573505","Comfort Ultimate Care Lavander &Magnolia 1.5l","العناية بالملابس والأحذية","24.99","https://karaz.ps/shop/product/comfort-ultimate-care-lavander-magnolia-1-5l/","https://karaz.ps/wp-content/uploads/2022/09/6281006573505-300x300.jpg"
"barcode","كومفرت مركز 1.5 لتر","وحدة","6281006573628","24.99","","23","62","كومفرت مركز 1.5 لتر","22","وحدة","6281006573628","Comfort Baby For Sensitive Skin 1.5l","العناية بالملابس والأحذية","24.99","https://karaz.ps/shop/product/comfort-baby-for-sensitive-skin-1-5l/","https://karaz.ps/wp-content/uploads/2022/09/6281006573628-300x300.jpg"
"barcode","اولويز بلاتينيوم رقم 1","وحدة","8001090899194","14.99","","23","62","اولويز بلاتينيوم رقم 1","17","وحدة","8001090899194","Always Platinum Normal 24 Ultra Pads","فوط نسائية","14.99","https://karaz.ps/shop/product/always-platinum-normal-24-ultra-pads/","https://karaz.ps/wp-content/uploads/2022/09/8001090899194-300x300.jpg"
"barcode","اولويز الترا ","وحدة","8001841971766","10.99","","23","62","اولويز الترا ","10","وحدة","8001841971766","ALWAYS ULTRA NIGHT & DAY X 10","فوط نسائية","10.99","https://karaz.ps/shop/product/always-ultra-night-day-x-10/","https://karaz.ps/wp-content/uploads/2022/07/8001841971766-300x300.jpg"
"barcode","اولويز الترا صغير","وحدة","4015400755456","9.99","","23","62","اولويز الترا صغير","10","وحدة","4015400755456","ALWAYS ULTRA LONG 12 PCS","فوط نسائية","9.99","https://karaz.ps/shop/product/always-ultra-long-12-pcs/","https://karaz.ps/wp-content/uploads/2022/07/4015400755456-300x300.jpg"
"barcode","الويز طويل 9 ","وحدة","4015400267669","6.99","","23","62","الويز طويل 9 ","6","وحدة","4015400267669","Always Maxi Super Plus Pads الويز ماكسي سوبر بلس – 9 Pads","فوط نسائية","6.99","https://karaz.ps/shop/product/always-maxi-super-plus-pads-%d8%a7%d9%84%d9%88%d9%8a%d8%b2-%d9%85%d8%a7%d9%83%d8%b3%d9%8a-%d8%b3%d9%88%d8%a8%d8%b1-%d8%a8%d9%84%d8%b3-9-pads/","https://karaz.ps/wp-content/uploads/2022/07/4015400267669-300x300.jpg"
"barcode","الويز طويل 18","وحدة","4015400267690","9.99","","23","62","الويز طويل 18","9","وحدة","4015400267690","Always Maxi Super Plus Pads الويز ماكسي سوبر بلس – 18 Pads","فوط نسائية","9.99","https://karaz.ps/shop/product/always-maxi-super-plus-pads-%d8%a7%d9%84%d9%88%d9%8a%d8%b2-%d9%85%d8%a7%d9%83%d8%b3%d9%8a-%d8%b3%d9%88%d8%a8%d8%b1-%d8%a8%d9%84%d8%b3-18-pads/","https://karaz.ps/wp-content/uploads/2022/07/4015400267690-300x300.jpg"
"barcode","اولويز الترا دبل ","وحدة","4015400755241","14.99","","23","62","اولويز الترا دبل ","15","وحدة","4015400755241","Always Ultra Normal اولويز الترا الحجم العادي – 28 Pads","فوط نسائية","14.99","https://karaz.ps/shop/product/always-ultra-normal-%d8%a7%d9%88%d9%84%d9%88%d9%8a%d8%b2-%d8%a7%d9%84%d8%aa%d8%b1%d8%a7-%d8%a7%d9%84%d8%ad%d8%ac%d9%85-%d8%a7%d9%84%d8%b9%d8%a7%d8%af%d9%8a-28-pads/","https://karaz.ps/wp-content/uploads/2022/07/4015400755241-300x300.jpg"
"barcode","اولويز بلاتينيوم رقم 2","وحدة","8001090899224","14.99","","23","62","اولويز بلاتينيوم رقم 2","17","وحدة","8001090899224","Always Platinum Long 20 Ultra Pads","فوط نسائية","14.99","https://karaz.ps/shop/product/always-platinum-long-20-ultra-pads/","https://karaz.ps/wp-content/uploads/2022/09/8001090899224-300x300.jpg"
"barcode","اولويز بلاتينيوم رقم 3","وحدة","8001090899255","14.99","","23","62","اولويز بلاتينيوم رقم 3","17","وحدة","8001090899255","Always Platinum Night 16 Ultra Pads","فوط نسائية","14.99","https://karaz.ps/shop/product/always-platinum-night-16-ultra-pads/","https://karaz.ps/wp-content/uploads/2022/09/8001090899255-300x300.jpg"
"barcode","اوليز ديلي","وحدة","8006540221464","14.99","","23","62","اوليز ديلي","13","وحدة","8006540221464","Always Dailies 3IN1 Normal X56","فوط نسائية","14.99","https://karaz.ps/shop/product/always-dailies-3in1-normal-x56/","https://karaz.ps/wp-content/uploads/2022/07/8006540221464-300x300.jpg"
"barcode","كيري فري اولدز ","وحدة","8006540221068","14.99","","23","62","كيري فري اولدز ","13","وحدة","8006540221068","Always Dailies Extra Protect Long Plus X40","فوط نسائية","14.99","https://karaz.ps/shop/product/always-dailies-extra-protect-long-plus-x40/","https://karaz.ps/wp-content/uploads/2022/07/8006540221068-300x300.jpg"
"barcode","ماكنة شفرات جليت مج 3","وحدة","4902430862141","21.99","","23","62","ماكنة شفرات جليت مج 3","20","وحدة","4902430862141","Gillette Mach 3 Front","مستلزمات الحلاقة","21.99","https://karaz.ps/shop/product/gillette-mach-3-front/","https://karaz.ps/wp-content/uploads/2022/11/4902430862141-300x300.jpg"
"barcode","شفرات فيوجن 5 -4","وحدة","7702018471423","45.99","","23","62","شفرات فيوجن 5 -4","35","وحدة","7702018471423","Gillette Fusion 5 Start Blades شفرات ماكنة حلاقة جيليت فيوجين ستارت 5 (4 شفرات)","مستلزمات الحلاقة","45.99","https://karaz.ps/shop/product/gillette-fusion-5-start-blades-%d8%b4%d9%81%d8%b1%d8%a7%d8%aa-%d9%85%d8%a7%d9%83%d9%86%d8%a9-%d8%ad%d9%84%d8%a7%d9%82%d8%a9-%d8%ac%d9%8a%d9%84%d9%8a%d8%aa-%d9%81%d9%8a%d9%88%d8%ac%d9%8a%d9%86-%d8%b3/","https://karaz.ps/wp-content/uploads/2022/07/7702018471423-300x300.jpg"
"barcode","بامبرز وسط رقم 1 ","وحدة","8006540428368","25.99","","21","56","بامبرز وسط رقم 1 ","25","وحدة","8006540428368","Pampers #1 40 Diapers","الأطفال","25.99","https://karaz.ps/shop/product/pampers-1-40-diapers/","https://karaz.ps/wp-content/uploads/2022/07/8006540428368-300x300.jpg"
"barcode","محارم هاجيز مبلله","وحدة","5029053503790","5.99","","20","54","محارم هاجيز مبلله","6","وحدة","5029053503790","Huggies Baby Wipes مناديل رطبه للاطفال","الأطفال","5.99","https://karaz.ps/shop/product/huggies-baby-wipes-%d9%85%d9%86%d8%a7%d8%af%d9%8a%d9%84-%d8%b1%d8%b7%d8%a8%d9%87-%d9%84%d9%84%d8%a7%d8%b7%d9%81%d8%a7%d9%84/","https://karaz.ps/wp-content/uploads/2022/07/5029053503790-300x300.jpg"
"barcode","بامبرز وسط رقم 3","وحدة","8001090336408","26.99","","21","56","بامبرز وسط رقم 3","25","وحدة","8001090336408","Pampers Baby-Dry #3 38 Diapers","الأطفال","26.99","https://karaz.ps/shop/product/pampers-3-4-9-kg/","https://karaz.ps/wp-content/uploads/2023/08/8001090336408-300x300.jpg"
"barcode","بسكوت اطفال سادة","وحدة","7290011618025","17.99","","21","56","بسكوت اطفال سادة","16","وحدة","7290011618025","BabyBis Baby Cookies Original X24","طعام للأطفال","17.99","https://karaz.ps/shop/product/baby-biscuits-natural-flavor-%d8%a8%d8%b3%d9%83%d9%88%d9%8a%d8%aa-%d8%a7%d8%b7%d9%81%d8%a7%d9%84-%d8%a8%d8%b7%d8%b9%d9%85-%d8%a7%d9%84%d8%b7%d8%a8%d9%8a%d8%b9%d9%8a-50g/","https://karaz.ps/wp-content/uploads/2022/07/7290011618025-300x300.jpg"
"barcode","سيرالك قمح","وحدة","7613034981004","23.99","","21","56","سيرالك قمح","20","وحدة","7613034981004","Nestle Cerelac Nestle Cerelac Wheat Cereal Baby Food 400g","طعام للأطفال","23.99","https://karaz.ps/shop/product/nestle-cerelac-wheat-milk-%d8%b3%d9%8a%d8%b1%d9%8a%d9%84%d8%a7%d9%83-%d9%82%d9%85%d8%ad-%d9%88-%d8%ad%d9%84%d9%8a%d8%a8-400g/","https://karaz.ps/wp-content/uploads/2023/09/7613034981004-300x300.jpg"
"barcode","بسكوت اطفال","وحدة","7290011618124","16.99","","21","56","بسكوت اطفال","16","وحدة","7290011618124","Baby Biscuits Vegetables Flavor بسكويت اطفال بطعم الخضار 50G","طعام للأطفال","16.99","https://karaz.ps/shop/product/baby-biscuits-vegetables-flavor-%d8%a8%d8%b3%d9%83%d9%88%d9%8a%d8%aa-%d8%a7%d8%b7%d9%81%d8%a7%d9%84-%d8%a8%d8%b7%d8%b9%d9%85-%d8%a7%d9%84%d8%ae%d8%b6%d8%a7%d8%b1-50g/","https://karaz.ps/wp-content/uploads/2022/07/7290011618124-300x300.jpg"
"barcode","حليب سيميلاك رقم 3","وحدة","5391523054256","34.99","","7","19","حليب سيميلاك رقم 3","36","وحدة","5391523054256","Similac Advance Plus #3 400g","طعام للأطفال","34.99","https://karaz.ps/shop/product/similac-advance-plus-%d8%b3%d9%8a%d9%85%d9%8a%d9%84%d8%a7%d9%83-%d8%a7%d8%af%d9%81%d8%a7%d9%86%d8%b3-%d8%a8%d9%84%d8%b3-400g-no-3-1-to-3-years/","https://karaz.ps/wp-content/uploads/2022/07/5391523054256-300x300.jpg"
"barcode","جولون ميني كاكاو 250 غم","وحدة","8410376002256","11.99","","21","56","جولون ميني كاكاو 250 غم","10","وحدة","8410376002256","Gullon Dibus Mino Cacao Biscuit 250g","طعام للأطفال","11.99","https://karaz.ps/shop/product/gullon-dibus-mino-cacao-biscuit-250g/","https://karaz.ps/wp-content/uploads/2024/06/8410376002256-300x300.jpg"
"barcode","بسكوت اطفال ","وحدة","7290108509229","17.99","","21","56","بسكوت اطفال ","15","وحدة","7290108509229","Willi Food Snack Baby With Banana 50g","طعام للأطفال","17.99","https://karaz.ps/shop/product/willi-food-snack-baby-with-banana-50g/","https://karaz.ps/wp-content/uploads/2023/01/7290108509229-300x300.jpg"
"barcode","بامبرز رقم 2","وحدة","8001090784407","20.99","","21","56","بامبرز رقم 2","20","وحدة","8001090784407","PAMPERS MINI 3- 6 KG 27","العناية بالأطفال","20.99","https://karaz.ps/shop/product/pampers-mini-3-6-kg-27/","https://karaz.ps/wp-content/uploads/2022/07/8001090784407-1-300x300.jpg"
"barcode","بريميوم قطط ","وحدة","7290019321682","6.5","","24","66","بريميوم قطط ","8","وحدة","7290019321682","Premio Super Gold Chicken& Duck 90g","قسم الحيوانات الأليفة","6.5","https://karaz.ps/shop/product/premio-super-gold-chicken-duck-90g/","https://karaz.ps/wp-content/uploads/2024/06/7290019321682-300x300.jpg"
"barcode","بريميوم ","وحدة","7290017712222","3.99","","24","66","بريميوم ","4","وحدة","7290017712222","Premio Deli-Cat for kitten with white fish and carrots 100g","قسم الحيوانات الأليفة","3.99","https://karaz.ps/shop/product/premio-deli-cat-for-kitten-with-white-fish-and-carrots-100g/","https://karaz.ps/wp-content/uploads/2023/05/7290017712222-300x300.jpg"
"barcode","مكملات غذائية بريميو ","وحدة","7290017712765","3.99","","24","66","مكملات غذائية بريميو ","5","وحدة","7290017712765","Premio Adult Cat Food With Salmon & Trout 100g","طعام الحيوانات","3.99","https://karaz.ps/shop/product/premio-adult-cat-food-with-salmon-trout-100g/","https://karaz.ps/wp-content/uploads/2022/07/7290017712765-300x300.jpg"
"barcode","مكملات غذائية بريميوم","وحدة","7290017712741","3.99","","24","66","مكملات غذائية بريميوم","5","وحدة","7290017712741","Premio Cat Food With Lamb 100g","طعام الحيوانات","3.99","https://karaz.ps/shop/product/premio-cat-food-with-lamb-100g/","https://karaz.ps/wp-content/uploads/2022/07/7290017712741-300x300.jpg"
"barcode","مكملات غذائية بريميوم وزن 100 غم","وحدة","7290017712727","3.99","","24","66","مكملات غذائية بريميوم وزن 100 غم","5","وحدة","7290017712727","Premio Cat Food With Beef & Liver 100g","طعام الحيوانات","3.99","https://karaz.ps/shop/product/premio-cat-food-with-beef-liver-100g/","https://karaz.ps/wp-content/uploads/2022/07/7290017712727-300x300.jpg"
"barcode","معلبات سيمبا قطط/كلاب 415 غم","وحدة","8009470009171","4.5","","2","4","معلبات سيمبا قطط/كلاب 415 غم","4","وحدة","8009470009171","Simba Dogs Food Wild Game 415g","طعام الحيوانات","4.5","https://karaz.ps/shop/product/simba-dogs-food-wild-game-415g/","https://karaz.ps/wp-content/uploads/2022/07/8009470009171-300x300.jpg"
"barcode","محفزات فريسكس","وحدة","7613036976732","4.99","","24","66","محفزات فريسكس","5","وحدة","7613036976732","Purina Friskies Salmon in Gravy 85g","طعام الحيوانات","4.99","https://karaz.ps/shop/product/friskies-gravy-salamon-85g/","https://karaz.ps/wp-content/uploads/2022/07/7613036976732-300x300.jpg"
"barcode","دراي فود فريسكس","وحدة","050000168583","37.99","","24","66","دراي فود فريسكس","35","وحدة","050000168583","Purina Friskies Dry Cat Food, Gravy Swirlers 1.42g","طعام الحيوانات","37.99","https://karaz.ps/shop/product/friskies-gravy-swirlers-1-42kg/","https://karaz.ps/wp-content/uploads/2022/07/050000168583-300x300.jpg"
"barcode","كي كي كات تراب 5 لتر ","وحدة","8682408688091","24.99","","24","66","كي كي كات تراب 5 لتر ","25","وحدة","8682408688091","KikiKat Cleany Cat Litter 5lt","مستلزمات الحيوانات","24.99","https://karaz.ps/shop/product/kikikat-cleany-cat-litter-5lt/","https://karaz.ps/wp-content/uploads/2022/10/8682408688091-300x300.jpg"
"barcode","تراب كيكي كت 5 لتر ","وحدة","8682408688008","24.99","","14","38","تراب كيكي كت 5 لتر ","25","وحدة","8682408688008","KikiKat Natural Cat Litter 5lt","مستلزمات الحيوانات","24.99","https://karaz.ps/shop/product/kikikat-natural-cat-litter-5lt/","https://karaz.ps/wp-content/uploads/2022/10/8682408688008-300x300.jpg"
"barcode","اريال سائل 2.35 كغم","وحدة","8001841907536","31.99","","20","52","اريال سائل 2.35 كغم","28","وحدة","8001841907536","Ariel Power Gel Lavender Freshness 2.5L","مستلزمات المنزل","31.99","https://karaz.ps/shop/product/ariel-power-gel-lavender-freshness-2-5l/","https://karaz.ps/wp-content/uploads/2023/04/8001841907536-300x300.jpg"
"barcode","فانيش بخاخ 750 مل","وحدة","7290112004413","19.99","","20","52","فانيش بخاخ 750 مل","18","وحدة","7290112004413","Vanish Oxi Action Stain Removal 750ml","منظفات","19.99","https://karaz.ps/shop/product/vanish-oxi-action-stain-removal-750ml/","https://karaz.ps/wp-content/uploads/2022/10/7290112004413-300x300.jpg"
"barcode","بال موليف سائل جلي 1.5 لتر ","وحدة","8714789450315","19.99","","20","52","بال موليف سائل جلي 1.5 لتر ","15","وحدة","8714789450315","Palmolive Dishwashing Liquid Lemon 1.5L","منظفات","19.99","https://karaz.ps/shop/product/palmolive-dishwashing-liquid-lemon-1-5l/","https://karaz.ps/wp-content/uploads/2022/07/8714789450315-300x300.jpg"
"barcode","برسيل جل اسود","وحدة","7290016509847","27.99","","20","52","برسيل جل اسود","28","وحدة","7290016509847","PERSIL LAUNDRY  GEL BLACK 2.5L","منظفات","27.99","https://karaz.ps/shop/product/persil-laundry-gel-black-2-5l/","https://karaz.ps/wp-content/uploads/2022/07/7290016509847-300x300.jpg"
"barcode","جالون فنش 3 لتر ","وحدة","7290101866633","28.99","","20","52","جالون فنش 3 لتر ","22","وحدة","7290101866633","Vanish Oxi Action Gel فانيش لبقع الملابس الملونة 3","منظفات","28.99","https://karaz.ps/shop/product/vanish-oxi-action-gel-%d9%81%d8%a7%d9%86%d9%8a%d8%b4-%d9%84%d8%a8%d9%82%d8%b9-%d8%a7%d9%84%d9%85%d9%84%d8%a7%d8%a8%d8%b3-%d8%a7%d9%84%d9%85%d9%84%d9%88%d9%86%d8%a9-3/","https://karaz.ps/wp-content/uploads/2022/07/7290101866633-300x300.jpg"
"barcode","ايرويك فرش ماتيك بخاخ ","وحدة","7290112001030","15.99","","20","53","ايرويك فرش ماتيك بخاخ ","13","وحدة","7290112001030","Air Wick Pure Freshmatic Refill Cherry Blossom 250ml","معطرات الجو","15.99","https://karaz.ps/shop/product/air-wick-pure-freshmatic-refill-cherry-blossom-250ml/","https://karaz.ps/wp-content/uploads/2022/10/7290112001030-300x300.jpg"
"barcode","ايرويك ماكنة + ريفل","وحدة","7290101869801","17.99","","20","53","ايرويك ماكنة + ريفل","20","وحدة","7290101869801","Air Wick Life Scents Machine & Refill Air Freshener جهاز أيرويك كهربائي مع عبوة معطر 19ml – Oasis Hot Packing Wave Foam","معطرات الجو","17.99","https://karaz.ps/shop/product/air-wick-life-scents-machine-refill-air-freshener-%d8%ac%d9%87%d8%a7%d8%b2-%d8%a3%d9%8a%d8%b1%d9%88%d9%8a%d9%83-%d9%83%d9%87%d8%b1%d8%a8%d8%a7%d8%a6%d9%8a-%d9%85%d8%b9-%d8%b9%d8%a8%d9%88%d8%a9/","https://karaz.ps/wp-content/uploads/2022/07/7290101869801-300x300.jpg"
"barcode","ايرويك رش ","وحدة","7290101869788","10.99","","20","53","ايرويك رش ","13","وحدة","7290101869788","Air Wick Life Scents Air Freshener اير ويك روائح الحياة معطر جو للماكنة 250ml – Turquise Oasis","معطرات الجو","10.99","https://karaz.ps/shop/product/air-wick-life-scents-air-freshener-%d8%a7%d9%8a%d8%b1-%d9%88%d9%8a%d9%83-%d8%b1%d9%88%d8%a7%d8%a6%d8%ad-%d8%a7%d9%84%d8%ad%d9%8a%d8%a7%d8%a9-%d9%85%d8%b9%d8%b7%d8%b1-%d8%ac%d9%88-%d9%84%d9%84%d9%85-3/","https://karaz.ps/wp-content/uploads/2022/07/7290101869788-300x300.jpg"
"barcode","زيت ايرويك سائل ","وحدة","7290112004772","15.99","","4","11","زيت ايرويك سائل ","15","وحدة","7290112004772","Air Wick Scented Oil Flowers Refill 19ml","معطرات الجو","15.99","https://karaz.ps/shop/product/air-wick-scented-oil-flowers-refill-19ml/","https://karaz.ps/wp-content/uploads/2022/12/7290112004772-300x300.jpg"
"barcode","وصلت شاحن tdlte","وحدة","6920200300561","14.99","","26","68","وصلت شاحن tdlte","20","وحدة","6920200300561","Td-Lte Micro Charging Cable","مستلزمات كهربائية","14.99","https://karaz.ps/shop/product/td-lte-micro-charging-cable/","https://karaz.ps/wp-content/uploads/2022/07/6920200300561-300x300.jpg"
"barcode","ريد بخاخ ","وحدة","5010182997253","12.99","","20","52","ريد بخاخ ","13","وحدة","5010182997253","Raid Insect Killer ريد قاتل للحشرات – قاتل للصراصير","أدوات مكافحة الحشرات","12.99","https://karaz.ps/shop/product/raid-insect-killer-%d8%b1%d9%8a%d8%af-%d9%82%d8%a7%d8%aa%d9%84-%d9%84%d9%84%d8%ad%d8%b4%d8%b1%d8%a7%d8%aa-%d9%82%d8%a7%d8%aa%d9%84-%d9%84%d9%84%d8%b5%d8%b1%d8%a7%d8%b5%d9%8a%d8%b1/","https://karaz.ps/wp-content/uploads/2022/07/5010182997253-300x300.jpg"
"barcode","سبيرا ماكنة + سائل ","وحدة","7290004536329","17.99","","20","52","سبيرا ماكنة + سائل ","19","وحدة","7290004536329","Spira Mat Mosquito Repelling سبيرا مات جاهز طارد للناموس","أدوات مكافحة الحشرات","17.99","https://karaz.ps/shop/product/spira-mat-mosquito-repelling-%d8%b3%d8%a8%d9%8a%d8%b1%d8%a7-%d9%85%d8%a7%d8%aa-%d8%ac%d8%a7%d9%87%d8%b2-%d8%b7%d8%a7%d8%b1%d8%af-%d9%84%d9%84%d9%86%d8%a7%d9%85%d9%88%d8%b3-2/","https://karaz.ps/wp-content/uploads/2022/07/7290004536329-300x300.jpg"
"barcode","مبيد كى","وحدة","7290000288352","21.99","","20","52","مبيد كى","20","وحدة","7290000288352","Sano K300 سانو مبيد لجميع الحشرات 630ml","أدوات مكافحة الحشرات","21.99","https://karaz.ps/shop/product/sano-k300-%d8%b3%d8%a7%d9%86%d9%88-%d9%85%d8%a8%d9%8a%d8%af-%d9%84%d8%ac%d9%85%d9%8a%d8%b9-%d8%a7%d9%84%d8%ad%d8%b4%d8%b1%d8%a7%d8%aa-630ml/","https://karaz.ps/wp-content/uploads/2022/07/7290000288352-300x300.jpg"
"barcode","سبيرا سائل ","وحدة","7290004536336","12.99","","20","52","سبيرا سائل ","12","وحدة","7290004536336","Spira Mat Liquid Mosquito Repelling سبيرا مات سائل لابعاد النموس","أدوات مكافحة الحشرات","12.99","https://karaz.ps/shop/product/spira-mat-liquid-mosquito-repelling-%d8%b3%d8%a8%d9%8a%d8%b1%d8%a7-%d9%85%d8%a7%d8%aa-%d8%b3%d8%a7%d8%a6%d9%84-%d9%84%d8%a7%d8%a8%d8%b9%d8%a7%d8%af-%d8%a7%d9%84%d9%86%d9%85%d9%88%d8%b3/","https://karaz.ps/wp-content/uploads/2022/07/7290004536336-300x300.jpg"
"barcode","مصيدة فيران ","وحدة","6971166771001","4.99","","20","52","مصيدة فيران ","5","وحدة","6971166771001","Mouse & Rat Glue Board مصيدة فئران جودة عالية","أدوات مكافحة الحشرات","4.99","https://karaz.ps/shop/product/mouse-rat-glue-board-%d9%85%d8%b5%d9%8a%d8%af%d8%a9-%d9%81%d8%a6%d8%b1%d8%a7%d9%86-%d8%ac%d9%88%d8%af%d8%a9-%d8%b9%d8%a7%d9%84%d9%8a%d8%a9/","https://karaz.ps/wp-content/uploads/2022/07/6971166771001-300x300.jpg"
"barcode","بنجال","وحدة","8008090063020","7.99","","20","52","بنجال","6","وحدة","8008090063020","Bengal Anti Insects 10 Pcs بينجال للحشرات","أدوات مكافحة الحشرات","7.99","https://karaz.ps/shop/product/bengal-anti-insects-10-pcs-%d8%a8%d9%8a%d9%86%d8%ac%d8%a7%d9%84-%d9%84%d9%84%d8%ad%d8%b4%d8%b1%d8%a7%d8%aa/","https://karaz.ps/wp-content/uploads/2022/07/8008090063020-300x300.jpg"
"barcode","سبيرا ماكنة + سانل","وحدة","7290000544045","17.99","","20","52","سبيرا ماكنة + سانل","19","وحدة","7290000544045","Spira Mat Mosquito Repelling سبيرا مات جاهز طارد للناموس","أدوات مكافحة الحشرات","17.99","https://karaz.ps/shop/product/spira-mat-mosquito-repelling-%d8%b3%d8%a8%d9%8a%d8%b1%d8%a7-%d9%85%d8%a7%d8%aa-%d8%ac%d8%a7%d9%87%d8%b2-%d8%b7%d8%a7%d8%b1%d8%af-%d9%84%d9%84%d9%86%d8%a7%d9%85%d9%88%d8%b3/","https://karaz.ps/wp-content/uploads/2022/07/7290000544045-300x300.jpg"
"barcode","بوادي سهم وقرفة ","وحدة","6253354200501","9.99","","26","68","بوادي سهم وقرفة ","10","وحدة","6253354200501","ALBAWADI GUM WITH CINNAMON MOLASSES","مركز المدخن","9.99","https://karaz.ps/shop/product/albawadi-gum-with-cinnamon-molasses/","https://karaz.ps/wp-content/uploads/2022/07/6253354200501-300x300.jpg"
"barcode","معسل بلوبري بوادي","وحدة","6253354200600","9.99","","2","6","معسل بلوبري بوادي","10","وحدة","6253354200600","Albawadi Blueberry Molasses معسل البوادي بلوبيري 60g","مركز المدخن","9.99","https://karaz.ps/shop/product/albawadi-blueberry-molasses-%d9%85%d8%b9%d8%b3%d9%84-%d8%a7%d9%84%d8%a8%d9%88%d8%a7%d8%af%d9%8a-%d8%a8%d9%84%d9%88%d8%a8%d9%8a%d8%b1%d9%8a-60g/","https://karaz.ps/wp-content/uploads/2022/07/6253354200600-300x300.jpg"
"barcode","مولع فحم","وحدة","693493003841","5.99","","26","68","مولع فحم","6","وحدة","693493003841","FIRE LIGHTER BLOCK 48 CUBES","مركز المدخن","5.99","https://karaz.ps/shop/product/fire-lighter-block-48-cubes/","https://karaz.ps/wp-content/uploads/2022/07/693493003841-300x300.jpg"
"barcode","بارلمنت طويل","وحدة","7622100919100","29.99","","26","68","بارلمنت طويل","33","وحدة","7622100919100","Parliament Night 100’s سجائر بارليمنت طويلة","السجائر","29.99","https://karaz.ps/shop/product/parliament-night-100s-%d8%b3%d8%ac%d8%a7%d8%a6%d8%b1-%d8%a8%d8%a7%d8%b1%d9%84%d9%8a%d9%85%d9%86%d8%aa-%d8%b7%d9%88%d9%8a%d9%84%d8%a9/","https://karaz.ps/wp-content/uploads/2022/07/7622100919100-300x300.jpg"
"barcode","ايكوس سينا ","وحدة","7622100809821","25.99","","26","68","ايكوس سينا ","30","وحدة","7622100809821","Heets Sienna Caps","السجائر","25.99","https://karaz.ps/shop/product/heets-sienna-caps/","https://karaz.ps/wp-content/uploads/2022/08/7622100809821-300x300.jpg"
"barcode","ايكوس سيما","وحدة","7622100919971","26.99","","26","68","ايكوس سيما","30","وحدة","7622100919971","IQOS HEETS Sienna Label","السجائر","26.99","https://karaz.ps/shop/product/iqos-heets-sienna-label/","https://karaz.ps/wp-content/uploads/2022/07/7622100919971-300x300.jpg"
"barcode","فحم البوادي 500 غم","وحدة","6253354200020","9.99","","26","68","فحم البوادي 500 غم","9","وحدة","6253354200020","ALBAWADI CHARCOAL 500g","الفحم و المشعلات","9.99","https://karaz.ps/shop/product/albawadi-charcoal-500g/","https://karaz.ps/wp-content/uploads/2022/07/6253354200020-300x300.jpg"
"karaz_barcode","Mike And Ike Mega Mix Sour! 120g","وحدة","070970475375","11.99","karaz_product_adopted_latest","26","68","","","","","Mike And Ike Mega Mix Sour! 120g","عرض الجميع","11.99","https://karaz.ps/shop/product/mike-and-ike-mega-mix-sour-120g-9/","https://karaz.ps/wp-content/uploads/2024/06/070970475375-300x300.jpg"
"karaz_barcode","Stimorol Bottle Spearmint 50g","وحدة","7622210243782","11.99","karaz_product_adopted_latest","26","68","","","","","Stimorol Bottle Spearmint 50g","عرض الجميع","11.99","https://karaz.ps/shop/product/stimorol-bottle-spearmint-50g/","https://karaz.ps/wp-content/uploads/2024/06/7622210243782-300x300.jpg"
"karaz_barcode","Werther’s Original Eclairs 100g","وحدة","4014400912593","7.99","karaz_product_adopted_latest","26","68","","","","","Werther’s Original Eclairs 100g","عرض الجميع","7.99","https://karaz.ps/shop/product/werthers-original-eclairs-100g/","https://karaz.ps/wp-content/uploads/2024/06/4014400912593-300x300.jpg"
"karaz_barcode","Maretti Vegetable Baked Bread 70g","وحدة","3800205875307","3.99","karaz_product_adopted_latest","26","68","","","","","Maretti Vegetable Baked Bread 70g","عرض الجميع","3.99","https://karaz.ps/shop/product/maretti-vegetable-baked-bread-70g/","https://karaz.ps/wp-content/uploads/2024/06/3800205875307-300x300.jpg"
"karaz_barcode","Maretti Mushrooms Baked Bread 70g","وحدة","3800205875208","3.99","karaz_product_adopted_latest","26","68","","","","","Maretti Mushrooms Baked Bread 70g","عرض الجميع","3.99","https://karaz.ps/shop/product/maretti-mushrooms-baked-bread-70g/","https://karaz.ps/wp-content/uploads/2024/06/3800205875208-300x300.jpg"
"karaz_barcode","Werther’s Original Cream Candies Sugar Free 70g","وحدة","4014400907636","7.99","karaz_product_adopted_latest","26","68","","","","","Werther’s Original Cream Candies Sugar Free 70g","عرض الجميع","7.99","https://karaz.ps/shop/product/werthers-original-cream-candies-sugar-free-70g/","https://karaz.ps/wp-content/uploads/2024/06/4014400907636-300x300.jpg"
"karaz_barcode","Werther’s Original Cream Candies 150g","وحدة","4014400900880","7.99","karaz_product_adopted_latest","26","68","","","","","Werther’s Original Cream Candies 150g","عرض الجميع","7.99","https://karaz.ps/shop/product/werthers-original-cream-candies-150g/","https://karaz.ps/wp-content/uploads/2024/06/4014400900880-300x300.jpg"
"karaz_barcode","Mr. Chips Snack Mix Hot Chilli 77g","وحدة","6251036300167","5.99","karaz_product_adopted_latest","26","68","","","","","Mr. Chips Snack Mix Hot Chilli 77g","عرض الجميع","5.99","https://karaz.ps/shop/product/mr-chips-snack-mix-hot-chilli-77g/","https://karaz.ps/wp-content/uploads/2024/06/6251036300167-300x300.jpg"
"karaz_barcode","Maretti Fine Cheese Baked Bread 70g","وحدة","3800205875604","3.99","karaz_product_adopted_latest","26","68","","","","","Maretti Fine Cheese Baked Bread 70g","عرض الجميع","3.99","https://karaz.ps/shop/product/maretti-fine-cheese-baked-bread-70g/","https://karaz.ps/wp-content/uploads/2024/06/3800205875604-300x300.jpg"
"karaz_barcode","Maretti Tomato Baked Bread 70g","وحدة","3800205875109","3.99","karaz_product_adopted_latest","26","68","","","","","Maretti Tomato Baked Bread 70g","عرض الجميع","3.99","https://karaz.ps/shop/product/maretti-tomato-baked-bread-70g/","https://karaz.ps/wp-content/uploads/2024/06/3800205875109-300x300.jpg"
"karaz_barcode","Gullon Shortbread Biscuits 330g","وحدة","8410376009408","11.99","karaz_product_adopted_latest","14","38","","","","","Gullon Shortbread Biscuits 330g","عرض الجميع","11.99","https://karaz.ps/shop/product/gullon-shortbread-biscuits-330g/","https://karaz.ps/wp-content/uploads/2024/06/8410376009408-300x300.jpg"
"karaz_barcode","Maretti Sour Cream Baked Bread 70g","وحدة","3800205877325","3.99","karaz_product_adopted_latest","26","68","","","","","Maretti Sour Cream Baked Bread 70g","عرض الجميع","3.99","https://karaz.ps/shop/product/maretti-sour-cream-baked-bread-70g/","https://karaz.ps/wp-content/uploads/2024/06/3800205877325-300x300.jpg"
"karaz_barcode","Mentos Clean Breath Mint Peach Flavor 35g","وحدة","8935001716235","11.99","karaz_product_adopted_latest","14","37","","","","","Mentos Clean Breath Mint Peach Flavor 35g","السكاكر والعلكة","11.99","https://karaz.ps/shop/product/mentos-clean-breath-mint-peach-flavor-35g/","https://karaz.ps/wp-content/uploads/2023/05/8935001716235-300x300.jpg"
"karaz_barcode","Fruit Roll-Ups Strawberry & Tropical  72 Rolls","وحدة","016000495821","219.99","karaz_product_adopted_latest","14","37","","","","","Fruit Roll-Ups Strawberry & Tropical  72 Rolls","السكاكر والعلكة","219.99","https://karaz.ps/shop/product/fruit-roll-ups-strawberry-tropical-72-rolls/","https://karaz.ps/wp-content/uploads/2023/05/016000495821-300x300.jpg"
"karaz_barcode","Fruit Roll-Ups 14g","وحدة","016000502963","1.99","karaz_product_adopted_latest","14","37","","","","","Fruit Roll-Ups 14g","السكاكر والعلكة","1.99","https://karaz.ps/shop/product/fruit-roll-ups-14g/","https://karaz.ps/wp-content/uploads/2023/05/016000502963-300x300.jpg"
"karaz_barcode","Werther’s Original Creamy Filling Classic Candies 125g","وحدة","4014400913910","6.99","karaz_product_adopted_latest","14","37","","","","","Werther’s Original Creamy Filling Classic Candies 125g","السكاكر والعلكة","6.99","https://karaz.ps/shop/product/werthers-original-creamy-filling-classic-candies-125g/","https://karaz.ps/wp-content/uploads/2022/12/4014400913910-300x300.jpg"
"karaz_barcode","Werther’s Original Chocolate Cream Candy 60g","وحدة","4014400919073","7.99","karaz_product_adopted_latest","14","36","","","","","Werther’s Original Chocolate Cream Candy 60g","السكاكر والعلكة","7.99","https://karaz.ps/shop/product/werthers-original-chocolate-cream-candy-60g/","https://karaz.ps/wp-content/uploads/2022/12/4014400919073-300x300.jpg"
"karaz_barcode","Sour Patch Kids Watermelon 56g","وحدة","070462098525","5.99","karaz_product_adopted_latest","14","37","","","","","Sour Patch Kids Watermelon 56g","السكاكر والعلكة","5.99","https://karaz.ps/shop/product/sour-patch-kids-watermelon-56g/","https://karaz.ps/wp-content/uploads/2022/12/070462098525-300x300.jpg"
"karaz_barcode","Werther’s Original Cream Candies Sugar Free 42 g","وحدة","4014400907902","5.99","karaz_product_adopted_latest","14","37","","","","","Werther’s Original Cream Candies Sugar Free 42 g","السكاكر والعلكة","5.99","https://karaz.ps/shop/product/werthers-original-cream-candies-sugar-free-42-g/","https://karaz.ps/wp-content/uploads/2022/11/4014400907902-300x300.jpg"
"karaz_barcode","Tian’s Confection Circle Marshmallow Candy 138 gr","وحدة","6927262800855","4.99","karaz_product_adopted_latest","14","37","","","","","Tian’s Confection Circle Marshmallow Candy 138 gr","السكاكر والعلكة","4.99","https://karaz.ps/shop/product/tians-confection-circle-marshmallow-candy-138-gr/","https://karaz.ps/wp-content/uploads/2022/10/6927262800855-300x300.jpg"
"karaz_barcode","Ricola Alpin Fresh Swiss Herb Drops 40g","وحدة","7610700622438","11.99","karaz_product_adopted_latest","14","37","","","","","Ricola Alpin Fresh Swiss Herb Drops 40g","السكاكر والعلكة","11.99","https://karaz.ps/shop/product/ricola-alpin-fresh-swiss-herb-drops-40g/","https://karaz.ps/wp-content/uploads/2022/10/7610700622438-300x300.jpg"
"karaz_barcode","Pringles Salt &Vinegar 40g","وحدة","5053990107353","4.5","karaz_product_adopted_latest","16","42","","","","","Pringles Salt &Vinegar 40g","الشيبس و المسليات","4.5","https://karaz.ps/shop/product/pringles-salt-vinegar-40g/","https://karaz.ps/wp-content/uploads/2023/05/5053990107353-300x300.jpg"
"karaz_barcode","Poco Loco Hot salsa Dip 310g","وحدة","5412514999933","21.99","karaz_product_adopted_latest","16","42","","","","","Poco Loco Hot salsa Dip 310g","الشيبس و المسليات","21.99","https://karaz.ps/shop/product/poco-loco-hot-salsa-dip-310g/","https://karaz.ps/wp-content/uploads/2023/05/5412514999933-300x300.jpg"
"karaz_barcode","Poco Loco Dip صلصة 315g – Medium Mexicana","وحدة","5412514999919","17.99","karaz_product_adopted_latest","17","43","","","","","Poco Loco Dip صلصة 315g – Medium Mexicana","الشيبس و المسليات","17.99","https://karaz.ps/shop/product/poco-loco-dip-%d8%b5%d9%84%d8%b5%d8%a9-315g-medium-mexicana/","https://karaz.ps/wp-content/uploads/2023/05/5412514999919-300x300.jpg"
"karaz_barcode","Candy POP Popcorn Snickers 149g","وحدة","814109021350","23.99","karaz_product_adopted_latest","16","42","","","","","Candy POP Popcorn Snickers 149g","الشيبس و المسليات","23.99","https://karaz.ps/shop/product/candy-pop-popcorn-snickers-149g/","https://karaz.ps/wp-content/uploads/2023/01/814109021350-300x300.jpg"
"karaz_barcode","Cheez-It Original Crackers 42g","وحدة","024100122615","3.99","karaz_product_adopted_latest","16","42","","","","","Cheez-It Original Crackers 42g","الشيبس و المسليات","3.99","https://karaz.ps/shop/product/cheez-it-original-crackers-42g/","https://karaz.ps/wp-content/uploads/2022/12/024100122615-300x300.jpg"
"karaz_barcode","Sun Chips Harvest Cheddar 184g","وحدة","028400017428","20.99","karaz_product_adopted_latest","16","42","","","","","Sun Chips Harvest Cheddar 184g","الشيبس و المسليات","20.99","https://karaz.ps/shop/product/sun-chips-harvest-cheddar-184g/","https://karaz.ps/wp-content/uploads/2022/12/028400017428-300x300.jpg"
"karaz_barcode","Mr. Chips Waffle Cut Sweet Chilli Pepper 75g","وحدة","6251036019922","5.99","karaz_product_adopted_latest","16","42","","","","","Mr. Chips Waffle Cut Sweet Chilli Pepper 75g","الشيبس و المسليات","5.99","https://karaz.ps/shop/product/mr-chips-waffle-cut-sweet-chilli-pepper-75g/","https://karaz.ps/wp-content/uploads/2022/12/6251036019922-300x300.jpg"
"karaz_barcode","Paradise Baked Crackers Thyme 300g","وحدة","6253507555946","9.99","karaz_product_adopted_latest","16","42","","","","","Paradise Baked Crackers Thyme 300g","الشيبس و المسليات","9.99","https://karaz.ps/shop/product/paradise-baked-crackers-thyme-300g/","https://karaz.ps/wp-content/uploads/2023/12/6253507555946-small.jpg"
"karaz_barcode","Paradise Baked Crackers Nigella Sativa & Sesame 45g","وحدة","202212060011","1.99","karaz_product_adopted_latest","16","42","","","","","Paradise Baked Crackers Nigella Sativa & Sesame 45g","الشيبس و المسليات","1.99","https://karaz.ps/shop/product/paradise-baked-crackers-nigella-sativa-sesame-45g/","https://karaz.ps/wp-content/uploads/2022/12/IMG-20221206-WA0011-300x391.jpg"
"karaz_barcode","Loacker Quadratini Double Choc 250g","وحدة","8000380192588","12.99","karaz_product_adopted_latest","14","36","","","","","Loacker Quadratini Double Choc 250g","البسكويت والشوكولاتة","12.99","https://karaz.ps/shop/product/loacker-quadratini-double-choc-250g/","https://karaz.ps/wp-content/uploads/2023/10/8000380192588-small.jpg"
"karaz_barcode","Allin Protean Bar White Chocolate Peanut Caramel 60g","وحدة","7290018703991","12.99","karaz_product_adopted_latest","14","36","","","","","Allin Protean Bar White Chocolate Peanut Caramel 60g","البسكويت والشوكولاتة","12.99","https://karaz.ps/shop/product/allin-protean-bar-white-chocolate-peanut-caramel-60g-3/","https://karaz.ps/wp-content/uploads/2023/10/7290018703991-small.jpg"
"karaz_barcode","Allin Protein Bar White Chocolate Peanut Caramel 60g","وحدة","7290018703984","12.99","karaz_product_adopted_latest","14","36","","","","","Allin Protein Bar White Chocolate Peanut Caramel 60g","البسكويت والشوكولاتة","12.99","https://karaz.ps/shop/product/allin-protean-bar-white-chocolate-peanut-caramel-60g-2/","https://karaz.ps/wp-content/uploads/2023/10/7290018703984-small.jpg"
"karaz_barcode","Allin Protean Bar Double Chocolate 60g","وحدة","7290019310211","12.99","karaz_product_adopted_latest","14","36","","","","","Allin Protean Bar Double Chocolate 60g","البسكويت والشوكولاتة","12.99","https://karaz.ps/shop/product/allin-protean-bar-double-chocolate-60g/","https://karaz.ps/wp-content/uploads/2023/10/7290019310211-small.jpg"
"karaz_barcode","Allin Protein Bar Peanut Caramel 60g","وحدة","7290018703472","12.99","karaz_product_adopted_latest","14","36","","","","","Allin Protein Bar Peanut Caramel 60g","البسكويت والشوكولاتة","12.99","https://karaz.ps/shop/product/allin-protean-bar-peanut-caramel-60g/","https://karaz.ps/wp-content/uploads/2023/10/7290018703472-small.jpg"
"karaz_barcode","Osem Mini’s Cookies Stuffed with Strawberry 300g","وحدة","","9.99","karaz_product_adopted_latest","14","36","","","","","Osem Mini’s Cookies Stuffed with Strawberry 300g","البسكويت والشوكولاتة","9.99","https://karaz.ps/shop/product/osem-minis-cookies-stuffed-with-strawberry-300g/","https://karaz.ps/wp-content/uploads/woocommerce-placeholder-300x300.png"
"karaz_barcode","kinder Happy Hippo Hazelnut x5","وحدة","8000500311486","13.99","karaz_product_adopted_latest","14","36","","","","","kinder Happy Hippo Hazelnut x5","البسكويت والشوكولاتة","13.99","https://karaz.ps/shop/product/kinder-happy-hippo-hazelnut-x5/","https://karaz.ps/wp-content/uploads/2023/07/8000500311486-300x300.jpg"
"karaz_barcode","Kellogg’s Nutri Grain Apple Cinnamon 444g","وحدة","038000924422","32.99","karaz_product_adopted_latest","14","36","","","","","Kellogg’s Nutri Grain Apple Cinnamon 444g","البسكويت والشوكولاتة","32.99","https://karaz.ps/shop/product/kelloggs-nutri-grain-apple-cinnamon-444g/","https://karaz.ps/wp-content/uploads/2023/06/038000924422-300x300.jpg"
"karaz_barcode","Kelloggs Nutri Grain Strawberry 444g","وحدة","038000924460","32.99","karaz_product_adopted_latest","14","36","","","","","Kelloggs Nutri Grain Strawberry 444g","البسكويت والشوكولاتة","32.99","https://karaz.ps/shop/product/kelloggs-nutri-grain-strawberry-444g/","https://karaz.ps/wp-content/uploads/2023/06/038000924460-300x300.jpg"
"karaz_barcode","Kellogg’s Nutri Grain Blueberry 444g","وحدة","038000924446","32.99","karaz_product_adopted_latest","14","36","","","","","Kellogg’s Nutri Grain Blueberry 444g","البسكويت والشوكولاتة","32.99","https://karaz.ps/shop/product/kelloggs-nutri-grain-blueberry-444g/","https://karaz.ps/wp-content/uploads/2023/06/038000924446-300x300.jpg"
"karaz_barcode","Keebler Fudge Stripes Minis Original 340g","وحدة","027800163131","17.99","karaz_product_adopted_latest","14","36","","","","","Keebler Fudge Stripes Minis Original 340g","البسكويت والشوكولاتة","17.99","https://karaz.ps/shop/product/keebler-fudge-stripes-minis-original-340g/","https://karaz.ps/wp-content/uploads/2023/06/027800163131-300x300.jpg"
"karaz_barcode","Milka MMMax Choco & Biscuit 300g","وحدة","7622200009084","17.99","karaz_product_adopted_latest","14","36","","","","","Milka MMMax Choco & Biscuit 300g","البسكويت والشوكولاتة","17.99","https://karaz.ps/shop/product/milka-mmmax-choco-biscuit-300g/","https://karaz.ps/wp-content/uploads/2023/06/7622200009084-300x300.jpg"
"karaz_barcode","Hershey’s Miniatures Chocolate 484g","وحدة","034000217144","29.99","karaz_product_adopted_latest","14","36","","","","","Hershey’s Miniatures Chocolate 484g","البسكويت والشوكولاتة","29.99","https://karaz.ps/shop/product/hersheys-miniatures-chocolate-484g/","https://karaz.ps/wp-content/uploads/2023/06/034000217144-300x300.jpg"
"karaz_barcode","Dulcesol Burger Bread With Sesame 300g","وحدة","8410087369426","9.99","karaz_product_adopted_latest","8","23","","","","","Dulcesol Burger Bread With Sesame 300g","المخبز  المخبوزات","9.99","https://karaz.ps/shop/product/dulcesol-burger-bread-with-sesame-300g/","https://karaz.ps/wp-content/uploads/2024/06/8410087369426-300x300.jpg"
"karaz_barcode","Dulcesol Maxi Burger 300g","وحدة","8410087036014","9.99","karaz_product_adopted_latest","8","23","","","","","Dulcesol Maxi Burger 300g","المخبز  المخبوزات","9.99","https://karaz.ps/shop/product/dulcesol-maxi-burger-300g/","https://karaz.ps/wp-content/uploads/2024/06/8410087036014-300x300.jpg"
"karaz_barcode","Tamarai Keto Brownies Chocolate Cake براونيز كيك بالشوكولاتة كيتو","وحدة","1667454767298","27.99","karaz_product_adopted_latest","8","23","","","","","Tamarai Keto Brownies Chocolate Cake براونيز كيك بالشوكولاتة كيتو","المخبز  المخبوزات","27.99","https://karaz.ps/shop/product/tamarai-keto-brownies-chocolate-cake-%d8%a8%d8%b1%d8%a7%d9%88%d9%86%d9%8a%d8%b2-%d9%83%d9%8a%d9%83-%d8%a8%d8%a7%d9%84%d8%b4%d9%88%d9%83%d9%88%d9%84%d8%a7%d8%aa%d8%a9-%d9%83%d9%8a%d8%aa%d9%88/","https://karaz.ps/wp-content/uploads/2024/09/1667454767298-300x300.jpg"
"karaz_barcode","Tamarai Keto Blueberry Cheesecake Cup كاسة تشيز كيك بالبلوبيري كيتو","وحدة","80018000000099170","29.99","karaz_product_adopted_latest","8","23","","","","","Tamarai Keto Blueberry Cheesecake Cup كاسة تشيز كيك بالبلوبيري كيتو","المخبز  المخبوزات","29.99","https://karaz.ps/shop/product/tamarai-keto-blueberry-cheesecake-cup-%d9%83%d8%a7%d8%b3%d8%a9-%d8%aa%d8%b4%d9%8a%d8%b2-%d9%83%d9%8a%d9%83-%d8%a8%d8%a7%d9%84%d8%a8%d9%84%d9%88%d8%a8%d9%8a%d8%b1%d9%8a-%d9%83%d9%8a%d8%aa%d9%88/","https://karaz.ps/wp-content/uploads/2022/07/80018000000099170-300x300.jpg"
"karaz_barcode","Tamarai Keto Strawberry Cheesecake Cup كاسة تشيز كيك بالفراولة كيتو","وحدة","80018000000099098","24.99","karaz_product_adopted_latest","8","23","","","","","Tamarai Keto Strawberry Cheesecake Cup كاسة تشيز كيك بالفراولة كيتو","المخبز  المخبوزات","24.99","https://karaz.ps/shop/product/tamarai-keto-strawberry-cheesecake-cup-%d9%83%d8%a7%d8%b3%d8%a9-%d8%aa%d8%b4%d9%8a%d8%b2-%d9%83%d9%8a%d9%83-%d8%a8%d8%a7%d9%84%d9%81%d8%b1%d8%a7%d9%88%d9%84%d8%a9-%d9%83%d9%8a%d8%aa%d9%88/","https://karaz.ps/wp-content/uploads/2022/07/80018000000099098-300x300.jpg"
"karaz_barcode","Tamarai Keto Winter Cake 1PCS قطعة وينتر كيك","وحدة","80018000000099095","47.99","karaz_product_adopted_latest","8","23","","","","","Tamarai Keto Winter Cake 1PCS قطعة وينتر كيك","المخبز  المخبوزات","47.99","https://karaz.ps/shop/product/tamarai-keto-winter-cake-1pcs-%d9%82%d8%b7%d8%b9%d8%a9-%d9%88%d9%8a%d9%86%d8%aa%d8%b1-%d9%83%d9%8a%d9%83/","https://karaz.ps/wp-content/uploads/2022/07/80018000000099095-300x300.jpg"
"karaz_barcode","Tamarai Keto Muffins 1PCS قطعة موفين كيتو","وحدة","80018000000099101","11.99","karaz_product_adopted_latest","8","23","","","","","Tamarai Keto Muffins 1PCS قطعة موفين كيتو","المخبز  المخبوزات","11.99","https://karaz.ps/shop/product/tamarai-keto-muffins-1pcs-%d9%82%d8%b7%d8%b9%d8%a9-%d9%85%d9%88%d9%81%d9%8a%d9%86-%d9%83%d9%8a%d8%aa%d9%88/","https://karaz.ps/wp-content/uploads/2022/07/80018000000099101-a-300x300.jpg"
"karaz_barcode","Poco Loco Tortillas Original 370g (6 Wraps)","وحدة","5412514350000","21.99","karaz_product_adopted_latest","8","23","","","","","Poco Loco Tortillas Original 370g (6 Wraps)","المخبز  المخبوزات","21.99","https://karaz.ps/shop/product/poco-loco-tortillas-original-%d8%ae%d8%a8%d8%b2-%d8%aa%d8%a7%d9%83%d9%88-%d8%aa%d9%88%d8%b1%d8%aa%d9%8a%d9%84%d8%a7-%d8%b9%d8%af%d8%af-6-%d8%ad%d8%ac%d9%85-%d9%83%d8%a8%d9%8a%d8%b1/","https://karaz.ps/wp-content/uploads/2022/07/5412514350000-300x300.jpg"
"karaz_barcode","Poco Loco Tortillas Original 320g (8 Wraps)","وحدة","5412514555559","17.99","karaz_product_adopted_latest","8","23","","","","","Poco Loco Tortillas Original 320g (8 Wraps)","المخبز  المخبوزات","17.99","https://karaz.ps/shop/product/poco-loco-tortillas-original-%d8%ae%d8%a8%d8%b2-%d8%aa%d8%a7%d9%83%d9%88-%d8%aa%d9%88%d8%b1%d8%aa%d9%8a%d9%84%d8%a7-%d8%b9%d8%af%d8%af-8/","https://karaz.ps/wp-content/uploads/2022/06/5412514555559-300x300.jpg"
"karaz_barcode","Dawn Fresh American Donuts دونتس أمريكي طازج","وحدة","","5.99","karaz_product_adopted_latest","8","23","","","","","Dawn Fresh American Donuts دونتس أمريكي طازج","المخبز  المخبوزات","5.99","https://karaz.ps/shop/product/dawn-fresh-american-donuts-%d8%af%d9%88%d9%86%d8%aa%d8%b3-%d8%a3%d9%85%d8%b1%d9%8a%d9%83%d9%8a-%d8%b7%d8%a7%d8%b2%d8%ac/","https://karaz.ps/wp-content/uploads/2022/06/main-image-donuts-300x300.jpg"
"karaz_barcode","خبزكماج طازج عدد 10","وحدة","010101","3.5","karaz_product_adopted_latest","8","23","","","","","خبزكماج طازج عدد 10","المخبز  المخبوزات","3.5","https://karaz.ps/shop/product/%d8%ae%d8%a8%d8%b2%d9%83%d9%85%d8%a7%d8%ac-%d8%b7%d8%a7%d8%b2%d8%ac-%d8%b9%d8%af%d8%af-10/","https://karaz.ps/wp-content/uploads/2022/06/010101-300x300.jpg"
"karaz_barcode","Dulcesol Blanco White Sliced Bread 820g","وحدة","8410087413945","12.99","karaz_product_adopted_latest","8","23","","","","","Dulcesol Blanco White Sliced Bread 820g","المخبز  المخبوزات","12.99","https://karaz.ps/shop/product/dulcesol-blanco-white-sliced-bread-820g/","https://karaz.ps/wp-content/uploads/2024/06/8410087413945-300x300.jpg"
"karaz_barcode","Dulcesol Bloomer Fibre Sliced Bread 450g","وحدة","8410087416878","11.99","karaz_product_adopted_latest","8","23","","","","","Dulcesol Bloomer Fibre Sliced Bread 450g","المخبز  المخبوزات","11.99","https://karaz.ps/shop/product/dulcesol-bloomer-fibre-sliced-bread-450g/","https://karaz.ps/wp-content/uploads/2024/06/8410087416878-300x300.jpg"
"karaz_barcode","Dulcesol Sottile Integral 310g","وحدة","84100878200332","12.99","karaz_product_adopted_latest","8","23","","","","","Dulcesol Sottile Integral 310g","المخبز  المخبوزات","12.99","https://karaz.ps/shop/product/dulcesol-sottile-integral-310g/","https://karaz.ps/wp-content/uploads/2024/06/8410087820033-2-300x300.jpg"
"karaz_barcode","Dulcesol Integral Wheat Sliced Bread 820g","وحدة","8410087413952","12.99","karaz_product_adopted_latest","8","23","","","","","Dulcesol Integral Wheat Sliced Bread 820g","المخبز  المخبوزات","12.99","https://karaz.ps/shop/product/dulcesol-integral-wheat-sliced-bread-820g/","https://karaz.ps/wp-content/uploads/2024/06/8410087413952-300x300.jpg"
"karaz_barcode","Dulcesol Sottile With Seeds 310g","وحدة","8410087820019","12.99","karaz_product_adopted_latest","8","23","","","","","Dulcesol Sottile With Seeds 310g","المخبز  المخبوزات","12.99","https://karaz.ps/shop/product/dulcesol-sottile-with-seeds-310g/","https://karaz.ps/wp-content/uploads/2024/06/8410087820019-300x300.jpg"
"karaz_barcode","Nescafe Dolce Gusto Espresso Palermo Cremoso #10 X16","وحدة","76132873438572","25.99","karaz_product_adopted_latest","18","47","","","","","Nescafe Dolce Gusto Espresso Palermo Cremoso #10 X16","القهوة ومستلزماتها","25.99","https://karaz.ps/shop/product/nescafe-dolce-gusto-espresso-palermo-cremoso-10-x16/","https://karaz.ps/wp-content/uploads/2024/06/7613287343857-2-300x300.jpg"
"karaz_barcode","Lavazza Nespresso Crema E Gusto Dolce x10","وحدة","80000700598182","15.99","karaz_product_adopted_latest","18","47","","","","","Lavazza Nespresso Crema E Gusto Dolce x10","القهوة ومستلزماتها","15.99","https://karaz.ps/shop/product/lavazza-nespresso-crema-e-gusto-dolce-x10/","https://karaz.ps/wp-content/uploads/2024/06/8000070059818-2-300x300.jpg"
"karaz_barcode","Lavazza Modo Mio Dek x36","وحدة","80000700509762","44.99","karaz_product_adopted_latest","18","47","","","","","Lavazza Modo Mio Dek x36","القهوة ومستلزماتها","44.99","https://karaz.ps/shop/product/lavazza-modo-mio-dek-x36/","https://karaz.ps/wp-content/uploads/2024/06/8000070050976-2-300x300.jpg"
"karaz_barcode","Lavazza Nespresso Dek x10","وحدة","80000700535022","15.99","karaz_product_adopted_latest","18","47","","","","","Lavazza Nespresso Dek x10","القهوة ومستلزماتها","15.99","https://karaz.ps/shop/product/lavazza-nespresso-dek-x10/","https://karaz.ps/wp-content/uploads/2024/06/8000070053502-2-300x300.jpg"
"karaz_barcode","Jacobs TYP Cappuccino Choco 500g","وحدة","8711000524589","27.99","karaz_product_adopted_latest","18","47","","","","","Jacobs TYP Cappuccino Choco 500g","القهوة ومستلزماتها","27.99","https://karaz.ps/shop/product/jacobs-typ-cappuccino-choco-500g/","https://karaz.ps/wp-content/uploads/2024/06/8711000524589-300x300.jpg"
"karaz_barcode","Borbone Nespresso Espresso Intenso x10","وحدة","80551764301532","12.99","karaz_product_adopted_latest","18","47","","","","","Borbone Nespresso Espresso Intenso x10","القهوة ومستلزماتها","12.99","https://karaz.ps/shop/product/borbone-nespresso-espresso-intenso-x10/","https://karaz.ps/wp-content/uploads/2024/06/8055176430153-2-300x300.jpg"
"karaz_barcode","Borbone Nespresso Crema Classica x10","وحدة","80551764301461","12.99","karaz_product_adopted_latest","18","47","","","","","Borbone Nespresso Crema Classica x10","القهوة ومستلزماتها","12.99","https://karaz.ps/shop/product/borbone-nespresso-crema-classica-x10/","https://karaz.ps/wp-content/uploads/2024/06/80551764301461-300x300.jpg"
"karaz_barcode","Jacobs TYP Cappuccino Choco Vanilla 500g","وحدة","8711000524640","27.99","karaz_product_adopted_latest","18","47","","","","","Jacobs TYP Cappuccino Choco Vanilla 500g","القهوة ومستلزماتها","27.99","https://karaz.ps/shop/product/jacobs-typ-cappuccino-choco-vanilla-500g/","https://karaz.ps/wp-content/uploads/2024/06/8711000524640-300x300.jpg"
"karaz_barcode","Lavazza Nespresso Espresso Maestro Ristretto x10","وحدة","80000700535642","15.99","karaz_product_adopted_latest","18","47","","","","","Lavazza Nespresso Espresso Maestro Ristretto x10","القهوة ومستلزماتها","15.99","https://karaz.ps/shop/product/lavazza-nespresso-espresso-maestro-ristretto-x10/","https://karaz.ps/wp-content/uploads/2024/06/8000070053564-2-300x300.jpg"
"karaz_barcode","Italian Coffee Dolce Gusto Chocomou x16","وحدة","8054890317450","21.99","karaz_product_adopted_latest","18","47","","","","","Italian Coffee Dolce Gusto Chocomou x16","القهوة ومستلزماتها","21.99","https://karaz.ps/shop/product/italian-coffee-dolce-gusto-chocomou-x16/","https://karaz.ps/wp-content/uploads/2024/06/8054890317450-300x300.jpg"
"karaz_barcode","Jacobs TYP Cappuccino Choco Nuss 500g","وحدة","8711000524619","27.99","karaz_product_adopted_latest","18","47","","","","","Jacobs TYP Cappuccino Choco Nuss 500g","القهوة ومستلزماتها","27.99","https://karaz.ps/shop/product/jacobs-typ-cappuccino-choco-nuss-500g/","https://karaz.ps/wp-content/uploads/2024/06/8711000524619-300x300.jpg"
"karaz_barcode","Lavazza Nespresso Crema E Gusto Ricco x10","وحدة","80000700598322","15.99","karaz_product_adopted_latest","18","47","","","","","Lavazza Nespresso Crema E Gusto Ricco x10","القهوة ومستلزماتها","15.99","https://karaz.ps/shop/product/lavazza-nespresso-crema-e-gusto-ricco-x10/","https://karaz.ps/wp-content/uploads/2024/06/8000070059832-2-300x300.jpg"
"karaz_barcode","Italian Coffee Dolce Gusto Vanillaciok x16","وحدة","80548903164222","21.99","karaz_product_adopted_latest","18","47","","","","","Italian Coffee Dolce Gusto Vanillaciok x16","القهوة ومستلزماتها","21.99","https://karaz.ps/shop/product/italian-coffee-dolce-gusto-vanillaciok-x16/","https://karaz.ps/wp-content/uploads/2024/06/8054890316422-2-300x300.jpg"
"karaz_barcode","Illy Nespresso Forte Espresso x10","وحدة","80037531585872","22.99","karaz_product_adopted_latest","18","47","","","","","Illy Nespresso Forte Espresso x10","القهوة ومستلزماتها","22.99","https://karaz.ps/shop/product/illy-nespresso-forte-espresso-x10/","https://karaz.ps/wp-content/uploads/2024/06/8003753158587-2-300x300.jpg"
"karaz_barcode","Lavazza Nespresso Qualita Rossa x10","وحدة","80000700535262","15.99","karaz_product_adopted_latest","18","47","","","","","Lavazza Nespresso Qualita Rossa x10","القهوة ومستلزماتها","15.99","https://karaz.ps/shop/product/lavazza-nespresso-qualita-rossa-x10/","https://karaz.ps/wp-content/uploads/2024/06/8000070053526-2-300x300.jpg"
"karaz_barcode","Snickers Dolce Gusto x8","وحدة","50563579088462","25.99","karaz_product_adopted_latest","18","47","","","","","Snickers Dolce Gusto x8","القهوة ومستلزماتها","25.99","https://karaz.ps/shop/product/snickers-dolce-gusto-x8/","https://karaz.ps/wp-content/uploads/2024/06/5056357908846-2-300x300.jpg"
"karaz_barcode","Borbone Modo Mio Orzo x16","وحدة","80340283354192","19.99","karaz_product_adopted_latest","18","47","","","","","Borbone Modo Mio Orzo x16","القهوة ومستلزماتها","19.99","https://karaz.ps/shop/product/borbone-modo-mio-orzo-x16/","https://karaz.ps/wp-content/uploads/2023/05/8034028335419-2-300x300.jpg"
"karaz_barcode","Nescafe Dolce Gusto Americano Intenso x16","وحدة","7613287162212","22.99","karaz_product_adopted_latest","18","47","","","","","Nescafe Dolce Gusto Americano Intenso x16","القهوة ومستلزماتها","22.99","https://karaz.ps/shop/product/nescafe-dolce-gusto-americano-intenso-x16/","https://karaz.ps/wp-content/uploads/2023/01/7613287162212-300x300.jpg"
"karaz_barcode","إشتري 3 كيلو قهوة AVANZA كل شهر لتحصل على ماكنة SENSO-T6","وحدة","22899759947495203989036","299.99","karaz_product_adopted_latest","18","47","","","","","إشتري 3 كيلو قهوة AVANZA كل شهر لتحصل على ماكنة SENSO-T6","ماكينات تحضير القهوة","299.99","https://karaz.ps/shop/product/senso-sub/","https://karaz.ps/wp-content/uploads/2022/09/A22F8B99-7599-47D4-A95C-2039FF89F036-300x300.jpg"
"karaz_barcode","Bialetti Gioia Coffee Machine ماكنة تحضير القهوة – White","وحدة","8001306007054","269.99","karaz_product_adopted_latest","18","47","","","","","Bialetti Gioia Coffee Machine ماكنة تحضير القهوة – White","ماكينات تحضير القهوة","269.99","https://karaz.ps/shop/product/bialetti-gioia-coffee-machine-%d9%85%d8%a7%d9%83%d9%86%d8%a9-%d8%aa%d8%ad%d8%b6%d9%8a%d8%b1-%d8%a7%d9%84%d9%82%d9%87%d9%88%d8%a9-white/","https://karaz.ps/wp-content/uploads/2022/06/8001306007054-300x300.jpg"
"karaz_barcode","Bialetti Gioia Coffee Machine ماكنة تحضير القهوة – Yellow","وحدة","8001306007061","269.99","karaz_product_adopted_latest","18","47","","","","","Bialetti Gioia Coffee Machine ماكنة تحضير القهوة – Yellow","ماكينات تحضير القهوة","269.99","https://karaz.ps/shop/product/bialetti-gioia-coffee-machine-%d9%85%d8%a7%d9%83%d9%86%d8%a9-%d8%aa%d8%ad%d8%b6%d9%8a%d8%b1-%d8%a7%d9%84%d9%82%d9%87%d9%88%d8%a9-yellow/","https://karaz.ps/wp-content/uploads/2022/06/8001306007061-300x300.jpg"
"karaz_barcode","Krups Nescafe Dolce Gusto Piccolo XS Black","وحدة","3016661155628","269.99","karaz_product_adopted_latest","18","47","","","","","Krups Nescafe Dolce Gusto Piccolo XS Black","ماكينات تحضير القهوة","269.99","https://karaz.ps/shop/product/krups-nescafe-dolce-gusto-piccolo-xs-black/","https://karaz.ps/wp-content/uploads/2024/06/3016661155628-300x300.jpg"
"karaz_barcode","Krups Nescafe Dolce Gusto GENIO S Plus","وحدة","3016661158735","429.99","karaz_product_adopted_latest","18","47","","","","","Krups Nescafe Dolce Gusto GENIO S Plus","ماكينات تحضير القهوة","429.99","https://karaz.ps/shop/product/krups-nescafe-dolce-gusto-genio-s-plus/","https://karaz.ps/wp-content/uploads/2024/06/3016661158735-300x300.jpg"
"karaz_barcode","Krups Nescafe Dolce Gusto Piccolo XS Red","وحدة","3016661155604","269.99","karaz_product_adopted_latest","18","47","","","","","Krups Nescafe Dolce Gusto Piccolo XS Red","ماكينات تحضير القهوة","269.99","https://karaz.ps/shop/product/krups-nescafe-dolce-gusto-piccolo-xs-red/","https://karaz.ps/wp-content/uploads/2024/06/3016661155604-300x300.jpg"
"karaz_barcode","Bialetti Gioia Espresso Machine Black","وحدة","8001306007283","269.99","karaz_product_adopted_latest","18","47","","","","","Bialetti Gioia Espresso Machine Black","ماكينات تحضير القهوة","269.99","https://karaz.ps/shop/product/bialetti-gioia-espresso-machine-black/","https://karaz.ps/wp-content/uploads/2022/09/8001306007283-300x300.jpg"
"karaz_barcode","K95 professional Coffee Machine ماكينة صنع  القهوة المتطورة","وحدة","21020346050","9990","karaz_product_adopted_latest","18","47","","","","","K95 professional Coffee Machine ماكينة صنع  القهوة المتطورة","ماكينات تحضير القهوة","9990","https://karaz.ps/shop/product/k95-professional-coffee-machine-%d9%85%d8%a7%d9%83%d9%8a%d9%86%d8%a9-%d8%b5%d9%86%d8%b9-%d8%a7%d9%84%d9%82%d9%87%d9%88%d8%a9-%d8%a7%d9%84%d9%85%d8%aa%d8%b7%d9%88%d8%b1%d8%a9/","https://karaz.ps/wp-content/uploads/2022/09/21020346-050-300x300.jpg"
"karaz_barcode","ماكنة تحضير القهوة SENSO T6 Touch Coffee Machine","وحدة","0792625233078","2190","karaz_product_adopted_latest","18","47","","","","","ماكنة تحضير القهوة SENSO T6 Touch Coffee Machine","ماكينات تحضير القهوة","2190","https://karaz.ps/shop/product/senso-t6-touch-coffee-machine/","https://karaz.ps/wp-content/uploads/2022/09/0792625233078-300x300.jpg"
"karaz_barcode","Melitta Easy Coffee Machine White","وحدة","4006508218721","179.99","karaz_product_adopted_latest","18","47","","","","","Melitta Easy Coffee Machine White","ماكينات تحضير القهوة","179.99","https://karaz.ps/shop/product/melitta-easy-coffee-machine-white/","https://karaz.ps/wp-content/uploads/2022/09/4006508218721-300x300.jpg"
"karaz_barcode","Melitta Epos Black Coffee Machine","وحدة","4006508219414","1690","karaz_product_adopted_latest","18","47","","","","","Melitta Epos Black Coffee Machine","ماكينات تحضير القهوة","1690","https://karaz.ps/shop/product/melitta-epos-black-coffee-machine/","https://karaz.ps/wp-content/uploads/2022/09/4006508219414-300x300.jpg"
"karaz_barcode","Melitta Aroma Fresh Metallic Grey Coffee Machine","وحدة","4006508223602","1190","karaz_product_adopted_latest","18","47","","","","","Melitta Aroma Fresh Metallic Grey Coffee Machine","ماكينات تحضير القهوة","1190","https://karaz.ps/shop/product/melitta-aroma-fresh-metallic-grey-coffee-machine/","https://karaz.ps/wp-content/uploads/2022/09/4006508223602-300x300.jpg"
"karaz_barcode","Melitta Aroma Fresh Steel Coffee Machine","وحدة","4006508217311","1190","karaz_product_adopted_latest","18","47","","","","","Melitta Aroma Fresh Steel Coffee Machine","ماكينات تحضير القهوة","1190","https://karaz.ps/shop/product/melitta-aroma-fresh-steel-coffee-machine/","https://karaz.ps/wp-content/uploads/2022/09/4006508217311-300x300.jpg"
"karaz_barcode","Melitta Aroma Fresh Copper Coffee Machine","وحدة","4006508223855","1190","karaz_product_adopted_latest","18","47","","","","","Melitta Aroma Fresh Copper Coffee Machine","ماكينات تحضير القهوة","1190","https://karaz.ps/shop/product/melitta-aroma-fresh-copper-coffee-machine/","https://karaz.ps/wp-content/uploads/2022/09/4006508223855-300x300.jpg"
"karaz_barcode","Nespresso Vertuo Next Dark Navy Blue","وحدة","7630428751371","990","karaz_product_adopted_latest","18","47","","","","","Nespresso Vertuo Next Dark Navy Blue","ماكينات تحضير القهوة","990","https://karaz.ps/shop/product/nespresso-vertuo-next-dark-navy-blue/","https://karaz.ps/wp-content/uploads/2022/09/7630428751371-300x300.jpg"
"karaz_barcode","Nespresso Vertuo Next Baby Blue","وحدة","7630428751388","990","karaz_product_adopted_latest","18","47","","","","","Nespresso Vertuo Next Baby Blue","ماكينات تحضير القهوة","990","https://karaz.ps/shop/product/nespresso-vertuo-next-baby-blue/","https://karaz.ps/wp-content/uploads/2022/09/7630428751388-300x300.jpg"
"karaz_barcode","Philips 1200 Series Milk Frother","وحدة","8710103894667","1690","karaz_product_adopted_latest","18","47","","","","","Philips 1200 Series Milk Frother","ماكينات تحضير القهوة","1690","https://karaz.ps/shop/product/philips-1200-series-milk-frother/","https://karaz.ps/wp-content/uploads/2022/09/8710103894667-300x300.jpg"
"karaz_barcode","Lavazza Rossa Ground Coffee Twin Pack 500g","وحدة","8000070036253","39.99","karaz_product_adopted_latest","18","47","","","","","Lavazza Rossa Ground Coffee Twin Pack 500g","القهوة (حبوب أو مطحونة)","39.99","https://karaz.ps/shop/product/lavazza-rossa-250g-x2/","https://karaz.ps/wp-content/uploads/2022/11/8000070036253-300x300.jpg"
"karaz_barcode","Lavazza Rossa Ground Coffee 250g","وحدة","8000070035805","27.99","karaz_product_adopted_latest","18","47","","","","","Lavazza Rossa Ground Coffee 250g","القهوة (حبوب أو مطحونة)","27.99","https://karaz.ps/shop/product/lavazza-rossa-250g/","https://karaz.ps/wp-content/uploads/2022/11/8000070035805-300x300.jpg"
"karaz_barcode","Avanza Coffee Beans Napoli Blend 1KG","وحدة","625340313101512","89.99","karaz_product_adopted_latest","18","47","","","","","Avanza Coffee Beans Napoli Blend 1KG","القهوة (حبوب أو مطحونة)","89.99","https://karaz.ps/shop/product/avanza-coffee-beans-napoli-blend-1kg/","https://karaz.ps/wp-content/uploads/2022/10/6253403131015-1-2-300x300.jpg"
"karaz_barcode","Caffe Vergnano In Grani Anticabottega Coffee Beans 1kg","وحدة","8001800000483","99.99","karaz_product_adopted_latest","18","47","","","","","Caffe Vergnano In Grani Anticabottega Coffee Beans 1kg","القهوة (حبوب أو مطحونة)","99.99","https://karaz.ps/shop/product/caffe-vergnano-in-grani-anticabottega-coffee-beans-1kg/","https://karaz.ps/wp-content/uploads/2022/10/8001800000483-300x300.jpg"
"karaz_barcode","Segafredo Zanetti Whole Beans Buono 1kg","وحدة","8003410311454","84.99","karaz_product_adopted_latest","18","47","","","","","Segafredo Zanetti Whole Beans Buono 1kg","القهوة (حبوب أو مطحونة)","84.99","https://karaz.ps/shop/product/segafredo-zanetti-whole-beans-buono-1kg/","https://karaz.ps/wp-content/uploads/2022/10/8003410311454-300x300.jpg"
"karaz_barcode","Segafredo Crema Ricco E Cremoso Coffee Beans 1kg","وحدة","9001810011607","69.99","karaz_product_adopted_latest","18","47","","","","","Segafredo Crema Ricco E Cremoso Coffee Beans 1kg","القهوة (حبوب أو مطحونة)","69.99","https://karaz.ps/shop/product/segafredo-crema-ricco-e-cremoso-coffee-beans-1kg/","https://karaz.ps/wp-content/uploads/2022/10/9001810011607-300x300.jpg"
"karaz_barcode","Kimbo Espresso Intenso  Coffee Beans 1kg","وحدة","8002200109080","99.99","karaz_product_adopted_latest","18","47","","","","","Kimbo Espresso Intenso  Coffee Beans 1kg","القهوة (حبوب أو مطحونة)","99.99","https://karaz.ps/shop/product/kimbo-espresso-intenso-coffee-beans-1kg/","https://karaz.ps/wp-content/uploads/2022/10/8002200109080-300x300.jpg"
"karaz_barcode","Kimbo  Espresso Vending Audace 1kg","وحدة","80022001481573","64.99","karaz_product_adopted_latest","18","47","","","","","Kimbo  Espresso Vending Audace 1kg","القهوة (حبوب أو مطحونة)","64.99","https://karaz.ps/shop/product/kimbo-espresso-vending-audace-1kg/","https://karaz.ps/wp-content/uploads/2024/09/8002200148157-3-300x300.jpg"
"karaz_barcode","Avanza Coffee Beans Costa Rican Tarrazu Blend 1KG","وحدة","62534031310081","89.99","karaz_product_adopted_latest","18","47","","","","","Avanza Coffee Beans Costa Rican Tarrazu Blend 1KG","القهوة (حبوب أو مطحونة)","89.99","https://karaz.ps/shop/product/avanza-coffee-beans-costa-rican-tarrazu-blend-1kg/","https://karaz.ps/wp-content/uploads/2022/09/6253403131008-1-1-300x300.jpg"
"karaz_barcode","CAFFEE VEGNAO ESPRESSO in Grani Coffee Beans 1KG","وحدة","80018000001313","94.99","karaz_product_adopted_latest","18","47","","","","","CAFFEE VEGNAO ESPRESSO in Grani Coffee Beans 1KG","القهوة (حبوب أو مطحونة)","94.99","https://karaz.ps/shop/product/caffee-vegnao-espresso-in-grani-coffee-beans-1kg/","https://karaz.ps/wp-content/uploads/2023/07/8001800000131-3-300x300.jpg"
"karaz_barcode","Sandouka Coffee قهوة صندوقة 250g","وحدة","6251927000022","13.99","karaz_product_adopted_latest","18","47","","","","","Sandouka Coffee قهوة صندوقة 250g","القهوة (حبوب أو مطحونة)","13.99","https://karaz.ps/shop/product/sandouka-coffee-%d9%82%d9%87%d9%88%d8%a9-%d8%b5%d9%86%d8%af%d9%88%d9%82%d8%a9-250g/","https://karaz.ps/wp-content/uploads/2022/06/6251927000022-300x300.jpg"
"karaz_barcode","Nakhla Coffee قهوة نخلة 250g","وحدة","7290003332007","14.99","karaz_product_adopted_latest","18","47","","","","","Nakhla Coffee قهوة نخلة 250g","القهوة (حبوب أو مطحونة)","14.99","https://karaz.ps/shop/product/nakhla-coffee-%d9%82%d9%87%d9%88%d8%a9-%d9%86%d8%ae%d9%84%d8%a9-250g/","https://karaz.ps/wp-content/uploads/2022/06/7290003332007-300x300.jpg"
"karaz_barcode","Izhiman’s Coffee Medium قهوة ازحيمان وسط 250g","وحدة","6253337100217","18.99","karaz_product_adopted_latest","18","47","","","","","Izhiman’s Coffee Medium قهوة ازحيمان وسط 250g","القهوة (حبوب أو مطحونة)","18.99","https://karaz.ps/shop/product/izhimans-coffee-medium-%d9%82%d9%87%d9%88%d8%a9-%d8%a7%d8%b2%d8%ad%d9%8a%d9%85%d8%a7%d9%86-%d9%88%d8%b3%d8%b7-250g/","https://karaz.ps/wp-content/uploads/2022/06/6253337100217-300x300.jpg"
"karaz_barcode","Lavazza قهوة إسبرسو ORO 100% Arabica مطحونة 250g","وحدة","8000070019911","34.99","karaz_product_adopted_latest","18","47","","","","","Lavazza قهوة إسبرسو ORO 100% Arabica مطحونة 250g","القهوة (حبوب أو مطحونة)","34.99","https://karaz.ps/shop/product/lavazza-%d9%82%d9%87%d9%88%d8%a9-%d8%a5%d8%b3%d8%a8%d8%b1%d8%b3%d9%88-oro-100-arabica-%d9%85%d8%b7%d8%ad%d9%88%d9%86%d8%a9-250g/","https://karaz.ps/wp-content/uploads/2022/06/8000070019911-300x300.jpg"
"karaz_barcode","Lavazza Super Crema Espresso Beans1kg حبوب القهوة لافازا","وحدة","8000070042025","89.99","karaz_product_adopted_latest","18","47","","","","","Lavazza Super Crema Espresso Beans1kg حبوب القهوة لافازا","القهوة (حبوب أو مطحونة)","89.99","https://karaz.ps/shop/product/lavazza-super-crema-espresso-beans1kg-%d8%ad%d8%a8%d9%88%d8%a8-%d8%a7%d9%84%d9%82%d9%87%d9%88%d8%a9-%d9%84%d8%a7%d9%81%d8%a7%d8%b2%d8%a7/","https://karaz.ps/wp-content/uploads/2022/06/8000070042025-300x300.jpg"
"karaz_barcode","Lavazza Suerte Deciso قهوة اسبرسو لافازا 250g","وحدة","8000070083103","24.99","karaz_product_adopted_latest","18","47","","","","","Lavazza Suerte Deciso قهوة اسبرسو لافازا 250g","القهوة (حبوب أو مطحونة)","24.99","https://karaz.ps/shop/product/lavazza-suerte-deciso-%d9%82%d9%87%d9%88%d8%a9-%d8%a7%d8%b3%d8%a8%d8%b1%d8%b3%d9%88-%d9%84%d8%a7%d9%81%d8%a7%d8%b2%d8%a7-250g/","https://karaz.ps/wp-content/uploads/2022/06/8000070083103-300x300.jpg"
"karaz_barcode","Starbucks Dolce Gusto Madagascar Vanilla Macchiato x16","وحدة","7613287335265","26.99","karaz_product_adopted_latest","18","47","","","","","Starbucks Dolce Gusto Madagascar Vanilla Macchiato x16","كبسولات القهوة","26.99","https://karaz.ps/shop/product/starbucks-dolce-gusto-madagascar-vanilla-macchiato-x16/","https://karaz.ps/wp-content/uploads/2023/01/7613287335265-300x300.jpg"
"karaz_barcode","Borbone Dolce Gusto Te Al Limone x16","وحدة","8034028335365","21.99","karaz_product_adopted_latest","18","47","","","","","Borbone Dolce Gusto Te Al Limone x16","كبسولات القهوة","21.99","https://karaz.ps/shop/product/borbone-dolce-gusto-te-al-limone-x16/","https://karaz.ps/wp-content/uploads/2023/01/8034028335365-300x300.jpg"
"karaz_barcode","Borbone Dolce Gusto Al Frutti Di Bosco x16","وحدة","8034028338311","21.99","karaz_product_adopted_latest","18","47","","","","","Borbone Dolce Gusto Al Frutti Di Bosco x16","كبسولات القهوة","21.99","https://karaz.ps/shop/product/borbone-dolce-gusto-al-frutti-di-bosco-x16/","https://karaz.ps/wp-content/uploads/2023/01/8034028338311-300x300.jpg"
"karaz_barcode","Nestle Coffee Mate Chocolate Creme 425g","وحدة","050000045952","31.99","karaz_product_adopted_latest","18","47","","","","","Nestle Coffee Mate Chocolate Creme 425g","مستلزمات القهوة وإضافاتها","31.99","https://karaz.ps/shop/product/nestle-coffee-mate-chocolate-425-g/","https://karaz.ps/wp-content/uploads/2022/06/050000045952-300x300.jpg"
"karaz_barcode","Brigitta Coffee Filters فلتر قهوة No.4","وحدة","4028208000284","15.99","karaz_product_adopted_latest","18","47","","","","","Brigitta Coffee Filters فلتر قهوة No.4","مستلزمات القهوة وإضافاتها","15.99","https://karaz.ps/shop/product/brigitta-coffee-filters-%d9%81%d9%84%d8%aa%d8%b1-%d9%82%d9%87%d9%88%d8%a9-no-4/","https://karaz.ps/wp-content/uploads/2022/06/4028208000284-300x300.jpg"
"karaz_barcode","Nestle Coffee Mate Hazelnut 425g","وحدة","050000314744","31.99","karaz_product_adopted_latest","18","47","","","","","Nestle Coffee Mate Hazelnut 425g","مستلزمات القهوة وإضافاتها","31.99","https://karaz.ps/shop/product/coffee-mate-%d8%a8%d9%86%d8%af%d9%82-425g/","https://karaz.ps/wp-content/uploads/2022/06/050000314744-300x300.jpg"
"karaz_barcode","Delonghi Coffee Grinder مطحنة قهوة","وحدة","1","269.99","karaz_product_adopted_latest","18","47","","","","","Delonghi Coffee Grinder مطحنة قهوة","مستلزمات القهوة وإضافاتها","269.99","https://karaz.ps/shop/product/delonghi-coffee-grinder-%d9%85%d8%b7%d8%ad%d9%86%d8%a9-%d9%82%d9%87%d9%88%d8%a9/","https://karaz.ps/wp-content/uploads/2022/06/DELONGHI-COFFEE-GRINDER-1-300x300.jpg"
"karaz_barcode","Nestle Coffee Mate Liquid Creamer Italian Sweet Creme 50 pcs","وحدة","050000203772","59.99","karaz_product_adopted_latest","18","47","","","","","Nestle Coffee Mate Liquid Creamer Italian Sweet Creme 50 pcs","مستلزمات القهوة وإضافاتها","59.99","https://karaz.ps/shop/product/nestle-coffee-mate-liquid-creamer-italian-sweet-creme-50-pcs/","https://karaz.ps/wp-content/uploads/2024/06/050000203772-300x300.jpg"
"karaz_barcode","Nestle Coffee Mate Liquid Creamer Irish Creme 50 pcs","وحدة","050000351121","59.99","karaz_product_adopted_latest","18","47","","","","","Nestle Coffee Mate Liquid Creamer Irish Creme 50 pcs","مستلزمات القهوة وإضافاتها","59.99","https://karaz.ps/shop/product/nestle-coffee-mate-liquid-creamer-irish-creme-50-pcs/","https://karaz.ps/wp-content/uploads/2024/06/050000351121-300x300.jpg"
"karaz_barcode","Nestle Coffee Mate Liquid Creamer Hazelnut 50 pcs","وحدة","050000351800","59.99","karaz_product_adopted_latest","18","47","","","","","Nestle Coffee Mate Liquid Creamer Hazelnut 50 pcs","مستلزمات القهوة وإضافاتها","59.99","https://karaz.ps/shop/product/nestle-coffee-mate-liquid-creamer-hazelnut-50-pcs/","https://karaz.ps/wp-content/uploads/2024/06/050000351800-300x300.jpg"
"karaz_barcode","Nestle Coffee Mate Chocolate Creme Zero Sugar 289g","وحدة","050000458172","31.99","karaz_product_adopted_latest","18","47","","","","","Nestle Coffee Mate Chocolate Creme Zero Sugar 289g","مستلزمات القهوة وإضافاتها","31.99","https://karaz.ps/shop/product/nestle-coffee-mate-chocolate-creme-zero-sugar-289g/","https://karaz.ps/wp-content/uploads/2024/06/050000458172-300x300.jpg"
"karaz_barcode","Nestle Coffee Mate Liquid Creamer Salted Caramel Chocolate 50 pcs","وحدة","050000804771","59.99","karaz_product_adopted_latest","18","47","","","","","Nestle Coffee Mate Liquid Creamer Salted Caramel Chocolate 50 pcs","مستلزمات القهوة وإضافاتها","59.99","https://karaz.ps/shop/product/nestle-coffee-mate-liquid-creamer-salted-caramel-chocolate-50-pcs/","https://karaz.ps/wp-content/uploads/2024/06/050000804771-300x300.jpg"
"karaz_barcode","Nestle Coffee Mate Original Liquid Creamer 24pcs","وحدة","050000341016","27.99","karaz_product_adopted_latest","18","47","","","","","Nestle Coffee Mate Original Liquid Creamer 24pcs","مستلزمات القهوة وإضافاتها","27.99","https://karaz.ps/shop/product/nestle-coffee-mate-original-liquid-creamer-24pcs/","https://karaz.ps/wp-content/uploads/2024/06/050000341016-300x300.jpg"
"karaz_barcode","Nestle Coffee Mate Liquid Creamer Cafe Mocha 50 pcs","وحدة","050000351152","59.99","karaz_product_adopted_latest","18","47","","","","","Nestle Coffee Mate Liquid Creamer Cafe Mocha 50 pcs","مستلزمات القهوة وإضافاتها","59.99","https://karaz.ps/shop/product/nestle-coffee-mate-liquid-creamer-cafe-mocha-50-pcs/","https://karaz.ps/wp-content/uploads/2024/06/050000351152-300x300.jpg"
"karaz_barcode","International Delight Hazelnut Liquid Creamer","وحدة","","0.99","karaz_product_adopted_latest","18","47","","","","","International Delight Hazelnut Liquid Creamer","مستلزمات القهوة وإضافاتها","0.99","https://karaz.ps/shop/product/international-delight-hazelnut-liquid-creamer/","https://karaz.ps/wp-content/uploads/2023/10/delight-small.jpg"
"karaz_barcode","Monin Blue Curacao Syrup 700ml","وحدة","3052910056353","64.99","karaz_product_adopted_latest","18","47","","","","","Monin Blue Curacao Syrup 700ml","مستلزمات القهوة وإضافاتها","64.99","https://karaz.ps/shop/product/monin-blue-curacao-syrup-700ml/","https://karaz.ps/wp-content/uploads/2022/11/3052910056353-300x300.jpg"
"karaz_barcode","Monin Roasted Hazelnut Syrup 700ml","وحدة","3052910041229","64.99","karaz_product_adopted_latest","18","47","","","","","Monin Roasted Hazelnut Syrup 700ml","مستلزمات القهوة وإضافاتها","64.99","https://karaz.ps/shop/product/monin-roasted-hazelnut-syrup-700ml/","https://karaz.ps/wp-content/uploads/2022/11/3052910041229-300x300.jpg"
"karaz_barcode","Monin Chocolate Syrup 700ml","وحدة","3052910007645","64.99","karaz_product_adopted_latest","18","47","","","","","Monin Chocolate Syrup 700ml","مستلزمات القهوة وإضافاتها","64.99","https://karaz.ps/shop/product/monin-chocolate-syrup-700ml/","https://karaz.ps/wp-content/uploads/2022/11/3052910007645-300x300.jpg"
"karaz_barcode","Zalatimo Maamoul Dates (Handcrafted) 1K","وحدة","1105512","149.99","karaz_product_adopted_latest","14","37","","","","","Zalatimo Maamoul Dates (Handcrafted) 1K","قسم الحلويات (صِلة)","149.99","https://karaz.ps/shop/product/maamoul-dates-handcrafted-1k/","https://karaz.ps/wp-content/uploads/2023/04/1-105512-300x300.jpg"
"karaz_barcode","Maamoul Dates With Anise (No Sugar Added) 1k","وحدة","1000101000014","149.99","karaz_product_adopted_latest","14","37","","","","","Maamoul Dates With Anise (No Sugar Added) 1k","قسم الحلويات (صِلة)","149.99","https://karaz.ps/shop/product/maamoul-dates-with-anise-no-sugar-added-1k/","https://karaz.ps/wp-content/uploads/2023/04/1000101000014-300x300.jpg"
"karaz_barcode","Zalatemo Maamoul Dates With Cardamom (No Sugar Added) 1k","وحدة","1002079000010","149.99","karaz_product_adopted_latest","14","37","","","","","Zalatemo Maamoul Dates With Cardamom (No Sugar Added) 1k","قسم الحلويات (صِلة)","149.99","https://karaz.ps/shop/product/zalatemo-maamoul-dates-with-cardamom-no-sugar-added-1k/","https://karaz.ps/wp-content/uploads/2023/04/1002079000010-300x300.jpg"
"karaz_barcode","Zalatimo Mix Mamoul معمول زلاطيمو مشكل 1kg","وحدة","1000060000018","159.99","karaz_product_adopted_latest","14","37","","","","","Zalatimo Mix Mamoul معمول زلاطيمو مشكل 1kg","قسم الحلويات (صِلة)","159.99","https://karaz.ps/shop/product/zalatimo-mix-mamoul-%d9%85%d8%b9%d9%85%d9%88%d9%84-%d8%b2%d9%84%d8%a7%d8%b7%d9%8a%d9%85%d9%88-%d9%85%d8%b4%d9%83%d9%84-1kg/","https://karaz.ps/wp-content/uploads/2023/04/1000060000018-300x300.jpg"
"karaz_barcode","Arbil Mn & Salwa أربيل من و سلوى 500g","وحدة","","27.99","karaz_product_adopted_latest","14","37","","","","","Arbil Mn & Salwa أربيل من و سلوى 500g","قسم الحلويات (صِلة)","27.99","https://karaz.ps/shop/product/arbil-mn-salwa-%d8%a3%d8%b1%d8%a8%d9%8a%d9%84-%d9%85%d9%86-%d9%88-%d8%b3%d9%84%d9%88%d9%89-500g/","https://karaz.ps/wp-content/uploads/2022/06/mnsalwa-small-300x300.jpg"
"karaz_barcode","بقلاوة تركية دائرية بالجوز","وحدة","003233","30","karaz_product_adopted_latest","14","37","","","","","بقلاوة تركية دائرية بالجوز","قسم الحلويات (صِلة)","30","https://karaz.ps/shop/product/%d8%a8%d9%82%d9%84%d8%a7%d9%88%d8%a9-%d8%aa%d8%b1%d9%83%d9%8a%d8%a9-%d8%af%d8%a7%d8%a6%d8%b1%d9%8a%d8%a9-%d8%a8%d8%a7%d9%84%d8%ac%d9%88%d8%b2-2/","https://karaz.ps/wp-content/uploads/2022/06/00323-3-300x300.jpg"
"karaz_barcode","بقلاوة تركية بالشوكولاتة والفستق العنتابي","وحدة","003102","42.5","karaz_product_adopted_latest","14","36","","","","","بقلاوة تركية بالشوكولاتة والفستق العنتابي","قسم الحلويات (صِلة)","42.5","https://karaz.ps/shop/product/%d8%a8%d9%82%d9%84%d8%a7%d9%88%d8%a9-%d8%aa%d8%b1%d9%83%d9%8a%d8%a9-%d8%a8%d8%a7%d9%84%d8%b4%d9%88%d9%83%d9%88%d9%84%d8%a7%d8%aa%d8%a9-%d9%88%d8%a7%d9%84%d9%81%d8%b3%d8%aa%d9%82-%d8%a7%d9%84%d8%b9-2/","https://karaz.ps/wp-content/uploads/2022/06/00310-2-300x300.jpg"
"karaz_barcode","Special Baklava With Pistachio","وحدة","003243","50","karaz_product_adopted_latest","14","37","","","","","Special Baklava With Pistachio","قسم الحلويات (صِلة)","50","https://karaz.ps/shop/product/special-baklava-with-pistachio/","https://karaz.ps/wp-content/uploads/2022/07/00324-3-300x300.jpg"
"karaz_barcode","Cimcik With Pistachio","وحدة","00319","50","karaz_product_adopted_latest","14","37","","","","","Cimcik With Pistachio","قسم الحلويات (صِلة)","50","https://karaz.ps/shop/product/cimcik-with-pistachio/","https://karaz.ps/wp-content/uploads/2022/06/00319-300x300.jpg"
"karaz_barcode","Muhtar Sweets معمول عربي شامي بالفراولة 1kg","وحدة","111213000183","79.99","karaz_product_adopted_latest","14","37","","","","","Muhtar Sweets معمول عربي شامي بالفراولة 1kg","قسم الحلويات (صِلة)","79.99","https://karaz.ps/shop/product/muhtar-sweets-%d9%85%d8%b9%d9%85%d9%88%d9%84-%d8%b9%d8%b1%d8%a8%d9%8a-%d8%b4%d8%a7%d9%85%d9%8a-%d8%a8%d8%a7%d9%84%d9%81%d8%b1%d8%a7%d9%88%d9%84%d8%a9-1kg/","https://karaz.ps/wp-content/uploads/2022/06/11121300018-3-300x300.jpg"
"karaz_barcode","Muhtar Sweets معمول عربي شامي اكسترا بالجوز 700g","وحدة","111213000206","79.99","karaz_product_adopted_latest","14","37","","","","","Muhtar Sweets معمول عربي شامي اكسترا بالجوز 700g","قسم الحلويات (صِلة)","79.99","https://karaz.ps/shop/product/muhtar-sweets-%d9%85%d8%b9%d9%85%d9%88%d9%84-%d8%b9%d8%b1%d8%a8%d9%8a-%d8%b4%d8%a7%d9%85%d9%8a-%d8%a7%d9%83%d8%b3%d8%aa%d8%b1%d8%a7-%d8%a8%d8%a7%d9%84%d8%ac%d9%88%d8%b2-700g/","https://karaz.ps/wp-content/uploads/2022/06/11121300020-6-300x300.jpg"
"karaz_barcode","Muhtar Sweets تمرية عربية شامية بالمكسرات 1kg","وحدة","111213000194","109.99","karaz_product_adopted_latest","11","30","","","","","Muhtar Sweets تمرية عربية شامية بالمكسرات 1kg","قسم الحلويات (صِلة)","109.99","https://karaz.ps/shop/product/muhtar-sweets-%d8%aa%d9%85%d8%b1%d9%8a%d8%a9-%d8%b9%d8%b1%d8%a8%d9%8a%d8%a9-%d8%b4%d8%a7%d9%85%d9%8a%d8%a9-%d8%a8%d8%a7%d9%84%d9%85%d9%83%d8%b3%d8%b1%d8%a7%d8%aa-1kg/","https://karaz.ps/wp-content/uploads/2022/06/11121300019-4-300x300.jpg"
"karaz_barcode","Muhtar Sweets بلورية بيضاء عربية شامية بالفستق الحلبي 1kg","وحدة","111213000214","144.99","karaz_product_adopted_latest","7","22","","","","","Muhtar Sweets بلورية بيضاء عربية شامية بالفستق الحلبي 1kg","قسم الحلويات (صِلة)","144.99","https://karaz.ps/shop/product/muhtar-sweets-%d8%a8%d9%84%d9%88%d8%b1%d9%8a%d8%a9-%d8%a8%d9%8a%d8%b6%d8%a7%d8%a1-%d8%b9%d8%b1%d8%a8%d9%8a%d8%a9-%d8%b4%d8%a7%d9%85%d9%8a%d8%a9-%d8%a8%d8%a7%d9%84%d9%81%d8%b3%d8%aa%d9%82-%d8%a7%d9%84/","https://karaz.ps/wp-content/uploads/2022/06/11121300021-4-300x300.jpg"
"karaz_barcode","Muhtar Sweets معمول عربي شامي اكسترا بالفستق الحلبي 700g","وحدة","111213000145","99.99","karaz_product_adopted_latest","14","37","","","","","Muhtar Sweets معمول عربي شامي اكسترا بالفستق الحلبي 700g","قسم الحلويات (صِلة)","99.99","https://karaz.ps/shop/product/muhtar-sweets-%d9%85%d8%b9%d9%85%d9%88%d9%84-%d8%b9%d8%b1%d8%a8%d9%8a-%d8%b4%d8%a7%d9%85%d9%8a-%d8%a7%d9%83%d8%b3%d8%aa%d8%b1%d8%a7-%d8%a8%d8%a7%d9%84%d9%81%d8%b3%d8%aa%d9%82-%d8%a7%d9%84%d8%ad%d9%84/","https://karaz.ps/wp-content/uploads/2022/06/11121300014-5-300x300.jpg"
"karaz_barcode","Muhtar Sweets بقلاوة اصابع عربية شامية بالفستق الحلبي900g","وحدة","111213000123","139.99","karaz_product_adopted_latest","14","37","","","","","Muhtar Sweets بقلاوة اصابع عربية شامية بالفستق الحلبي900g","قسم الحلويات (صِلة)","139.99","https://karaz.ps/shop/product/muhtar-sweets-%d8%a8%d9%82%d9%84%d8%a7%d9%88%d8%a9-%d8%a7%d8%b5%d8%a7%d8%a8%d8%b9-%d8%b9%d8%b1%d8%a8%d9%8a%d8%a9-%d8%b4%d8%a7%d9%85%d9%8a%d8%a9-%d8%a8%d8%a7%d9%84%d9%81%d8%b3%d8%aa%d9%82-%d8%a7%d9%84/","https://karaz.ps/wp-content/uploads/2022/06/11121300012-3-300x300.jpg"
"karaz_barcode","Muhtar Sweets معمول عربي شامي بالورد الاحمر 1kg","وحدة","111213000175","99.99","karaz_product_adopted_latest","14","37","","","","","Muhtar Sweets معمول عربي شامي بالورد الاحمر 1kg","قسم الحلويات (صِلة)","99.99","https://karaz.ps/shop/product/muhtar-sweets-%d9%85%d8%b9%d9%85%d9%88%d9%84-%d8%b9%d8%b1%d8%a8%d9%8a-%d8%b4%d8%a7%d9%85%d9%8a-%d8%a8%d8%a7%d9%84%d9%88%d8%b1%d8%af-%d8%a7%d9%84%d8%a7%d8%ad%d9%85%d8%b1-1kg/","https://karaz.ps/wp-content/uploads/2022/06/11121300017-5-300x300.jpg"
"karaz_barcode","Muhtar Sweets معمول عربي شامي بالفستق الحلبي 700g","وحدة","111213000132","89.99","karaz_product_adopted_latest","14","37","","","","","Muhtar Sweets معمول عربي شامي بالفستق الحلبي 700g","قسم الحلويات (صِلة)","89.99","https://karaz.ps/shop/product/muhtar-sweets-%d9%85%d8%b9%d9%85%d9%88%d9%84-%d8%b9%d8%b1%d8%a8%d9%8a-%d8%b4%d8%a7%d9%85%d9%8a-%d8%a8%d8%a7%d9%84%d9%81%d8%b3%d8%aa%d9%82-%d8%a7%d9%84%d8%ad%d9%84%d8%a8%d9%8a-700g/","https://karaz.ps/wp-content/uploads/2022/06/11121300013-2-300x300.jpg"
"karaz_barcode","Muhtar Sweets بلورية حمراء عربية شامية بالفستق الحلبي 1kg","وحدة","111213000163","144.99","karaz_product_adopted_latest","14","37","","","","","Muhtar Sweets بلورية حمراء عربية شامية بالفستق الحلبي 1kg","قسم الحلويات (صِلة)","144.99","https://karaz.ps/shop/product/muhtar-sweets-%d8%a8%d9%84%d9%88%d8%b1%d9%8a%d8%a9-%d8%ad%d9%85%d8%b1%d8%a7%d8%a1-%d8%b9%d8%b1%d8%a8%d9%8a%d8%a9-%d8%b4%d8%a7%d9%85%d9%8a%d8%a9-%d8%a8%d8%a7%d9%84%d9%81%d8%b3%d8%aa%d9%82-%d8%a7%d9%84/","https://karaz.ps/wp-content/uploads/2022/06/11121300016-3-300x300.jpg"
"karaz_barcode","بورما تركية بالجوز","وحدة","003292","35","karaz_product_adopted_latest","14","37","","","","","بورما تركية بالجوز","حلويات تركية","35","https://karaz.ps/shop/product/%d8%a8%d9%88%d8%b1%d9%85%d8%a7-%d8%aa%d8%b1%d9%83%d9%8a%d8%a9-%d8%a8%d8%a7%d9%84%d8%ac%d9%88%d8%b2/","https://karaz.ps/wp-content/uploads/2022/06/00329-2-300x300.jpg"
"karaz_barcode","فستق حلبي تركي لف","وحدة","003224","50","karaz_product_adopted_latest","14","37","","","","","فستق حلبي تركي لف","حلويات تركية","50","https://karaz.ps/shop/product/%d9%81%d8%b3%d8%aa%d9%82-%d8%ad%d9%84%d8%a8%d9%8a-%d8%aa%d8%b1%d9%83%d9%8a-%d9%84%d9%81/","https://karaz.ps/wp-content/uploads/2022/06/00322-4-300x300.jpg"
"karaz_barcode","بقلاوة تركية بالفستق الحلبي مربعة","وحدة","003212","45","karaz_product_adopted_latest","14","37","","","","","بقلاوة تركية بالفستق الحلبي مربعة","حلويات تركية","45","https://karaz.ps/shop/product/%d8%a8%d9%82%d9%84%d8%a7%d9%88%d8%a9-%d8%aa%d8%b1%d9%83%d9%8a%d8%a9-%d8%a8%d8%a7%d9%84%d9%81%d8%b3%d8%aa%d9%82-%d8%a7%d9%84%d8%ad%d9%84%d8%a8%d9%8a-%d9%85%d8%b1%d8%a8%d8%b9%d8%a9/","https://karaz.ps/wp-content/uploads/2022/06/00321-2-300x300.jpg"
"karaz_barcode","بقلاوة تركية دائرية بالفستق الحلبي","وحدة","003302","50","karaz_product_adopted_latest","14","37","","","","","بقلاوة تركية دائرية بالفستق الحلبي","حلويات تركية","50","https://karaz.ps/shop/product/%d8%a8%d9%82%d9%84%d8%a7%d9%88%d8%a9-%d8%aa%d8%b1%d9%83%d9%8a%d8%a9-%d8%af%d8%a7%d8%a6%d8%b1%d9%8a%d8%a9-%d8%a8%d8%a7%d9%84%d9%81%d8%b3%d8%aa%d9%82-%d8%a7%d9%84%d8%ad%d9%84%d8%a8%d9%8a/","https://karaz.ps/wp-content/uploads/2022/06/00330-2-300x300.jpg"
"karaz_barcode","بقلاوة تركية مثلثة بالفستق الحلبي","وحدة","003072","45","karaz_product_adopted_latest","14","37","","","","","بقلاوة تركية مثلثة بالفستق الحلبي","حلويات تركية","45","https://karaz.ps/shop/product/%d8%a8%d9%82%d9%84%d8%a7%d9%88%d8%a9-%d8%aa%d8%b1%d9%83%d9%8a%d8%a9-%d9%85%d8%ab%d9%84%d8%ab%d8%a9-%d8%a8%d8%a7%d9%84%d9%81%d8%b3%d8%aa%d9%82-%d8%a7%d9%84%d8%ad%d9%84%d8%a8%d9%8a/","https://karaz.ps/wp-content/uploads/2022/06/00307-2-300x300.jpg"
"karaz_barcode","كنافة تركية بالجوز","وحدة","0033622","25","karaz_product_adopted_latest","14","37","","","","","كنافة تركية بالجوز","حلويات تركية","25","https://karaz.ps/shop/product/%d9%83%d9%86%d8%a7%d9%81%d8%a9-%d8%aa%d8%b1%d9%83%d9%8a%d8%a9-%d8%a8%d8%a7%d9%84%d8%ac%d9%88%d8%b2/","https://karaz.ps/wp-content/uploads/2022/06/00336-22-300x300.jpg"
"karaz_barcode","بقلاوة المحار تركية بالفستق الحلبي","وحدة","003054","45","karaz_product_adopted_latest","14","37","","","","","بقلاوة المحار تركية بالفستق الحلبي","حلويات تركية","45","https://karaz.ps/shop/product/%d8%a8%d9%82%d9%84%d8%a7%d9%88%d8%a9-%d8%a7%d9%84%d9%85%d8%ad%d8%a7%d8%b1-%d8%aa%d8%b1%d9%83%d9%8a%d8%a9-%d8%a8%d8%a7%d9%84%d9%81%d8%b3%d8%aa%d9%82-%d8%a7%d9%84%d8%ad%d9%84%d8%a8%d9%8a/","https://karaz.ps/wp-content/uploads/2022/06/00305-4-300x300.jpg"
"karaz_barcode","كنافة تركية بالفستق الحلبي","وحدة","003132","42.5","karaz_product_adopted_latest","14","37","","","","","كنافة تركية بالفستق الحلبي","حلويات تركية","42.5","https://karaz.ps/shop/product/%d9%83%d9%86%d8%a7%d9%81%d8%a9-%d8%aa%d8%b1%d9%83%d9%8a%d8%a9-%d8%a8%d8%a7%d9%84%d9%81%d8%b3%d8%aa%d9%82-%d8%a7%d9%84%d8%ad%d9%84%d8%a8%d9%8a/","https://karaz.ps/wp-content/uploads/2022/06/00313-2-300x300.jpg"
"karaz_barcode","بورما حلبية تركية بالفستق الحلبي","وحدة","0031434","42.5","karaz_product_adopted_latest","14","37","","","","","بورما حلبية تركية بالفستق الحلبي","حلويات تركية","42.5","https://karaz.ps/shop/product/burma-kadayif-with-pistachio-%d8%a8%d9%88%d8%b1%d9%85%d8%a7-%d8%ad%d9%84%d8%a8%d9%8a%d8%a9-%d8%aa%d8%b1%d9%83%d9%8a%d8%a9-%d8%a8%d8%a7%d9%84%d9%81%d8%b3%d8%aa%d9%82-%d8%a7%d9%84%d8%ad%d9%84%d8%a8/","https://karaz.ps/wp-content/uploads/2022/06/00314-34-300x300.jpg"
"karaz_barcode","بقلاوة بورما تركية لف بالجوز","وحدة","0033744","30","karaz_product_adopted_latest","14","37","","","","","بقلاوة بورما تركية لف بالجوز","حلويات تركية","30","https://karaz.ps/shop/product/baklava-roll-with-walnut-%d8%a8%d9%82%d9%84%d8%a7%d9%88%d8%a9-%d8%a8%d9%88%d8%b1%d9%85%d8%a7-%d8%aa%d8%b1%d9%83%d9%8a%d8%a9-%d9%84%d9%81-%d8%a8%d8%a7%d9%84%d8%ac%d9%88%d8%b2/","https://karaz.ps/wp-content/uploads/2022/06/00337-44-300x300.jpg"
"karaz_barcode","شعيبيات تركية بالفستق الحلبي","وحدة","003382","45","karaz_product_adopted_latest","14","37","","","","","شعيبيات تركية بالفستق الحلبي","حلويات تركية","45","https://karaz.ps/shop/product/baklava-pistachio-shoibiat-%d8%b4%d8%b9%d9%8a%d8%a8%d9%8a%d8%a7%d8%aa-%d8%aa%d8%b1%d9%83%d9%8a%d8%a9-%d8%a8%d8%a7%d9%84%d9%81%d8%b3%d8%aa%d9%82-%d8%a7%d9%84%d8%ad%d9%84%d8%a8%d9%8a/","https://karaz.ps/wp-content/uploads/2022/06/00338-2-300x300.jpg"
"karaz_barcode","بقلاوة تركية مشكلة بالفستق العنتابي","وحدة","003001","119.99","karaz_product_adopted_latest","14","37","","","","","بقلاوة تركية مشكلة بالفستق العنتابي","حلويات تركية","119.99","https://karaz.ps/shop/product/assorted-baklava-pistachio-%d8%a8%d9%82%d9%84%d8%a7%d9%88%d8%a9-%d8%aa%d8%b1%d9%83%d9%8a%d8%a9-%d9%85%d8%b4%d9%83%d9%84%d8%a9-%d8%a8%d8%a7%d9%84%d9%81%d8%b3%d8%aa%d9%82-%d8%a7%d9%84%d8%b9%d9%86%d8%aa/","https://karaz.ps/wp-content/uploads/2022/06/00300-1kg-300x300.jpg"
"karaz_barcode","بقلاوة تركية مشكلة فستق عنتابي + جوز","وحدة","003341","89.99","karaz_product_adopted_latest","14","37","","","","","بقلاوة تركية مشكلة فستق عنتابي + جوز","حلويات تركية","89.99","https://karaz.ps/shop/product/assorted-baklava-%d8%a8%d9%82%d9%84%d8%a7%d9%88%d8%a9-%d8%aa%d8%b1%d9%83%d9%8a%d8%a9-%d9%85%d8%b4%d9%83%d9%84%d8%a9-%d9%81%d8%b3%d8%aa%d9%82-%d8%b9%d9%86%d8%aa%d8%a7%d8%a8%d9%8a-%d8%ac%d9%88%d8%b2/","https://karaz.ps/wp-content/uploads/2022/06/00334-1kg-300x300.jpg"
"karaz_barcode","عش السرايا بالفستق العنتابي","وحدة","003126","60","karaz_product_adopted_latest","14","37","","","","","عش السرايا بالفستق العنتابي","حلويات تركية","60","https://karaz.ps/shop/product/oush-alsaraya-with-pistachio/","https://karaz.ps/wp-content/uploads/2022/06/00312-6-300x300.jpg"
"karaz_barcode","سلطانية تركية بالفستق العنتابي","وحدة","003242","60","karaz_product_adopted_latest","26","68","","","","","سلطانية تركية بالفستق العنتابي","بقلاوة تركية","60","https://karaz.ps/shop/product/sultani-with-pistachio/","https://karaz.ps/wp-content/uploads/2022/06/00324-2-300x300.jpg"
"karaz_barcode","بقلاوة دولمة تركية بالفستق العنتابي","وحدة","00304","50","karaz_product_adopted_latest","26","68","","","","","بقلاوة دولمة تركية بالفستق العنتابي","بقلاوة تركية","50","https://karaz.ps/shop/product/folded-shape-with-pistachio/","https://karaz.ps/wp-content/uploads/2022/06/00304-300x300.jpg"
"karaz_barcode","Muhtar Sweets مبرومة عربية شامية بالفستق الحلبي 900g","وحدة","111213000154","139.99","karaz_product_adopted_latest","14","37","","","","","Muhtar Sweets مبرومة عربية شامية بالفستق الحلبي 900g","حلويات عربية","139.99","https://karaz.ps/shop/product/muhtar-sweets-%d9%85%d8%a8%d8%b1%d9%88%d9%85%d8%a9-%d8%b9%d8%b1%d8%a8%d9%8a%d8%a9-%d8%b4%d8%a7%d9%85%d9%8a%d8%a9-%d8%a8%d8%a7%d9%84%d9%81%d8%b3%d8%aa%d9%82-%d8%a7%d9%84%d8%ad%d9%84%d8%a8%d9%8a-900g/","https://karaz.ps/wp-content/uploads/2022/06/11121300015-4-300x300.jpg"
"karaz_barcode","Muhtar Sweets بقلاوة عربية شامية مشكلة 500g","وحدة","111213000096","74.99","karaz_product_adopted_latest","14","37","","","","","Muhtar Sweets بقلاوة عربية شامية مشكلة 500g","حلويات عربية","74.99","https://karaz.ps/shop/product/muhtar-sweets-%d8%a8%d9%82%d9%84%d8%a7%d9%88%d8%a9-%d8%b9%d8%b1%d8%a8%d9%8a%d8%a9-%d8%b4%d8%a7%d9%85%d9%8a%d8%a9-%d9%85%d8%b4%d9%83%d9%84%d8%a9-500g/","https://karaz.ps/wp-content/uploads/2022/06/11121300009-6-300x300.jpg"
"karaz_barcode","Muhtar Sweets بقلاوة عربية شامية مشكلة اكسترا 900g","وحدة","111213000114","124.99","karaz_product_adopted_latest","14","37","","","","","Muhtar Sweets بقلاوة عربية شامية مشكلة اكسترا 900g","حلويات عربية","124.99","https://karaz.ps/shop/product/muhtar-sweets-%d8%a8%d9%82%d9%84%d8%a7%d9%88%d8%a9-%d8%b9%d8%b1%d8%a8%d9%8a%d8%a9-%d8%b4%d8%a7%d9%85%d9%8a%d8%a9-%d9%85%d8%b4%d9%83%d9%84%d8%a9-%d8%a7%d9%83%d8%b3%d8%aa%d8%b1%d8%a7-900g/","https://karaz.ps/wp-content/uploads/2022/06/11121300011-4-300x300.jpg"
"karaz_barcode","Muhtar Sweets بقلاوة عربية شامية مشكلة بالعسل 750g","وحدة","111213000102","124.99","karaz_product_adopted_latest","2","6","","","","","Muhtar Sweets بقلاوة عربية شامية مشكلة بالعسل 750g","حلويات عربية","124.99","https://karaz.ps/shop/product/muhtar-sweets-%d8%a8%d9%82%d9%84%d8%a7%d9%88%d8%a9-%d8%b9%d8%b1%d8%a8%d9%8a%d8%a9-%d8%b4%d8%a7%d9%85%d9%8a%d8%a9-%d9%85%d8%b4%d9%83%d9%84%d8%a9-%d8%a8%d8%a7%d9%84%d8%b9%d8%b3%d9%84-750g/","https://karaz.ps/wp-content/uploads/2022/06/11121300010-2-300x300.jpg"
"karaz_barcode","Muhtar Sweets معمول عربي شامي مشكل 6 اصناف 800g","وحدة","111213000063","89.99","karaz_product_adopted_latest","14","37","","","","","Muhtar Sweets معمول عربي شامي مشكل 6 اصناف 800g","حلويات عربية","89.99","https://karaz.ps/shop/product/muhtar-sweets-%d9%85%d8%b9%d9%85%d9%88%d9%84-%d8%b9%d8%b1%d8%a8%d9%8a-%d8%b4%d8%a7%d9%85%d9%8a-%d9%85%d8%b4%d9%83%d9%84-6-%d8%a7%d8%b5%d9%86%d8%a7%d9%81-800g/","https://karaz.ps/wp-content/uploads/2022/06/11121300006-3-300x300.jpg"
"karaz_barcode","Muhtar Sweets معمول عربي شامي بالجوز والفستق الحلبي 700g","وحدة","111213000083","89.99","karaz_product_adopted_latest","14","37","","","","","Muhtar Sweets معمول عربي شامي بالجوز والفستق الحلبي 700g","حلويات عربية","89.99","https://karaz.ps/shop/product/muhtar-sweets-%d9%85%d8%b9%d9%85%d9%88%d9%84-%d8%b9%d8%b1%d8%a8%d9%8a-%d8%b4%d8%a7%d9%85%d9%8a-%d8%a8%d8%a7%d9%84%d8%ac%d9%88%d8%b2-%d9%88%d8%a7%d9%84%d9%81%d8%b3%d8%aa%d9%82-%d8%a7%d9%84%d8%ad%d9%84/","https://karaz.ps/wp-content/uploads/2022/06/11121300008-3-300x300.jpg"
"karaz_barcode","Muhtar Sweets مشكل نواشف عربية شامية 800g","وحدة","111213000074","74.99","karaz_product_adopted_latest","14","37","","","","","Muhtar Sweets مشكل نواشف عربية شامية 800g","حلويات عربية","74.99","https://karaz.ps/shop/product/muhtar-sweets-%d9%85%d8%b4%d9%83%d9%84-%d9%86%d9%88%d8%a7%d8%b4%d9%81-%d8%b9%d8%b1%d8%a8%d9%8a%d8%a9-%d8%b4%d8%a7%d9%85%d9%8a%d8%a9-800g/","https://karaz.ps/wp-content/uploads/2022/06/11121300007-4-300x300.jpg"
"karaz_barcode","Muhtar Sweets معمول عربي شامي بالمشمش 1kg","وحدة","111213000035","79.99","karaz_product_adopted_latest","26","68","","","","","Muhtar Sweets معمول عربي شامي بالمشمش 1kg","معمول","79.99","https://karaz.ps/shop/product/muhtar-sweets-%d9%85%d8%b9%d9%85%d9%88%d9%84-%d8%b9%d8%b1%d8%a8%d9%8a-%d8%b4%d8%a7%d9%85%d9%8a-%d8%a8%d8%a7%d9%84%d9%85%d8%b4%d9%85%d8%b4-1kg/","https://karaz.ps/wp-content/uploads/2022/06/11121300003-5-300x300.jpg"
"karaz_barcode","Muhtar Sweets معمول عربي شامي بالعجوة والفستق الحلبي 650g","وحدة","111213000013","59.99","karaz_product_adopted_latest","26","68","","","","","Muhtar Sweets معمول عربي شامي بالعجوة والفستق الحلبي 650g","معمول","59.99","https://karaz.ps/shop/product/muhtar-sweets-%d9%85%d8%b9%d9%85%d9%88%d9%84-%d8%b9%d8%b1%d8%a8%d9%8a-%d8%b4%d8%a7%d9%85%d9%8a-%d8%a8%d8%a7%d9%84%d8%b9%d8%ac%d9%88%d8%a9-%d9%88%d8%a7%d9%84%d9%81%d8%b3%d8%aa%d9%82-%d8%a7%d9%84-2/","https://karaz.ps/wp-content/uploads/2022/06/11121300001-3-300x300.jpg"
"karaz_barcode","Muhtar Sweets معمول عربي شامي بالعجوة والفستق الحلبي 800g","وحدة","111213000022","74.99","karaz_product_adopted_latest","26","68","","","","","Muhtar Sweets معمول عربي شامي بالعجوة والفستق الحلبي 800g","معمول","74.99","https://karaz.ps/shop/product/muhtar-sweets-%d9%85%d8%b9%d9%85%d9%88%d9%84-%d8%b9%d8%b1%d8%a8%d9%8a-%d8%b4%d8%a7%d9%85%d9%8a-%d8%a8%d8%a7%d9%84%d8%b9%d8%ac%d9%88%d8%a9-%d9%88%d8%a7%d9%84%d9%81%d8%b3%d8%aa%d9%82-%d8%a7%d9%84%d8%ad/","https://karaz.ps/wp-content/uploads/2022/06/11121300002-2-300x300.jpg"
"karaz_barcode","Muhtar Sweets غريبة عربية شامية بالفستق الحلبي 700g","وحدة","111213000053","64.99","karaz_product_adopted_latest","26","68","","","","","Muhtar Sweets غريبة عربية شامية بالفستق الحلبي 700g","برازق وغريبة","64.99","https://karaz.ps/shop/product/muhtar-sweets-%d8%ba%d8%b1%d9%8a%d8%a8%d8%a9-%d8%b9%d8%b1%d8%a8%d9%8a%d8%a9-%d8%b4%d8%a7%d9%85%d9%8a%d8%a9-%d8%a8%d8%a7%d9%84%d9%81%d8%b3%d8%aa%d9%82-%d8%a7%d9%84%d8%ad%d9%84%d8%a8%d9%8a-700g/","https://karaz.ps/wp-content/uploads/2022/06/11121300005-3-300x300.jpg"
"karaz_barcode","Muhtar Sweets برازق عربية شامية بالفستق الحلبي 700g","وحدة","111213000042","64.99","karaz_product_adopted_latest","26","68","","","","","Muhtar Sweets برازق عربية شامية بالفستق الحلبي 700g","برازق وغريبة","64.99","https://karaz.ps/shop/product/muhtar-sweets-%d8%a8%d8%b1%d8%a7%d8%b2%d9%82-%d8%b9%d8%b1%d8%a8%d9%8a%d8%a9-%d8%b4%d8%a7%d9%85%d9%8a%d8%a9-%d8%a8%d8%a7%d9%84%d9%81%d8%b3%d8%aa%d9%82-%d8%a7%d9%84%d8%ad%d9%84%d8%a8%d9%8a-700g/","https://karaz.ps/wp-content/uploads/2022/06/11121300004-2-300x300.jpg"
"karaz_barcode","Annona قشطة","وحدة","00533","45.99","karaz_product_adopted_latest","1","2","","","","","Annona قشطة","الخضروات والفواكة","45.99","https://karaz.ps/shop/product/annona-%d9%82%d8%b4%d8%b7%d8%a9/","https://karaz.ps/wp-content/uploads/2022/06/00533-300x300.jpg"
"karaz_barcode","حاملة","وحدة","00747","29.99","karaz_product_adopted_latest","1","2","","","","","حاملة","الخضروات والفواكة","29.99","https://karaz.ps/shop/product/%d8%ad%d8%a7%d9%85%d9%84%d8%a9/","https://karaz.ps/wp-content/uploads/2022/06/00747-300x300.jpg"
"karaz_barcode","Pears إنجاص","وحدة","00796","14.99","karaz_product_adopted_latest","1","2","","","","","Pears إنجاص","الخضروات والفواكة","14.99","https://karaz.ps/shop/product/pears-%d8%a5%d9%86%d8%ac%d8%a7%d8%b5/","https://karaz.ps/wp-content/uploads/2022/06/00796-300x300.jpg"
"karaz_barcode","Scallion بصل أخضر","وحدة","00433","4.99","karaz_product_adopted_latest","1","2","","","","","Scallion بصل أخضر","الخضروات والفواكة","4.99","https://karaz.ps/shop/product/scallion-%d8%a8%d8%b5%d9%84-%d8%a3%d8%ae%d8%b6%d8%b1/","https://karaz.ps/wp-content/uploads/2022/06/00433-300x300.jpg"
"karaz_barcode","Green bean فاصولياء خضراء بلدية","وحدة","00741","36.99","karaz_product_adopted_latest","1","2","","","","","Green bean فاصولياء خضراء بلدية","الخضروات والفواكة","36.99","https://karaz.ps/shop/product/green-bean-%d9%81%d8%a7%d8%b5%d9%88%d9%84%d9%8a%d8%a7%d8%a1-%d8%ae%d8%b6%d8%b1%d8%a7%d8%a1-%d8%a8%d9%84%d8%af%d9%8a%d8%a9/","https://karaz.ps/wp-content/uploads/2022/06/00741-300x300.jpg"
"karaz_barcode","Grape Leaves ورق عنب – دوالي","وحدة","00748","24.99","karaz_product_adopted_latest","1","2","","","","","Grape Leaves ورق عنب – دوالي","الخضروات والفواكة","24.99","https://karaz.ps/shop/product/grape-leaves-%d9%88%d8%b1%d9%82-%d8%b9%d9%86%d8%a8-%d8%af%d9%88%d8%a7%d9%84%d9%8a/","https://karaz.ps/wp-content/uploads/2022/06/00748-300x300.jpg"
"karaz_barcode","Garlic Packet باكيت ثومة","وحدة","00734","5.99","karaz_product_adopted_latest","1","2","","","","","Garlic Packet باكيت ثومة","الخضروات والفواكة","5.99","https://karaz.ps/shop/product/garlic-packet-%d8%a8%d8%a7%d9%83%d9%8a%d8%aa-%d8%ab%d9%88%d9%85%d8%a9/","https://karaz.ps/wp-content/uploads/2022/06/00734-300x300.jpg"
"karaz_barcode","Fresh Dates بلح أصفر طازج","وحدة","00496","8.99","karaz_product_adopted_latest","1","2","","","","","Fresh Dates بلح أصفر طازج","الخضروات والفواكة","8.99","https://karaz.ps/shop/product/fresh-dates-%d8%a8%d9%84%d8%ad-%d8%a3%d8%b5%d9%81%d8%b1-%d8%b7%d8%a7%d8%b2%d8%ac/","https://karaz.ps/wp-content/uploads/2022/06/00496-300x300.jpg"
"karaz_barcode","Corn أكواز ذرة طازجة","وحدة","00756","8.99","karaz_product_adopted_latest","1","2","","","","","Corn أكواز ذرة طازجة","الخضروات والفواكة","8.99","https://karaz.ps/shop/product/corn-%d8%a3%d9%83%d9%88%d8%a7%d8%b2-%d8%b0%d8%b1%d8%a9-%d8%b7%d8%a7%d8%b2%d8%ac%d8%a9/","https://karaz.ps/wp-content/uploads/2022/06/00756-300x300.jpg"
"karaz_barcode","Ginger زنجبيل طازج","وحدة","00731","26.99","karaz_product_adopted_latest","1","2","","","","","Ginger زنجبيل طازج","الخضروات والفواكة","26.99","https://karaz.ps/shop/product/ginger-%d8%b2%d9%86%d8%ac%d8%a8%d9%8a%d9%84-%d8%b7%d8%a7%d8%b2%d8%ac/","https://karaz.ps/wp-content/uploads/2022/06/00731-300x300.jpg"
"karaz_barcode","Fresh Blueberry بلوبري طازج 125g","وحدة","00783","34.99","karaz_product_adopted_latest","1","2","","","","","Fresh Blueberry بلوبري طازج 125g","الخضروات والفواكة","34.99","https://karaz.ps/shop/product/fresh-blueberry-%d8%a8%d9%84%d9%88%d8%a8%d8%b1%d9%8a-%d8%b7%d8%a7%d8%b2%d8%ac-125g/","https://karaz.ps/wp-content/uploads/2022/06/00783-300x300.jpg"
"karaz_barcode","Fresh Raspberry توت العليق طازج","وحدة","00568","29.99","karaz_product_adopted_latest","1","2","","","","","Fresh Raspberry توت العليق طازج","الخضروات والفواكة","29.99","https://karaz.ps/shop/product/fresh-raspberry-%d8%aa%d9%88%d8%aa-%d8%a7%d9%84%d8%b9%d9%84%d9%8a%d9%82-%d8%b7%d8%a7%d8%b2%d8%ac/","https://karaz.ps/wp-content/uploads/2022/06/00568-300x300.jpg"
"karaz_barcode","Fresh Blackberry بلاك بيري طازج (عليق) علبة","وحدة","00562","19.99","karaz_product_adopted_latest","1","2","","","","","Fresh Blackberry بلاك بيري طازج (عليق) علبة","الخضروات والفواكة","19.99","https://karaz.ps/shop/product/fresh-blackberry-%d8%a8%d9%84%d8%a7%d9%83-%d8%a8%d9%8a%d8%b1%d9%8a-%d8%b7%d8%a7%d8%b2%d8%ac-%d8%b9%d9%84%d9%8a%d9%82-%d8%b9%d9%84%d8%a8%d8%a9/","https://karaz.ps/wp-content/uploads/2022/06/00562-300x300.jpg"
"karaz_barcode","Beetroots بنجر (شمندر) طازج","وحدة","00410","4.99","karaz_product_adopted_latest","1","2","","","","","Beetroots بنجر (شمندر) طازج","الخضروات والفواكة","4.99","https://karaz.ps/shop/product/beetroots-%d8%a8%d9%86%d8%ac%d8%b1-%d8%b4%d9%85%d9%86%d8%af%d8%b1-%d8%b7%d8%a7%d8%b2%d8%ac/","https://karaz.ps/wp-content/uploads/2022/06/00410-300x300.jpg"
"karaz_barcode","Fig تين","وحدة","00523","19.99","karaz_product_adopted_latest","1","2","","","","","Fig تين","الخضروات والفواكة","19.99","https://karaz.ps/shop/product/fig-%d8%aa%d9%8a%d9%86/","https://karaz.ps/wp-content/uploads/2022/06/00523-300x300.jpg"
"karaz_barcode","Fennel Bulbs شومر","وحدة","00740","6.99","karaz_product_adopted_latest","1","2","","","","","Fennel Bulbs شومر","الخضروات والفواكة","6.99","https://karaz.ps/shop/product/fennel-bulbs-%d8%b4%d9%88%d9%85%d8%b1/","https://karaz.ps/wp-content/uploads/2022/06/00740-300x300.jpg"
"karaz_barcode","Faqous فقوس","وحدة","00498","11.99","karaz_product_adopted_latest","1","2","","","","","Faqous فقوس","الخضروات والفواكة","11.99","https://karaz.ps/shop/product/faqous-%d9%81%d9%82%d9%88%d8%b3/","https://karaz.ps/wp-content/uploads/2022/06/00498-300x300.jpg"
"karaz_barcode","Eggplant Classic باذنجان للمحاشي صغير","وحدة","007282","5.99","karaz_product_adopted_latest","1","2","","","","","Eggplant Classic باذنجان للمحاشي صغير","الخضروات والفواكة","5.99","https://karaz.ps/shop/product/eggplant-classic-%d8%a8%d8%a7%d8%b0%d9%86%d8%ac%d8%a7%d9%86-%d9%84%d9%84%d9%85%d8%ad%d8%a7%d8%b4%d9%8a-%d8%b5%d8%ba%d9%8a%d8%b1/","https://karaz.ps/wp-content/uploads/2022/06/00728-2-300x300.jpg"
"karaz_barcode","Eggplant باذنجان عجمي كبير","وحدة","00727","6.99","karaz_product_adopted_latest","1","1","","","","","Eggplant باذنجان عجمي كبير","الخضار","6.99","https://karaz.ps/shop/product/eggplant-%d8%a8%d8%a7%d8%b0%d9%86%d8%ac%d8%a7%d9%86-%d8%b9%d8%ac%d9%85%d9%8a-%d9%83%d8%a8%d9%8a%d8%b1/","https://karaz.ps/wp-content/uploads/2022/06/00727-300x300.jpg"
"karaz_barcode","Cowpea لوبيا 1kg","وحدة","00751","13.99","karaz_product_adopted_latest","1","1","","","","","Cowpea لوبيا 1kg","الخضار","13.99","https://karaz.ps/shop/product/cowpea-%d9%84%d9%88%d8%a8%d9%8a%d8%a7-1kg/","https://karaz.ps/wp-content/uploads/2022/06/00751-300x300.jpg"
"karaz_barcode","Cucumbers خيار","وحدة","007043","4.99","karaz_product_adopted_latest","1","1","","","","","Cucumbers خيار","الخضار","4.99","https://karaz.ps/shop/product/cucumbers-%d8%ae%d9%8a%d8%a7%d8%b1/","https://karaz.ps/wp-content/uploads/2022/06/00704-3-300x300.jpg"
"karaz_barcode","Cooked And Peeled Beetroot بنجر (شمندر مقشر ومطبوخ)","وحدة","00476","10.99","karaz_product_adopted_latest","1","1","","","","","Cooked And Peeled Beetroot بنجر (شمندر مقشر ومطبوخ)","الخضار","10.99","https://karaz.ps/shop/product/cooked-and-peeled-beetroot-%d8%a8%d9%86%d8%ac%d8%b1-%d8%b4%d9%85%d9%86%d8%af%d8%b1-%d9%85%d9%82%d8%b4%d8%b1-%d9%88%d9%85%d8%b7%d8%a8%d9%88%d8%ae/","https://karaz.ps/wp-content/uploads/2022/06/00476-300x300.jpg"
"karaz_barcode","Colored Carrots جزر ملون (بكيت)","وحدة","","13.99","karaz_product_adopted_latest","1","1","","","","","Colored Carrots جزر ملون (بكيت)","الخضار","13.99","https://karaz.ps/shop/product/colored-carrots-%d8%ac%d8%b2%d8%b1-%d9%85%d9%84%d9%88%d9%86-%d8%a8%d9%83%d9%8a%d8%aa/","https://karaz.ps/wp-content/uploads/2022/06/colored-carrots-300x300.jpg"
"karaz_barcode","Colored Cabbage ملفوف أحمر","وحدة","00455","6.99","karaz_product_adopted_latest","1","1","","","","","Colored Cabbage ملفوف أحمر","الخضار","6.99","https://karaz.ps/shop/product/colored-cabbage-%d9%85%d9%84%d9%81%d9%88%d9%81-%d8%a3%d8%ad%d9%85%d8%b1/","https://karaz.ps/wp-content/uploads/2022/06/00455-300x300.jpg"
"karaz_barcode","Bell Pepper فليفلة حلوة","وحدة","00711","13.99","karaz_product_adopted_latest","1","1","","","","","Bell Pepper فليفلة حلوة","الخضار","13.99","https://karaz.ps/shop/product/bell-pepper-%d9%81%d9%84%d9%8a%d9%81%d9%84%d8%a9-%d8%ad%d9%84%d9%88%d8%a9/","https://karaz.ps/wp-content/uploads/2022/06/00711-300x300.jpg"
"karaz_barcode","Coconut جوز هند","وحدة","00440","9.99","karaz_product_adopted_latest","26","68","","","","","Coconut جوز هند","الفاكهة","9.99","https://karaz.ps/shop/product/coconut-%d8%ac%d9%88%d8%b2-%d9%87%d9%86%d8%af/","https://karaz.ps/wp-content/uploads/2022/06/00440-300x300.jpg"
"karaz_barcode","Cactus صبر","وحدة","00764","29.99","karaz_product_adopted_latest","26","68","","","","","Cactus صبر","الفاكهة","29.99","https://karaz.ps/shop/product/cactus-%d8%b5%d8%a8%d8%b1/","https://karaz.ps/wp-content/uploads/2022/06/00764-300x300.jpg"
"karaz_barcode","Black Grapes عنب أسود نخب أول بلا بذور","وحدة","005662","29.99","karaz_product_adopted_latest","11","32","","","","","Black Grapes عنب أسود نخب أول بلا بذور","الفاكهة","29.99","https://karaz.ps/shop/product/black-grapes-%d8%b9%d9%86%d8%a8-%d8%a3%d8%b3%d9%88%d8%af-%d9%86%d8%ae%d8%a8-%d8%a3%d9%88%d9%84-%d8%a8%d9%84%d8%a7-%d8%a8%d8%b0%d9%88%d8%b1/","https://karaz.ps/wp-content/uploads/2022/06/00566-2-300x300.jpg"
"karaz_barcode","Fresh Apricot مشمش طازج 1kg","وحدة","00516","14.99","karaz_product_adopted_latest","26","68","","","","","Fresh Apricot مشمش طازج 1kg","الفاكهة","14.99","https://karaz.ps/shop/product/fresh-apricot-%d9%85%d8%b4%d9%85%d8%b4-%d8%b7%d8%a7%d8%b2%d8%ac-1kg/","https://karaz.ps/wp-content/uploads/2022/06/00516-300x300.jpg"
"karaz_barcode","Apricot Baladi مشمش مستكاوي 1kg","وحدة","00507","29.99","karaz_product_adopted_latest","26","68","","","","","Apricot Baladi مشمش مستكاوي 1kg","الفاكهة","29.99","https://karaz.ps/shop/product/apricot-baladi-%d9%85%d8%b4%d9%85%d8%b4-%d9%85%d8%b3%d8%aa%d9%83%d8%a7%d9%88%d9%8a-1kg/","https://karaz.ps/wp-content/uploads/2022/06/00507-300x300.jpg"
"karaz_barcode","Apple تفاح","وحدة","00792","11.99","karaz_product_adopted_latest","26","68","","","","","Apple تفاح","الفاكهة","11.99","https://karaz.ps/shop/product/apple-%d8%aa%d9%81%d8%a7%d8%ad/","https://karaz.ps/wp-content/uploads/2022/06/00792-300x300.jpg"
"karaz_barcode","Apple Pink Lady تفاح بينك ليدي مستورد","وحدة","00536","13.99","karaz_product_adopted_latest","26","68","","","","","Apple Pink Lady تفاح بينك ليدي مستورد","الفاكهة","13.99","https://karaz.ps/shop/product/apple-pink-lady-%d8%aa%d9%81%d8%a7%d8%ad-%d8%a8%d9%8a%d9%86%d9%83-%d9%84%d9%8a%d8%af%d9%8a-%d9%85%d8%b3%d8%aa%d9%88%d8%b1%d8%af/","https://karaz.ps/wp-content/uploads/2022/06/00536-300x300.jpg"
"karaz_barcode","ALTAY CHESTNUTS كستناء التاي","وحدة","","37.99","karaz_product_adopted_latest","26","68","","","","","ALTAY CHESTNUTS كستناء التاي","الفاكهة","37.99","https://karaz.ps/shop/product/altay-chestnuts-%d9%83%d8%b3%d8%aa%d9%86%d8%a7%d8%a1-%d8%a7%d9%84%d8%aa%d8%a7%d9%8a/","https://karaz.ps/wp-content/uploads/2022/06/chestnut-300x300.jpg"
"karaz_barcode","Calvo Sardines In Olive Oil 120g","وحدة","","7.99","karaz_product_adopted_latest","26","68","","","","","Calvo Sardines In Olive Oil 120g","الطعام","7.99","https://karaz.ps/shop/product/calvo-sardines-in-olive-oil-120g/","https://karaz.ps/wp-content/uploads/woocommerce-placeholder-300x300.png"
"karaz_barcode","Post Honey Bunches Honey Roosted Cereal 340ml","وحدة","884912359155","21.99","karaz_product_adopted_latest","26","68","","","","","Post Honey Bunches Honey Roosted Cereal 340ml","الطعام","21.99","https://karaz.ps/shop/product/post-honey-bunches-honey-roosted-cereal-340ml/","https://karaz.ps/wp-content/uploads/2024/06/884912359155-300x300.jpg"
"karaz_barcode","Delverde Spaghetti 72 500g","وحدة","8000270016284","6.99","karaz_product_adopted_latest","26","68","","","","","Delverde Spaghetti 72 500g","الطعام","6.99","https://karaz.ps/shop/product/delverde-spaghetti-72-500g/","https://karaz.ps/wp-content/uploads/2024/06/8000270016284-300x300.jpg"
"karaz_barcode","Langnese Manuka Black Forest Honey 375g","وحدة","4023300857101","139.99","karaz_product_adopted_latest","26","68","","","","","Langnese Manuka Black Forest Honey 375g","الطعام","139.99","https://karaz.ps/shop/product/langnese-manuka-black-forest-honey-375g/","https://karaz.ps/wp-content/uploads/2024/06/4023300857101-300x300.jpg"
"karaz_barcode","RIO mare Tuna Rice & Veg 160g","وحدة","8004030845046","21.99","karaz_product_adopted_latest","26","68","","","","","RIO mare Tuna Rice & Veg 160g","الطعام","21.99","https://karaz.ps/shop/product/rio-mare-tuna-rice-veg-160g/","https://karaz.ps/wp-content/uploads/2024/06/8004030845046-300x300.jpg"
"karaz_barcode","Delverde Filini 500g","وحدة","8006680040864","10.99","karaz_product_adopted_latest","26","68","","","","","Delverde Filini 500g","الطعام","10.99","https://karaz.ps/shop/product/delverde-filini-500g/","https://karaz.ps/wp-content/uploads/2024/06/8006680040864-300x300.jpg"
"karaz_barcode","Delverde Ondine Lasagna 500g","وحدة","8006680151065","19.99","karaz_product_adopted_latest","26","68","","","","","Delverde Ondine Lasagna 500g","الطعام","19.99","https://karaz.ps/shop/product/delverde-ondine-lasagna-500g/","https://karaz.ps/wp-content/uploads/2024/06/8006680151065-300x300.jpg"
"karaz_barcode","Delverde Fusilli Pasta 500g","وحدة","8000270013122","6.99","karaz_product_adopted_latest","26","68","","","","","Delverde Fusilli Pasta 500g","الطعام","6.99","https://karaz.ps/shop/product/delverde-fusilli-pasta-500g/","https://karaz.ps/wp-content/uploads/2024/06/8000270013122-300x300.jpg"
"karaz_barcode","Delverde Capelli D’Angelo A Nido 250g","وحدة","8006680040789","7.99","karaz_product_adopted_latest","26","68","","","","","Delverde Capelli D’Angelo A Nido 250g","الطعام","7.99","https://karaz.ps/shop/product/delverde-capelli-dangelo-a-nido-250g/","https://karaz.ps/wp-content/uploads/2024/06/8006680040789-300x300.jpg"
"karaz_barcode","Delverde Lasagne 500g","وحدة","8000270010329","14.99","karaz_product_adopted_latest","26","68","","","","","Delverde Lasagne 500g","الطعام","14.99","https://karaz.ps/shop/product/delverde-lasagne-500g/","https://karaz.ps/wp-content/uploads/2024/06/8000270010329-300x300.jpg"
"karaz_barcode","Rio Mare Tuna Pate 100 g","وحدة","8004030069008","21.99","karaz_product_adopted_latest","26","68","","","","","Rio Mare Tuna Pate 100 g","الطعام","21.99","https://karaz.ps/shop/product/rio-mare-tuna-pate-100-g/","https://karaz.ps/wp-content/uploads/2024/06/8004030069008-300x300.jpg"
"karaz_barcode","Delverde Colored Fusilli Pasta 500g","وحدة","8000270706352","9.99","karaz_product_adopted_latest","26","68","","","","","Delverde Colored Fusilli Pasta 500g","الطعام","9.99","https://karaz.ps/shop/product/delverde-colored-fusilli-pasta-500g/","https://karaz.ps/wp-content/uploads/2024/06/8000270706352-300x300.jpg"
"karaz_barcode","Delverde Spaghettini 71 500g","وحدة","8000270016277","6.99","karaz_product_adopted_latest","26","68","","","","","Delverde Spaghettini 71 500g","الطعام","6.99","https://karaz.ps/shop/product/delverde-spaghettini-71-500g/","https://karaz.ps/wp-content/uploads/2024/06/8000270016277-300x300.jpg"
"karaz_barcode","Delverde Farfalle Pasta 500g","وحدة","8000270011319","6.99","karaz_product_adopted_latest","26","68","","","","","Delverde Farfalle Pasta 500g","الطعام","6.99","https://karaz.ps/shop/product/delverde-farfalle-pasta-500g/","https://karaz.ps/wp-content/uploads/2024/06/8000270011319-300x300.jpg"
"karaz_barcode","Delverde Maccheroni 75 500g","وحدة","8000270020014","6.99","karaz_product_adopted_latest","26","68","","","","","Delverde Maccheroni 75 500g","الطعام","6.99","https://karaz.ps/shop/product/delverde-maccheroni-75-500g/","https://karaz.ps/wp-content/uploads/2024/06/8000270020014-300x300.jpg"
"karaz_barcode","Hungry Jack Belgian Waffle Mix 794g","وحدة","013300101629","23.99","karaz_product_adopted_latest","26","68","","","","","Hungry Jack Belgian Waffle Mix 794g","الطعام","23.99","https://karaz.ps/shop/product/hungry-jack-belgian-waffle-mix-794g/","https://karaz.ps/wp-content/uploads/2024/06/013300101629-300x300.jpg"
"karaz_barcode","Betty Crocker Fudge Brownie Mix 462g","وحدة","016000207684","21.99","karaz_product_adopted_latest","26","68","","","","","Betty Crocker Fudge Brownie Mix 462g","الطعام","21.99","https://karaz.ps/shop/product/betty-crocker-fudge-brownie-mix-462g/","https://karaz.ps/wp-content/uploads/2024/06/016000207684-300x300.jpg"
"karaz_barcode","Antebella Pistachio Cream 200g","وحدة","8699936610357","25.99","karaz_product_adopted_latest","26","68","","","","","Antebella Pistachio Cream 200g","إفطار الصباح","25.99","https://karaz.ps/shop/product/antebella-pistachio-cream-200g/","https://karaz.ps/wp-content/uploads/2022/12/8699936610357-300x300.jpg"
"karaz_barcode","Malt O Meal Tootie Fruities Cereal 354g","وحدة","042400108153","19.99","karaz_product_adopted_latest","26","68","","","","","Malt O Meal Tootie Fruities Cereal 354g","إفطار الصباح","19.99","https://karaz.ps/shop/product/malt-o-meal-tootie-fruities-cereal-354g/","https://karaz.ps/wp-content/uploads/2022/11/042400108153-300x300.jpg"
"karaz_barcode","Honey Bunches Cereal Oats With Strawberry سيريال بالشوفان و الفراولة 368g","وحدة","884912359483","21.99","karaz_product_adopted_latest","26","68","","","","","Honey Bunches Cereal Oats With Strawberry سيريال بالشوفان و الفراولة 368g","إفطار الصباح","21.99","https://karaz.ps/shop/product/honey-bunches-cereal-oats-with-strawberry-%d8%b3%d9%8a%d8%b1%d9%8a%d8%a7%d9%84-%d8%a8%d8%a7%d9%84%d8%b4%d9%88%d9%81%d8%a7%d9%86-%d9%88-%d8%a7%d9%84%d9%81%d8%b1%d8%a7%d9%88%d9%84%d8%a9-368g/","https://karaz.ps/wp-content/uploads/2022/11/884912359483-300x300.jpg"
"karaz_barcode","Malt O Meal Cinnamon Toasters Cereal 340g","وحدة","042400039051","17.99","karaz_product_adopted_latest","26","68","","","","","Malt O Meal Cinnamon Toasters Cereal 340g","إفطار الصباح","17.99","https://karaz.ps/shop/product/malt-o-meal-cinnamon-toasters-cereal-340g/","https://karaz.ps/wp-content/uploads/2022/09/042400039051-300x300.jpg"
"karaz_barcode","Post Fruity Pebbles 1.07Kg","وحدة","884912385871","51.99","karaz_product_adopted_latest","26","68","","","","","Post Fruity Pebbles 1.07Kg","إفطار الصباح","51.99","https://karaz.ps/shop/product/post-fruity-pebbles-1-07kg/","https://karaz.ps/wp-content/uploads/2022/09/884912385871-300x300.jpg"
"karaz_barcode","Saleh Khalaf Whole Oats 500g","وحدة","6253500661170","9.99","karaz_product_adopted_latest","26","68","","","","","Saleh Khalaf Whole Oats 500g","إفطار الصباح","9.99","https://karaz.ps/shop/product/saleh-khalaf-whole-oats-500g/","https://karaz.ps/wp-content/uploads/2022/09/6253500661170-300x300.jpg"
"karaz_barcode","Saleh Khalaf Quick Oats رقائق الشوفان الناعم 500g","وحدة","6253500661163","9.99","karaz_product_adopted_latest","26","68","","","","","Saleh Khalaf Quick Oats رقائق الشوفان الناعم 500g","إفطار الصباح","9.99","https://karaz.ps/shop/product/saleh-khalaf-quick-oats-%d8%b1%d9%82%d8%a7%d8%a6%d9%82-%d8%a7%d9%84%d8%b4%d9%88%d9%81%d8%a7%d9%86-%d8%a7%d9%84%d9%86%d8%a7%d8%b9%d9%85-500g/","https://karaz.ps/wp-content/uploads/2022/09/6253500661163-300x300.jpg"
"karaz_barcode","Dorset Cereals Simply Delicious Muesli 620g","وحدة","5018357006816","26.99","karaz_product_adopted_latest","26","68","","","","","Dorset Cereals Simply Delicious Muesli 620g","إفطار الصباح","26.99","https://karaz.ps/shop/product/dorset-cereals-simply-delicious-muesli-620g/","https://karaz.ps/wp-content/uploads/2022/07/5018357006816-300x300.jpg"
"karaz_barcode","Dorset Cereals Cranberry,Cherry & Almond 540g","وحدة","5018357006779","27.99","karaz_product_adopted_latest","26","68","","","","","Dorset Cereals Cranberry,Cherry & Almond 540g","إفطار الصباح","27.99","https://karaz.ps/shop/product/dorset-cereals-cranberrycherry-almond-540g/","https://karaz.ps/wp-content/uploads/2022/07/5018357006779-300x300.jpg"
"karaz_barcode","DORSET CEREALS REALLY NUTTY MUESLI 560g","وحدة","5018357006731","26.99","karaz_product_adopted_latest","26","68","","","","","DORSET CEREALS REALLY NUTTY MUESLI 560g","إفطار الصباح","26.99","https://karaz.ps/shop/product/dorset-cereals-really-nutty-muesli-560g/","https://karaz.ps/wp-content/uploads/2022/07/5018357006731-300x300.jpg"
"karaz_barcode","SANTE GOLD GRANOLA BROWNIE & CHERRY 300G","وحدة","5900617042255","13.99","karaz_product_adopted_latest","26","68","","","","","SANTE GOLD GRANOLA BROWNIE & CHERRY 300G","إفطار الصباح","13.99","https://karaz.ps/shop/product/sante-gold-granola-brownie-cherry-300g/","https://karaz.ps/wp-content/uploads/2022/07/5900617042255-300x300.jpg"
"karaz_barcode","Post Raisin Bran Whole Grain Wheat & Bran Cereal 471g","وحدة","884912378118","25.99","karaz_product_adopted_latest","26","68","","","","","Post Raisin Bran Whole Grain Wheat & Bran Cereal 471g","السيريلات و الحبوب الصحية","25.99","https://karaz.ps/shop/product/raisin-bran-whole-grain-wheat-and-cereal-471g/","https://karaz.ps/wp-content/uploads/2022/07/884912378118-300x300.jpg"
"karaz_barcode","Lobas Pistachio Cream Spread 200ml","وحدة","8033971610161","19.99","karaz_product_adopted_latest","2","6","","","","","Lobas Pistachio Cream Spread 200ml","طعام قابل للدهن","19.99","https://karaz.ps/shop/product/lobas-pistachio-cream-spread-200g/","https://karaz.ps/wp-content/uploads/2022/07/8033971610161-300x300.jpg"
"karaz_barcode","FRUITANGO PLUM CONFITURE 450G","وحدة","8697431460378","17.99","karaz_product_adopted_latest","2","6","","","","","FRUITANGO PLUM CONFITURE 450G","طعام قابل للدهن","17.99","https://karaz.ps/shop/product/fruitango-plum-confiture-450g/","https://karaz.ps/wp-content/uploads/2022/07/8697431460378-300x300.jpg"
"karaz_barcode","ST. DALFOUR Mix Fruits FLAVOUR JAM 284G","وحدة","5014271350424","20.99","karaz_product_adopted_latest","2","6","","","","","ST. DALFOUR Mix Fruits FLAVOUR JAM 284G","طعام قابل للدهن","20.99","https://karaz.ps/shop/product/st-dalfour-mix-fruits-flavour-jam-284g/","https://karaz.ps/wp-content/uploads/2022/07/5014271350424-300x300.jpg"
"karaz_barcode","FRUITANGO APRICOT CONFITURE 450G","وحدة","8697431460064","17.99","karaz_product_adopted_latest","2","6","","","","","FRUITANGO APRICOT CONFITURE 450G","طعام قابل للدهن","17.99","https://karaz.ps/shop/product/fruitango-apricot-confiture-450g/","https://karaz.ps/wp-content/uploads/2022/07/8697431460064-300x300.jpg"
"karaz_barcode","FRUITANGO ORANGE CONFITURE 450G","وحدة","8697431460217","17.99","karaz_product_adopted_latest","2","6","","","","","FRUITANGO ORANGE CONFITURE 450G","طعام قابل للدهن","17.99","https://karaz.ps/shop/product/fruitango-orange-confiture-450g/","https://karaz.ps/wp-content/uploads/2022/07/8697431460217-300x300.jpg"
"karaz_barcode","Jif Peanut Butter زبدة فول سوداني 454g – خشنة","وحدة","051500255377","18.99","karaz_product_adopted_latest","4","12","","","","","Jif Peanut Butter زبدة فول سوداني 454g – خشنة","طعام قابل للدهن","18.99","https://karaz.ps/shop/product/jif-peanut-butter-%d8%b2%d8%a8%d8%af%d8%a9-%d9%81%d9%88%d9%84-%d8%b3%d9%88%d8%af%d8%a7%d9%86%d9%8a-454g-%d8%ae%d8%b4%d9%86%d8%a9/","https://karaz.ps/wp-content/uploads/2022/07/051500255377-300x300.jpg"
"karaz_barcode","ST.Dalfour Jam سان دالفور مربى طبيعي 100% خالي من السكر – طعم الكرز الاسود","وحدة","5014271310428","19.99","karaz_product_adopted_latest","3","9","","","","","ST.Dalfour Jam سان دالفور مربى طبيعي 100% خالي من السكر – طعم الكرز الاسود","طعام قابل للدهن","19.99","https://karaz.ps/shop/product/st-dalfour-jam-%d8%b3%d8%a7%d9%86-%d8%af%d8%a7%d9%84%d9%81%d9%88%d8%b1-%d9%85%d8%b1%d8%a8%d9%89-%d8%b7%d8%a8%d9%8a%d8%b9%d9%8a-100-%d8%ae%d8%a7%d9%84%d9%8a-%d9%85%d9%86-%d8%a7%d9%84%d8%b3%d9%83-2/","https://karaz.ps/wp-content/uploads/2022/07/5014271310428-300x300.jpg"
"karaz_barcode","Vitalia Extra Diet Jam Apricot 370g","وحدة","5319990149916","21.99","karaz_product_adopted_latest","2","6","","","","","Vitalia Extra Diet Jam Apricot 370g","طعام قابل للدهن","21.99","https://karaz.ps/shop/product/vitalia-diet-jam-%d9%81%d9%8a%d8%aa%d8%a7%d9%84%d9%8a%d8%a7-%d9%85%d8%b1%d8%a8%d9%89-%d8%a8%d8%af%d9%88%d9%86-%d8%b3%d9%83%d8%b1-%d8%b7%d8%b9%d9%85-%d8%a7%d9%84%d9%85%d8%b4%d9%85%d8%b4/","https://karaz.ps/wp-content/uploads/2022/07/5319990149916-300x300.jpg"
"karaz_barcode","Jif زبدة الفستق قليلة الدسم Reduced Fat Creamy 454g","وحدة","051500255186","19.99","karaz_product_adopted_latest","4","12","","","","","Jif زبدة الفستق قليلة الدسم Reduced Fat Creamy 454g","طعام قابل للدهن","19.99","https://karaz.ps/shop/product/jif-%d8%b2%d8%a8%d8%af%d8%a9-%d8%a7%d9%84%d9%81%d8%b3%d8%aa%d9%82-%d9%82%d9%84%d9%8a%d9%84%d8%a9-%d8%a7%d9%84%d8%af%d8%b3%d9%85-reduced-fat-creamy-454g/","https://karaz.ps/wp-content/uploads/2022/07/051500255186-300x300.jpg"
"karaz_barcode","Smucker’s Sugar Free Jam مربى خالي من السكر 361g – Strawberry","وحدة","051500040423","17.99","karaz_product_adopted_latest","3","9","","","","","Smucker’s Sugar Free Jam مربى خالي من السكر 361g – Strawberry","طعام قابل للدهن","17.99","https://karaz.ps/shop/product/smuckers-sugar-free-jam-%d9%85%d8%b1%d8%a8%d9%89-%d8%ae%d8%a7%d9%84%d9%8a-%d9%85%d9%86-%d8%a7%d9%84%d8%b3%d9%83%d8%b1-361g-strawberry/","https://karaz.ps/wp-content/uploads/2022/07/051500040423-300x300.jpg"
"karaz_barcode","Jif Peanut Butter Honey Creamy 454g","وحدة","051500255780","21.99","karaz_product_adopted_latest","2","6","","","","","Jif Peanut Butter Honey Creamy 454g","طعام قابل للدهن","21.99","https://karaz.ps/shop/product/jif-peanut-butter-honey-creamy-454g/","https://karaz.ps/wp-content/uploads/2024/06/051500255780-300x300.jpg"
"karaz_barcode","Delverde Pipe Rigate Pasta 500g","وحدة","8000270706925","6.99","karaz_product_adopted_latest","26","68","","","","","Delverde Pipe Rigate Pasta 500g","مكونات الطعام","6.99","https://karaz.ps/shop/product/delverde-pipe-rigate-pasta-500g/","https://karaz.ps/wp-content/uploads/2024/06/8000270706925-300x300.jpg"
"karaz_barcode","Delverde Tagliatelle A Nido Agli Spinaci 250g","وحدة","8006680051341","7.99","karaz_product_adopted_latest","26","68","","","","","Delverde Tagliatelle A Nido Agli Spinaci 250g","مكونات الطعام","7.99","https://karaz.ps/shop/product/delverde-tagliatelle-a-nido-agli-spinaci-250g/","https://karaz.ps/wp-content/uploads/2024/06/8006680051341-300x300.jpg"
"karaz_barcode","Delverde Sedanini Pasta 500g","وحدة","8000270706895","6.99","karaz_product_adopted_latest","26","68","","","","","Delverde Sedanini Pasta 500g","مكونات الطعام","6.99","https://karaz.ps/shop/product/delverde-sedanini-pasta-500g/","https://karaz.ps/wp-content/uploads/2024/06/8000270706895-300x300.jpg"
"karaz_barcode","Samyang Buldak Hot Chicken Flavour Ramen 135g","وحدة","8801073113947","9.99","karaz_product_adopted_latest","26","68","","","","","Samyang Buldak Hot Chicken Flavour Ramen 135g","مكونات الطعام","9.99","https://karaz.ps/shop/product/samyang-buldak-hot-chicken-flavour-ramen-135g/","https://karaz.ps/wp-content/uploads/2023/04/8801073113947-300x300.jpg"
"karaz_barcode","American Garden Cherry Topping & Filling 595g","وحدة","017273502124","25.99","karaz_product_adopted_latest","14","37","","","","","American Garden Cherry Topping & Filling 595g","مكونات الحلويات","25.99","https://karaz.ps/shop/product/american-garden-cherry-topping-filling-595g/","https://karaz.ps/wp-content/uploads/2022/10/017273502124-300x300.jpg"
"karaz_barcode","Cadbury Cocoa 125g","وحدة","5000312000694","15.99","karaz_product_adopted_latest","14","37","","","","","Cadbury Cocoa 125g","مكونات الحلويات","15.99","https://karaz.ps/shop/product/cadbury-cocoa-125g/","https://karaz.ps/wp-content/uploads/2022/08/5000312000694-300x300.jpg"
"karaz_barcode","Gullon Bizcochos Lady Fingers 200g","وحدة","84103760354072","11.99","karaz_product_adopted_latest","14","37","","","","","Gullon Bizcochos Lady Fingers 200g","مكونات الحلويات","11.99","https://karaz.ps/shop/product/gullon-lady-fingers-biscuit-200g/","https://karaz.ps/wp-content/uploads/2022/07/8410376035407-2-300x300.jpg"
"karaz_barcode","Karo Light Corn Syrup 473ml","وحدة","761720051108","29.99","karaz_product_adopted_latest","14","37","","","","","Karo Light Corn Syrup 473ml","مكونات الحلويات","29.99","https://karaz.ps/shop/product/light-corn-syrup-karo-473-ml/","https://karaz.ps/wp-content/uploads/2022/07/761720051108-300x300.jpg"
"karaz_barcode","LA PERRUCHE SUGAR CUBES 750 G","وحدة","3174660098022","27.99","karaz_product_adopted_latest","14","37","","","","","LA PERRUCHE SUGAR CUBES 750 G","مكونات الحلويات","27.99","https://karaz.ps/shop/product/la-perruche-sugar-cubes-750-g/","https://karaz.ps/wp-content/uploads/2022/07/3174660098022-300x300.jpg"
"karaz_barcode","LA PERRUCHE BROWN SUGAR CUBES 750 G","وحدة","3174660097995","34.99","karaz_product_adopted_latest","14","37","","","","","LA PERRUCHE BROWN SUGAR CUBES 750 G","مكونات الحلويات","34.99","https://karaz.ps/shop/product/la-perruche-brown-sugar-cubes-750-g/","https://karaz.ps/wp-content/uploads/2022/07/3174660097995-300x300.jpg"
"karaz_barcode","Betty Crocker Super Moist Butter Pecan Cake Mix خليط الكيك","وحدة","016000409842","15.99","karaz_product_adopted_latest","14","38","","","","","Betty Crocker Super Moist Butter Pecan Cake Mix خليط الكيك","مكونات الحلويات","15.99","https://karaz.ps/shop/product/betty-crocker-super-moist-butter-pecan-cake-mix-%d8%ae%d9%84%d9%8a%d8%b7-%d8%a7%d9%84%d9%83%d9%8a%d9%83/","https://karaz.ps/wp-content/uploads/2022/07/016000409842-300x300.jpg"
"karaz_barcode","Betty Crocker Super Moist خليط الكيك Strawberry","وحدة","016000409996","15.99","karaz_product_adopted_latest","14","38","","","","","Betty Crocker Super Moist خليط الكيك Strawberry","مكونات الحلويات","15.99","https://karaz.ps/shop/product/betty-crocker-super-moist-%d8%ae%d9%84%d9%8a%d8%b7-%d8%a7%d9%84%d9%83%d9%8a%d9%83-strawberry/","https://karaz.ps/wp-content/uploads/2022/07/016000409996-300x300.jpg"
"karaz_barcode","Mansa Basmati Rice مانسا أرز بسمتي – 1 كيلو","وحدة","8906040370047","11.99","karaz_product_adopted_latest","3","7","","","","","Mansa Basmati Rice مانسا أرز بسمتي – 1 كيلو","الأرز","11.99","https://karaz.ps/shop/product/mansa-basmati-rice-%d9%85%d8%a7%d9%86%d8%b3%d8%a7-%d8%a3%d8%b1%d8%b2-%d8%a8%d8%b3%d9%85%d8%aa%d9%8a-1-%d9%83%d9%8a%d9%84%d9%88/","https://karaz.ps/wp-content/uploads/2022/06/8906040370047-300x300.jpg"
"karaz_barcode","Mansa Basmati Rice مانسا أرز بسمتي – 5 كيلو","وحدة","8906040370054","51.99","karaz_product_adopted_latest","3","7","","","","","Mansa Basmati Rice مانسا أرز بسمتي – 5 كيلو","الأرز","51.99","https://karaz.ps/shop/product/mansa-basmati-rice-%d9%85%d8%a7%d9%86%d8%b3%d8%a7-%d8%a3%d8%b1%d8%b2-%d8%a8%d8%b3%d9%85%d8%aa%d9%8a-5-%d9%83%d9%8a%d9%84%d9%88/","https://karaz.ps/wp-content/uploads/2022/06/8906040370054-300x300.jpg"
"karaz_barcode","Al-Bustan Basmate Rice البستان أرز بسمتي – 1 كيلو","وحدة","8906004964008","11.99","karaz_product_adopted_latest","3","7","","","","","Al-Bustan Basmate Rice البستان أرز بسمتي – 1 كيلو","الأرز","11.99","https://karaz.ps/shop/product/al-bustan-basmate-rice-%d8%a7%d9%84%d8%a8%d8%b3%d8%aa%d8%a7%d9%86-%d8%a3%d8%b1%d8%b2-%d8%a8%d8%b3%d9%85%d8%aa%d9%8a-1-%d9%83%d9%8a%d9%84%d9%88/","https://karaz.ps/wp-content/uploads/2022/06/8906004964008-300x300.jpg"
"karaz_barcode","Uncle Ben’s Rice أرز انكل بنز 5K","وحدة","054800011254","114.99","karaz_product_adopted_latest","3","7","","","","","Uncle Ben’s Rice أرز انكل بنز 5K","الأرز","114.99","https://karaz.ps/shop/product/uncle-bens-rice-%d8%a3%d8%b1%d8%b2-%d8%a7%d9%86%d9%83%d9%84-%d8%a8%d9%86%d8%b2-5k/","https://karaz.ps/wp-content/uploads/2022/06/054800011254-300x300.jpg"
"karaz_barcode","Taste Of Asia Round White Rice For Sushi أرز سوشي 1kg","وحدة","7290011996062","15.99","karaz_product_adopted_latest","3","7","","","","","Taste Of Asia Round White Rice For Sushi أرز سوشي 1kg","الأرز","15.99","https://karaz.ps/shop/product/taste-of-asia-round-white-rice-for-sushi-%d8%a3%d8%b1%d8%b2-%d8%b3%d9%88%d8%b4%d9%8a-1kg/","https://karaz.ps/wp-content/uploads/2022/06/7290011996062-300x300.jpg"
"karaz_barcode","الوليمة أرز (الأرز العربي) 1kg","وحدة","","11.99","karaz_product_adopted_latest","3","7","","","","","الوليمة أرز (الأرز العربي) 1kg","الأرز","11.99","https://karaz.ps/shop/product/%d8%a7%d9%84%d9%88%d9%84%d9%8a%d9%85%d8%a9-%d8%a3%d8%b1%d8%b2-%d8%a7%d9%84%d8%a3%d8%b1%d8%b2-%d8%a7%d9%84%d8%b9%d8%b1%d8%a8%d9%8a-1kg/","https://karaz.ps/wp-content/uploads/2022/06/waleema-rice-300x300.jpg"
"karaz_barcode","Campanini Rice أرز كمبانيني الأيطالي 1kg","وحدة","","27.99","karaz_product_adopted_latest","3","7","","","","","Campanini Rice أرز كمبانيني الأيطالي 1kg","الأرز","27.99","https://karaz.ps/shop/product/campanini-rice-%d8%a3%d8%b1%d8%b2-%d9%83%d9%85%d8%a8%d8%a7%d9%86%d9%8a%d9%86%d9%8a-%d8%a7%d9%84%d8%a3%d9%8a%d8%b7%d8%a7%d9%84%d9%8a-1kg/","https://karaz.ps/wp-content/uploads/woocommerce-placeholder-300x300.png"
"karaz_barcode","Taste Of Asia Sushi Food Products Kit مجموعة كاملة لتحضير السوشي","وحدة","7290012911071","69.99","karaz_product_adopted_latest","3","7","","","","","Taste Of Asia Sushi Food Products Kit مجموعة كاملة لتحضير السوشي","الأرز","69.99","https://karaz.ps/shop/product/taste-of-asia-sushi-food-products-kit-%d9%85%d8%ac%d9%85%d9%88%d8%b9%d8%a9-%d9%83%d8%a7%d9%85%d9%84%d8%a9-%d9%84%d8%aa%d8%ad%d8%b6%d9%8a%d8%b1-%d8%a7%d9%84%d8%b3%d9%88%d8%b4%d9%8a/","https://karaz.ps/wp-content/uploads/2022/06/7290012911071-300x300.jpg"
"karaz_barcode","Uncle Ben’s Ready Rice Jasmine أرز أنكل بينز سريع التحضير – 1 Pouch","وحدة","054800344468","11.99","karaz_product_adopted_latest","3","7","","","","","Uncle Ben’s Ready Rice Jasmine أرز أنكل بينز سريع التحضير – 1 Pouch","الأرز","11.99","https://karaz.ps/shop/product/uncle-bens-ready-rice-jasmine-%d8%a3%d8%b1%d8%b2-%d8%a3%d9%86%d9%83%d9%84-%d8%a8%d9%8a%d9%86%d8%b2-%d8%b3%d8%b1%d9%8a%d8%b9-%d8%a7%d9%84%d8%aa%d8%ad%d8%b6%d9%8a%d8%b1-1-pouch/","https://karaz.ps/wp-content/uploads/2022/06/054800344468-300x300.jpg"
"karaz_barcode","Tilda Rice أرز تلدا على الطريقة الهندية 1Kg","وحدة","5011157630281","24.99","karaz_product_adopted_latest","3","7","","","","","Tilda Rice أرز تلدا على الطريقة الهندية 1Kg","الأرز","24.99","https://karaz.ps/shop/product/tilda-rice-%d8%a3%d8%b1%d8%b2-%d8%aa%d9%84%d8%af%d8%a7-%d8%b9%d9%84%d9%89-%d8%a7%d9%84%d8%b7%d8%b1%d9%8a%d9%82%d8%a9-%d8%a7%d9%84%d9%87%d9%86%d8%af%d9%8a%d8%a9-1kg/","https://karaz.ps/wp-content/uploads/2022/06/5011157630281-300x300.jpg"
"karaz_barcode","Al-Bustan Basmate Rice البستان أرز بسمتي – 5 كيلو","وحدة","89060049640082","43.99","karaz_product_adopted_latest","3","7","","","","","Al-Bustan Basmate Rice البستان أرز بسمتي – 5 كيلو","الأرز","43.99","https://karaz.ps/shop/product/al-bustan-basmate-rice-%d8%a7%d9%84%d8%a8%d8%b3%d8%aa%d8%a7%d9%86-%d8%a3%d8%b1%d8%b2-%d8%a8%d8%b3%d9%85%d8%aa%d9%8a-5-%d9%83%d9%8a%d9%84%d9%88/","https://karaz.ps/wp-content/uploads/2022/06/8906004964008-2-300x300.jpg"
"karaz_barcode","Saleh Khalaf Broen Rice أرز بني صالح خلف 1kg","وحدة","6253500661200","11.99","karaz_product_adopted_latest","3","7","","","","","Saleh Khalaf Broen Rice أرز بني صالح خلف 1kg","الأرز","11.99","https://karaz.ps/shop/product/saleh-khalaf-broen-rice-%d8%a3%d8%b1%d8%b2-%d8%a8%d9%86%d9%8a-%d8%b5%d8%a7%d9%84%d8%ad-%d8%ae%d9%84%d9%81-1kg/","https://karaz.ps/wp-content/uploads/2022/06/6253500661200-300x300.jpg"
"karaz_barcode","SK Organic Cane Sugar 500g","وحدة","6253500661415","8.99","karaz_product_adopted_latest","3","9","","","","","SK Organic Cane Sugar 500g","الدقيق و السكر و الملح","8.99","https://karaz.ps/shop/product/sk-organic-cane-sugar-500g/","https://karaz.ps/wp-content/uploads/2022/12/6253500661415-300x300.jpg"
"karaz_barcode","Tvout Fruit Sugar 500g","وحدة","7290011473556","14.99","karaz_product_adopted_latest","3","9","","","","","Tvout Fruit Sugar 500g","الدقيق و السكر و الملح","14.99","https://karaz.ps/shop/product/tvout-fruit-sugar-500g/","https://karaz.ps/wp-content/uploads/2022/09/7290011473556-300x300.jpg"
"karaz_barcode","Saleh Khalaf Plain Bread Crumbs 500g قرشلة سادة","وحدة","6253500662368","7.99","karaz_product_adopted_latest","3","9","","","","","Saleh Khalaf Plain Bread Crumbs 500g قرشلة سادة","الدقيق و السكر و الملح","7.99","https://karaz.ps/shop/product/saleh-khalaf-plain-bread-crumbs-500g-%d9%82%d8%b1%d8%b4%d9%84%d8%a9-%d8%b3%d8%a7%d8%af%d8%a9/","https://karaz.ps/wp-content/uploads/2022/08/6253500662368-300x300.jpg"
"karaz_barcode","Nicoli Yellow Corn Flower 1kg","وحدة","8000113003402","15.99","karaz_product_adopted_latest","3","9","","","","","Nicoli Yellow Corn Flower 1kg","الدقيق و السكر و الملح","15.99","https://karaz.ps/shop/product/nicoli-yellow-corn-flower-1kg/","https://karaz.ps/wp-content/uploads/2022/07/8000113003402-300x300.jpg"
"karaz_barcode","Salem Salt 1Kg ملح طعام","وحدة","625400000902","1.99","karaz_product_adopted_latest","3","9","","","","","Salem Salt 1Kg ملح طعام","الدقيق و السكر و الملح","1.99","https://karaz.ps/shop/product/salem-salt-1kg-%d9%85%d9%84%d8%ad-%d8%b7%d8%b9%d8%a7%d9%85/","https://karaz.ps/wp-content/uploads/2022/07/625400000902-300x300.jpg"
"karaz_barcode","SALEH KHALAF POEDER SUGAR 750 G سكر ناعم صالح خلف","وحدة","6253500661514","8.99","karaz_product_adopted_latest","3","9","","","","","SALEH KHALAF POEDER SUGAR 750 G سكر ناعم صالح خلف","الدقيق و السكر و الملح","8.99","https://karaz.ps/shop/product/saleh-khalaf-poeder-sugar-750-g-%d8%b3%d9%83%d8%b1-%d9%86%d8%a7%d8%b9%d9%85-%d8%b5%d8%a7%d9%84%d8%ad-%d8%ae%d9%84%d9%81/","https://karaz.ps/wp-content/uploads/2022/07/6253500661514-300x300.jpg"
"karaz_barcode","SALEH KHALAF ALMOND FLOUR 500G طحين لوز صالح خلف","وحدة","0092761","29.99","karaz_product_adopted_latest","3","9","","","","","SALEH KHALAF ALMOND FLOUR 500G طحين لوز صالح خلف","الدقيق و السكر و الملح","29.99","https://karaz.ps/shop/product/saleh-khalaf-almond-flour-500g-%d8%b7%d8%ad%d9%8a%d9%86-%d9%84%d9%88%d8%b2-%d8%b5%d8%a7%d9%84%d8%ad-%d8%ae%d9%84%d9%81/","https://karaz.ps/wp-content/uploads/2022/07/0092761-300x300.jpg"
"karaz_barcode","Sel Marin Sea Salt ملح بحر 1kg","وحدة","8428818164172","17.99","karaz_product_adopted_latest","3","9","","","","","Sel Marin Sea Salt ملح بحر 1kg","الدقيق و السكر و الملح","17.99","https://karaz.ps/shop/product/sel-marin-sea-salt-%d9%85%d9%84%d8%ad-%d8%a8%d8%ad%d8%b1-1kg/","https://karaz.ps/wp-content/uploads/2022/06/8428818164172-300x300.jpg"
"karaz_barcode","Piccata Corn Flour طحين ذرة – خشن","وحدة","7290013389381","15.99","karaz_product_adopted_latest","3","9","","","","","Piccata Corn Flour طحين ذرة – خشن","الدقيق و السكر و الملح","15.99","https://karaz.ps/shop/product/piccata-corn-flour-%d8%b7%d8%ad%d9%8a%d9%86-%d8%b0%d8%b1%d8%a9-%d8%ae%d8%b4%d9%86/","https://karaz.ps/wp-content/uploads/2022/06/7290013389381-300x300.jpg"
"karaz_barcode","Sweet’n Low حبيبات بديل السكر 80g","وحدة","7290000518169","14.99","karaz_product_adopted_latest","3","9","","","","","Sweet’n Low حبيبات بديل السكر 80g","الدقيق و السكر و الملح","14.99","https://karaz.ps/shop/product/sweetn-low-%d8%ad%d8%a8%d9%8a%d8%a8%d8%a7%d8%aa-%d8%a8%d8%af%d9%8a%d9%84-%d8%a7%d9%84%d8%b3%d9%83%d8%b1-80g/","https://karaz.ps/wp-content/uploads/2022/06/7290000518169-300x300.jpg"
"karaz_barcode","MASTER CHEF WHOLE GRAIN WHEAT 320G","وحدة","7290114600927","11.99","karaz_product_adopted_latest","3","9","","","","","MASTER CHEF WHOLE GRAIN WHEAT 320G","الدقيق و السكر و الملح","11.99","https://karaz.ps/shop/product/master-chef-whole-grain-wheat-320g/","https://karaz.ps/wp-content/uploads/2023/04/7290114600927-300x300.jpg"
"karaz_barcode","Barilla Farina Tipo 00 Italian Soft Wheat 1kg","وحدة","8076802795019","13.99","karaz_product_adopted_latest","3","9","","","","","Barilla Farina Tipo 00 Italian Soft Wheat 1kg","الدقيق و السكر و الملح","13.99","https://karaz.ps/shop/product/barilla-farina-tipo-00-italian-soft-wheat-1kg/","https://karaz.ps/wp-content/uploads/2023/01/8076802795019-300x300.jpg"
"karaz_barcode","Bthrit Ametna Talbeeneh Barley Flour 250g","وحدة","6251892000355","24.99","karaz_product_adopted_latest","3","9","","","","","Bthrit Ametna Talbeeneh Barley Flour 250g","الدقيق و السكر و الملح","24.99","https://karaz.ps/shop/product/bthrit-ametna-talbeeneh-barley-flour-250g/","https://karaz.ps/wp-content/uploads/2022/10/6251892000355-300x300.jpg"
"karaz_barcode","Pam Oil Spray رذاذ الزيت 148ml – Canola Oil","وحدة","064144090051","21.99","karaz_product_adopted_latest","4","11","","","","","Pam Oil Spray رذاذ الزيت 148ml – Canola Oil","الزيوت و السمنة","21.99","https://karaz.ps/shop/product/pam-oil-spray-%d8%b1%d8%b0%d8%a7%d8%b0-%d8%a7%d9%84%d8%b2%d9%8a%d8%aa-148ml-canola-oil/","https://karaz.ps/wp-content/uploads/2022/09/064144090051-300x300.jpg"
"karaz_barcode","Safi Sunflower Oil صافي زيت دوار الشمس – 3 لتر","وحدة","62535018830381","25.99","karaz_product_adopted_latest","4","11","","","","","Safi Sunflower Oil صافي زيت دوار الشمس – 3 لتر","الزيوت و السمنة","25.99","https://karaz.ps/shop/product/safi-sunflower-oil-%d8%b5%d8%a7%d9%81%d9%8a-%d8%b2%d9%8a%d8%aa-%d8%af%d9%88%d8%a7%d8%b1-%d8%a7%d9%84%d8%b4%d9%85%d8%b3-3-%d9%84%d8%aa%d8%b1/","https://karaz.ps/wp-content/uploads/2022/06/6253501883038-1-300x300.jpg"
"karaz_barcode","Safi Sunflower Oil صافي زيت دوار الشمس – 1 لتر","وحدة","6253501883045","12.99","karaz_product_adopted_latest","4","11","","","","","Safi Sunflower Oil صافي زيت دوار الشمس – 1 لتر","الزيوت و السمنة","12.99","https://karaz.ps/shop/product/safi-sunflower-oil-%d8%b5%d8%a7%d9%81%d9%8a-%d8%b2%d9%8a%d8%aa-%d8%af%d9%88%d8%a7%d8%b1-%d8%a7%d9%84%d8%b4%d9%85%d8%b3-1-%d9%84%d8%aa%d8%b1/","https://karaz.ps/wp-content/uploads/2022/10/6253501883045-300x300.jpg"
"karaz_barcode","Crisco All-Vegetable Shortening كريسكو بديل الزبدة النباتي","وحدة","051500239131","25.99","karaz_product_adopted_latest","4","11","","","","","Crisco All-Vegetable Shortening كريسكو بديل الزبدة النباتي","الزيوت و السمنة","25.99","https://karaz.ps/shop/product/crisco-all-vegetable-shortening-%d9%83%d8%b1%d9%8a%d8%b3%d9%83%d9%88-%d8%a8%d8%af%d9%8a%d9%84-%d8%a7%d9%84%d8%b2%d8%a8%d8%af%d8%a9-%d8%a7%d9%84%d9%86%d8%a8%d8%a7%d8%aa%d9%8a/","https://karaz.ps/wp-content/uploads/2022/06/051500239131-300x300.jpg"
"karaz_barcode","Al’ard Virgin Palestinian Olive Oil زيت زيتون بكر بلدي فلسطيني – 500ml","وحدة","6253802050115","24.99","karaz_product_adopted_latest","4","10","","","","","Al’ard Virgin Palestinian Olive Oil زيت زيتون بكر بلدي فلسطيني – 500ml","الزيوت و السمنة","24.99","https://karaz.ps/shop/product/alard-virgin-palestinian-olive-oil-%d8%b2%d9%8a%d8%aa-%d8%b2%d9%8a%d8%aa%d9%88%d9%86-%d8%a8%d9%83%d8%b1-%d8%a8%d9%84%d8%af%d9%8a-%d9%81%d9%84%d8%b3%d8%b7%d9%8a%d9%86%d9%8a-500ml/","https://karaz.ps/wp-content/uploads/2022/06/6253802050115-300x300.jpg"
"karaz_barcode","Pam Oil Spray رذاذ الزيت 148ml – Olive Oil","وحدة","064144090020","21.99","karaz_product_adopted_latest","4","11","","","","","Pam Oil Spray رذاذ الزيت 148ml – Olive Oil","الزيوت و السمنة","21.99","https://karaz.ps/shop/product/pam-oil-spray-%d8%b1%d8%b0%d8%a7%d8%b0-%d8%a7%d9%84%d8%b2%d9%8a%d8%aa-148ml-olive-oil/","https://karaz.ps/wp-content/uploads/2022/06/064144090020-300x300.jpg"
"karaz_barcode","Pam Oil Spray رذاذ الزيت 148ml – Canola Oil With Butter","وحدة","064144090013","21.99","karaz_product_adopted_latest","4","11","","","","","Pam Oil Spray رذاذ الزيت 148ml – Canola Oil With Butter","الزيوت و السمنة","21.99","https://karaz.ps/shop/product/pam-oil-spray-%d8%b1%d8%b0%d8%a7%d8%b0-%d8%a7%d9%84%d8%b2%d9%8a%d8%aa-148ml-canola-oil-with-butter/","https://karaz.ps/wp-content/uploads/2022/06/064144090013-300x300.jpg"
"karaz_barcode","Crisco Butter Flavor All Vegetable Shortening 453g بديل الزبدة النباتي","وحدة","051500242483","21.99","karaz_product_adopted_latest","4","11","","","","","Crisco Butter Flavor All Vegetable Shortening 453g بديل الزبدة النباتي","الزيوت و السمنة","21.99","https://karaz.ps/shop/product/crisco-butter-flavor-all-vegetable-shortening-453g-%d8%a8%d8%af%d9%8a%d9%84-%d8%a7%d9%84%d8%b2%d8%a8%d8%af%d8%a9-%d8%a7%d9%84%d9%86%d8%a8%d8%a7%d8%aa%d9%8a/","https://karaz.ps/wp-content/uploads/2022/10/051500242483-300x300.jpg"
"karaz_barcode","Saleh Khalaf Olive Oil 1L","وحدة","6253500662375","51.99","karaz_product_adopted_latest","4","11","","","","","Saleh Khalaf Olive Oil 1L","الزيوت و السمنة","51.99","https://karaz.ps/shop/product/saleh-khalaf-olive-oil-1l/","https://karaz.ps/wp-content/uploads/2022/10/6253500662375-300x300.jpg"
"karaz_barcode","Crisco All Vegetable Shortening 1.36kg","وحدة","051500242346","44.99","karaz_product_adopted_latest","4","11","","","","","Crisco All Vegetable Shortening 1.36kg","الزيوت و السمنة","44.99","https://karaz.ps/shop/product/crisco-all-vegetable-shortening-1-36kg/","https://karaz.ps/wp-content/uploads/2022/08/051500242346-300x300.jpg"
"karaz_barcode","Osem Chicken Soup 400g","وحدة","7290000070308","24.99","karaz_product_adopted_latest","2","4","","","","","Osem Chicken Soup 400g","الشوربات و مكوناتها","24.99","https://karaz.ps/shop/product/osem-chicken-soup-400g-2/","https://karaz.ps/wp-content/uploads/2022/10/7290000070308-300x300.jpg"
"karaz_barcode","Osem Chicken Soup 400g","وحدة","7290100689301","15.99","karaz_product_adopted_latest","2","4","","","","","Osem Chicken Soup 400g","الشوربات و مكوناتها","15.99","https://karaz.ps/shop/product/osem-chicken-soup-400g/","https://karaz.ps/wp-content/uploads/2022/07/7290100689301-300x300.jpg"
"karaz_barcode","Maggi Hot & Spicy Mix 34g ماجي خلطة توابل حارة","وحدة","6294003587956","9.99","karaz_product_adopted_latest","2","4","","","","","Maggi Hot & Spicy Mix 34g ماجي خلطة توابل حارة","الشوربات و مكوناتها","9.99","https://karaz.ps/shop/product/maggi-hot-spicy-mix-34g-%d9%85%d8%a7%d8%ac%d9%8a-%d8%ae%d9%84%d8%b7%d8%a9-%d8%aa%d9%88%d8%a7%d8%a8%d9%84-%d8%ad%d8%a7%d8%b1%d8%a9/","https://karaz.ps/wp-content/uploads/2022/07/6294003587956-300x300.jpg"
"karaz_barcode","Maggi Spring Season Soup 59 g","وحدة","7610100300066","5.99","karaz_product_adopted_latest","2","4","","","","","Maggi Spring Season Soup 59 g","الشوربات و مكوناتها","5.99","https://karaz.ps/shop/product/maggi-spring-vegetable-soup-51-g-%d9%85%d8%a7%d8%ac%d9%8a-%d8%b4%d9%88%d8%b1%d8%a8%d8%a9-%d8%a8%d9%86%d9%83%d9%87%d8%a9-%d8%ae%d8%b6%d8%a7%d8%b1-%d8%a7%d9%84%d8%b1%d8%a8%d9%8a%d8%b9/","https://karaz.ps/wp-content/uploads/2022/07/7610100300066-300x300.jpg"
"karaz_barcode","Knorr Chicken Soup 48g","وحدة","7290000117171","6.99","karaz_product_adopted_latest","2","4","","","","","Knorr Chicken Soup 48g","الشوربات و مكوناتها","6.99","https://karaz.ps/shop/product/knorr-chicken-soup-48g/","https://karaz.ps/wp-content/uploads/2023/01/7290000117171-300x300.jpg"
"karaz_barcode","VEGETA FRENCH ONION SOUP 62G","وحدة","3850104283161","5.99","karaz_product_adopted_latest","2","4","","","","","VEGETA FRENCH ONION SOUP 62G","الشوربات و مكوناتها","5.99","https://karaz.ps/shop/product/vegeta-french-onion-soup-62g/","https://karaz.ps/wp-content/uploads/2022/11/3850104283161-300x300.jpg"
"karaz_barcode","Knorr Chicken Stock 400g","وحدة","7290112492999","16.99","karaz_product_adopted_latest","2","4","","","","","Knorr Chicken Stock 400g","الشوربات و مكوناتها","16.99","https://karaz.ps/shop/product/knorr-chicken-stock-400g/","https://karaz.ps/wp-content/uploads/2022/10/7290112492999-300x300.jpg"
"karaz_barcode","Knorr Cup Mushroom Soup 56g","وحدة","7290000117720","7.99","karaz_product_adopted_latest","2","4","","","","","Knorr Cup Mushroom Soup 56g","الشوربات و مكوناتها","7.99","https://karaz.ps/shop/product/knorr-cup-mushroom-soup-56g/","https://karaz.ps/wp-content/uploads/2022/10/7290000117720-300x300.jpg"
"karaz_barcode","Knorr Cup Tomato Croutons Soup 50g","وحدة","7290112490209","7.99","karaz_product_adopted_latest","2","4","","","","","Knorr Cup Tomato Croutons Soup 50g","الشوربات و مكوناتها","7.99","https://karaz.ps/shop/product/knorr-cup-tomato-croutons-soup-50g/","https://karaz.ps/wp-content/uploads/2022/10/7290112490209-300x300.jpg"
"karaz_barcode","Knorr Cup Pea Soup 50g","وحدة","7290112490230","7.99","karaz_product_adopted_latest","2","4","","","","","Knorr Cup Pea Soup 50g","الشوربات و مكوناتها","7.99","https://karaz.ps/shop/product/knorr-cup-pea-soup-50g/","https://karaz.ps/wp-content/uploads/2022/10/7290112490230-300x300.jpg"
"karaz_barcode","Knorr Vegetable Soup 61g","وحدة","7290000112503","10.99","karaz_product_adopted_latest","2","4","","","","","Knorr Vegetable Soup 61g","الشوربات و مكوناتها","10.99","https://karaz.ps/shop/product/knorr-vegetable-soup-61g/","https://karaz.ps/wp-content/uploads/2022/10/7290000112503-300x300.jpg"
"karaz_barcode","Knorr Mushroom Soup 83g","وحدة","7290000112510","10.99","karaz_product_adopted_latest","2","4","","","","","Knorr Mushroom Soup 83g","الشوربات و مكوناتها","10.99","https://karaz.ps/shop/product/knorr-mushroom-soup-83g/","https://karaz.ps/wp-content/uploads/2022/10/7290000112510-300x300.jpg"
"karaz_barcode","Bizim Mutfak Cream Of Broccoli Soup 75g","وحدة","8690504632481","4.99","karaz_product_adopted_latest","2","4","","","","","Bizim Mutfak Cream Of Broccoli Soup 75g","الشوربات و مكوناتها","4.99","https://karaz.ps/shop/product/bizim-mutfak-cream-of-broccoli-soup-75g/","https://karaz.ps/wp-content/uploads/2022/10/8690504632481-300x300.jpg"
"karaz_barcode","Bizim Mutfak Lentil Soup 65g","وحدة","8690504641735","5.99","karaz_product_adopted_latest","2","4","","","","","Bizim Mutfak Lentil Soup 65g","الشوربات و مكوناتها","5.99","https://karaz.ps/shop/product/bizim-mutfak-lentil-soup-65g/","https://karaz.ps/wp-content/uploads/2022/10/8690504641735-300x300.jpg"
"karaz_barcode","Bizim Mutfak Tarhana Soup 65g","وحدة","8690504641759","4.99","karaz_product_adopted_latest","2","4","","","","","Bizim Mutfak Tarhana Soup 65g","الشوربات و مكوناتها","4.99","https://karaz.ps/shop/product/bizim-mutfak-tarhana-soup-65g/","https://karaz.ps/wp-content/uploads/2022/10/8690504641759-300x300.jpg"
"karaz_barcode","Samyang Spicy Hot Chicken Flavor Ramen Noodle 140g نودلز كوري حار جداً","وحدة","8801073110502","9.99","karaz_product_adopted_latest","3","8","","","","","Samyang Spicy Hot Chicken Flavor Ramen Noodle 140g نودلز كوري حار جداً","المعكرونة و النودلز","9.99","https://karaz.ps/shop/product/samyang-spicy-hot-chicken-flavor-ramen-noodle-140g-%d9%86%d9%88%d8%af%d9%84%d8%b2-%d9%83%d9%88%d8%b1%d9%8a-%d8%ad%d8%a7%d8%b1-%d8%ac%d8%af%d8%a7%d9%8b/","https://karaz.ps/wp-content/uploads/2022/12/8801073110502-300x300.jpg"
"karaz_barcode","Samyang Chacharon Ramen 140g","وحدة","074603005922","9.99","karaz_product_adopted_latest","3","8","","","","","Samyang Chacharon Ramen 140g","المعكرونة و النودلز","9.99","https://karaz.ps/shop/product/samyang-chacharon-ramen-140g/","https://karaz.ps/wp-content/uploads/2022/12/074603005922-300x300.jpg"
"karaz_barcode","Indomie Curry Flavour 60g","وحدة","089686122138","2.99","karaz_product_adopted_latest","3","8","","","","","Indomie Curry Flavour 60g","المعكرونة و النودلز","2.99","https://karaz.ps/shop/product/indomie-curry-flavour-60g/","https://karaz.ps/wp-content/uploads/2022/12/089686122138-300x300.jpg"
"karaz_barcode","Indomie Chicken Flavour 60g","وحدة","089686122015","2.99","karaz_product_adopted_latest","3","8","","","","","Indomie Chicken Flavour 60g","المعكرونة و النودلز","2.99","https://karaz.ps/shop/product/indomie-chicken-flavour-60g/","https://karaz.ps/wp-content/uploads/2022/12/089686122015-300x300.jpg"
"karaz_barcode","Willi food Salmon in canola oil With Ginger& Garlic 120 g","وحدة","7290117261545","13.99","karaz_product_adopted_latest","2","4","","","","","Willi food Salmon in canola oil With Ginger& Garlic 120 g","معلبات","13.99","https://karaz.ps/shop/product/willi-food-salmon-in-canola-oil-with-ginger-garlic-120-g/","https://karaz.ps/wp-content/uploads/2023/04/7290117261545-300x300.jpg"
"karaz_barcode","Willi food Salmon in canola oil With Chili 120 g","وحدة","7290117261538","13.99","karaz_product_adopted_latest","2","4","","","","","Willi food Salmon in canola oil With Chili 120 g","معلبات","13.99","https://karaz.ps/shop/product/willi-food-salmon-in-canola-oil-with-chili-120-g/","https://karaz.ps/wp-content/uploads/2023/05/7290117261538-300x300.jpg"
"karaz_barcode","Willi food Smoked Salmon in canola oil 120 g","وحدة","7290117261569","0","karaz_product_adopted_latest","2","4","","","","","Willi food Smoked Salmon in canola oil 120 g","معلبات","0","https://karaz.ps/shop/product/willi-food-smoked-salmon-in-canola-oil-120-g/","https://karaz.ps/wp-content/uploads/2023/04/7290117261569-300x300.jpg"
"karaz_barcode","Rio Mare Chili Tuna 240g","وحدة","8004030177000","27.99","karaz_product_adopted_latest","2","4","","","","","Rio Mare Chili Tuna 240g","معلبات","27.99","https://karaz.ps/shop/product/rio-mare-chili-tuna-240g/","https://karaz.ps/wp-content/uploads/2023/01/8004030177000-300x300.jpg"
"karaz_barcode","Robert Light Tuna In Water 140g","وحدة","7290102303977","11.99","karaz_product_adopted_latest","2","4","","","","","Robert Light Tuna In Water 140g","معلبات","11.99","https://karaz.ps/shop/product/robert-light-tuna-in-water-140g-2/","https://karaz.ps/wp-content/uploads/2023/01/7290102303977-300x300.jpg"
"karaz_barcode","Robert Sardines In Sunflower Oil 115g","وحدة","7290008461221","9.99","karaz_product_adopted_latest","2","4","","","","","Robert Sardines In Sunflower Oil 115g","معلبات","9.99","https://karaz.ps/shop/product/robert-sardines-in-sunflower-oil-115g/","https://karaz.ps/wp-content/uploads/2023/01/7290008461221-300x300.jpg"
"karaz_barcode","Robert Sardines In Olive Oil 115g","وحدة","7290002353836","9.99","karaz_product_adopted_latest","2","4","","","","","Robert Sardines In Olive Oil 115g","معلبات","9.99","https://karaz.ps/shop/product/robert-sardines-in-olive-oil-115g/","https://karaz.ps/wp-content/uploads/2023/01/7290002353836-300x300.jpg"
"karaz_barcode","Robert Sardines Spicy 115g","وحدة","7290008461238","9.99","karaz_product_adopted_latest","2","4","","","","","Robert Sardines Spicy 115g","معلبات","9.99","https://karaz.ps/shop/product/robert-sardines-spicy-115g/","https://karaz.ps/wp-content/uploads/2023/01/7290008461238-300x300.jpg"
"karaz_barcode","Goya Canary Beans 439g","وحدة","041331124515","9.99","karaz_product_adopted_latest","2","4","","","","","Goya Canary Beans 439g","معلبات","9.99","https://karaz.ps/shop/product/goya-canary-beans-439g/","https://karaz.ps/wp-content/uploads/2022/12/041331124515-300x300.jpg"
"karaz_barcode","Goya Blackeye Pea 439g","وحدة","041331124263","9.99","karaz_product_adopted_latest","2","4","","","","","Goya Blackeye Pea 439g","معلبات","9.99","https://karaz.ps/shop/product/goya-blackeye-pea-439g/","https://karaz.ps/wp-content/uploads/2022/12/041331124263-300x300.jpg"
"karaz_barcode","Goya Pink Beans 439g","وحدة","041331124065","9.99","karaz_product_adopted_latest","2","4","","","","","Goya Pink Beans 439g","معلبات","9.99","https://karaz.ps/shop/product/goya-pink-beans-439g/","https://karaz.ps/wp-content/uploads/2022/12/041331124065-300x300.jpg"
"karaz_barcode","Diplomats Smoked Sprats In Rapeseed Oil 250g","وحدة","4750010492826","15.99","karaz_product_adopted_latest","2","4","","","","","Diplomats Smoked Sprats In Rapeseed Oil 250g","معلبات","15.99","https://karaz.ps/shop/product/diplomats-smoked-sprats-in-rapeseed-oil-250g/","https://karaz.ps/wp-content/uploads/2022/08/4750010492826-300x300.jpg"
"karaz_barcode","Amrericana Fava Beans Oil,Lemon & Cumin 400g","وحدة","032894022103","5.99","karaz_product_adopted_latest","2","4","","","","","Amrericana Fava Beans Oil,Lemon & Cumin 400g","معلبات","5.99","https://karaz.ps/shop/product/amrericana-fava-beans-oillemon-cumin-400g/","https://karaz.ps/wp-content/uploads/2022/07/032894022103-300x300.jpg"
"karaz_barcode","Tomer capers In Vinegar 350g","وحدة","729001830611","13.99","karaz_product_adopted_latest","6","17","","","","","Tomer capers In Vinegar 350g","السلطات والمخللات","13.99","https://karaz.ps/shop/product/tomer-capers-in-vinegar-350g/","https://karaz.ps/wp-content/uploads/2022/09/729001830611-300x300.jpg"
"karaz_barcode","LAZEZA SMALL PICKLED CUCUMBER 670G","وحدة","6253503964216","11.99","karaz_product_adopted_latest","6","17","","","","","LAZEZA SMALL PICKLED CUCUMBER 670G","السلطات والمخللات","11.99","https://karaz.ps/shop/product/lazeza-small-pickled-cucumber-670g/","https://karaz.ps/wp-content/uploads/2022/08/6253503964216-300x330.jpg"
"karaz_barcode","Tomer Pickled Garlic 330g مخلل ثومة – اصلي","وحدة","7290012019036","17.99","karaz_product_adopted_latest","6","17","","","","","Tomer Pickled Garlic 330g مخلل ثومة – اصلي","السلطات والمخللات","17.99","https://karaz.ps/shop/product/tomer-pickled-garlic-330g-%d9%85%d8%ae%d9%84%d9%84-%d8%ab%d9%88%d9%85%d8%a9-%d8%a7%d8%b5%d9%84%d9%8a/","https://karaz.ps/wp-content/uploads/2022/06/7290012019036-300x300.jpg"
"karaz_barcode","Zanuy Sliced Jalapeno 225g شرائح هالبينو","وحدة","8411778600460","16.5","karaz_product_adopted_latest","6","17","","","","","Zanuy Sliced Jalapeno 225g شرائح هالبينو","السلطات والمخللات","16.5","https://karaz.ps/shop/product/zanuy-sliced-jalapeno-225g-%d8%b4%d8%b1%d8%a7%d8%a6%d8%ad-%d9%87%d8%a7%d9%84%d8%a8%d9%8a%d9%86%d9%88/","https://karaz.ps/wp-content/uploads/2022/06/8411778600460-300x300.jpg"
"karaz_barcode","Tomer Pickled Cornichons 43-55 670g","وحدة","","14.99","karaz_product_adopted_latest","6","17","","","","","Tomer Pickled Cornichons 43-55 670g","السلطات والمخللات","14.99","https://karaz.ps/shop/product/pickled-cornichons-%d9%85%d8%ae%d9%84%d9%84-%d8%ae%d9%8a%d8%a7%d8%b1-%d9%85%d9%83%d8%a8%d9%88%d8%b3-%d8%a8%d8%a7%d9%84%d9%85%d9%84%d8%ad-670g/","https://karaz.ps/wp-content/uploads/woocommerce-placeholder-300x300.png"
"karaz_barcode","Ortega Sliced Jalapenos 354g شرائح هالبينو وخل","وحدة","039000010351","18.99","karaz_product_adopted_latest","6","17","","","","","Ortega Sliced Jalapenos 354g شرائح هالبينو وخل","السلطات والمخللات","18.99","https://karaz.ps/shop/product/ortega-sliced-jalapenos-354g-%d8%b4%d8%b1%d8%a7%d8%a6%d8%ad-%d9%87%d8%a7%d9%84%d8%a8%d9%8a%d9%86%d9%88-%d9%88%d8%ae%d9%84/","https://karaz.ps/wp-content/uploads/2022/06/039000010351-300x300.jpg"
"karaz_barcode","Pickled Cornichons مخلل خيار مكبوس بالملح – 1.360 Kg","وحدة","645173911175","21.99","karaz_product_adopted_latest","3","9","","","","","Pickled Cornichons مخلل خيار مكبوس بالملح – 1.360 Kg","السلطات والمخللات","21.99","https://karaz.ps/shop/product/pickled-cornichons-%d9%85%d8%ae%d9%84%d9%84-%d8%ae%d9%8a%d8%a7%d8%b1-%d9%85%d9%83%d8%a8%d9%88%d8%b3-%d8%a8%d8%a7%d9%84%d9%85%d9%84%d8%ad-1-360-kg/","https://karaz.ps/wp-content/uploads/2022/06/645173911175-300x300.jpg"
"karaz_barcode","Tomer Pickled Garlic and Cloves 330g مخلل ثومة","وحدة","7290012019050","13.99","karaz_product_adopted_latest","6","17","","","","","Tomer Pickled Garlic and Cloves 330g مخلل ثومة","السلطات والمخللات","13.99","https://karaz.ps/shop/product/tomer-pickled-garlic-and-cloves-330g-%d9%85%d8%ae%d9%84%d9%84-%d8%ab%d9%88%d9%85%d8%a9/","https://karaz.ps/wp-content/uploads/2022/06/7290012019050-300x300.jpg"
"karaz_barcode","Tomer Pickled garlic sprouts in vinegar and Cloves 330g مخلل ثومة","وحدة","7290012019043","17.99","karaz_product_adopted_latest","6","17","","","","","Tomer Pickled garlic sprouts in vinegar and Cloves 330g مخلل ثومة","السلطات والمخللات","17.99","https://karaz.ps/shop/product/tomer-pickled-garlic-sprouts-in-vinegar-and-cloves-330g-%d9%85%d8%ae%d9%84%d9%84-%d8%ab%d9%88%d9%85%d8%a9/","https://karaz.ps/wp-content/uploads/2022/06/7290012019043-300x300.jpg"
"karaz_barcode","Tomer roasted Peeled Marinated Red Peppers 330g","وحدة","7290012642852","15.99","karaz_product_adopted_latest","6","17","","","","","Tomer roasted Peeled Marinated Red Peppers 330g","السلطات والمخللات","15.99","https://karaz.ps/shop/product/tomer-roasted-peeled-marinated-red-peppers-330g/","https://karaz.ps/wp-content/uploads/2022/09/7290012642852-300x300.jpg"
"karaz_barcode","Tomer Mixed Pickled Hot Pepper 530g","وحدة","7290012642814","15.99","karaz_product_adopted_latest","6","17","","","","","Tomer Mixed Pickled Hot Pepper 530g","السلطات والمخللات","15.99","https://karaz.ps/shop/product/tomer-mixed-pickled-hot-pepper-530g/","https://karaz.ps/wp-content/uploads/2022/09/7290012642814-300x300.jpg"
"karaz_barcode","Kaanlar Oil Black Olives 500g","وحدة","8690347190711","11.99","karaz_product_adopted_latest","6","17","","","","","Kaanlar Oil Black Olives 500g","السلطات والمخللات","11.99","https://karaz.ps/shop/product/kaanlar-oil-black-olives-500g/","https://karaz.ps/wp-content/uploads/2022/07/8690347190711-300x300.jpg"
"karaz_barcode","Kaanlar Filled Green Olives 350g","وحدة","8690347190414","11.99","karaz_product_adopted_latest","6","17","","","","","Kaanlar Filled Green Olives 350g","السلطات والمخللات","11.99","https://karaz.ps/shop/product/kaanlar-filled-green-olives-350g/","https://karaz.ps/wp-content/uploads/2022/07/8690347190414-300x300.jpg"
"karaz_barcode","Langnese Royal Jelly Mountain Flower Honey 375g","وحدة","4023308648022","139.99","karaz_product_adopted_latest","2","6","","","","","Langnese Royal Jelly Mountain Flower Honey 375g","التمور والعسل والحلاوة","139.99","https://karaz.ps/shop/product/langnese-royal-jelly-mountain-flower-honey-375g/","https://karaz.ps/wp-content/uploads/2024/06/4023308648022-300x300.jpg"
"karaz_barcode","Alhelal Halawa حلاوة الهلال 350g – بطعم الفانيل","وحدة","72900113783492","12.99","karaz_product_adopted_latest","2","6","","","","","Alhelal Halawa حلاوة الهلال 350g – بطعم الفانيل","التمور والعسل والحلاوة","12.99","https://karaz.ps/shop/product/alhelal-halawa-%d8%ad%d9%84%d8%a7%d9%88%d8%a9-%d8%a7%d9%84%d9%87%d9%84%d8%a7%d9%84-350g-%d8%a8%d8%b7%d8%b9%d9%85-%d8%a7%d9%84%d9%81%d8%a7%d9%86%d9%8a%d9%84/","https://karaz.ps/wp-content/uploads/2023/10/7290011378349-2-small.jpg"
"karaz_barcode","Langnese عسل نحل صافي – 500 غرام","وحدة","4023300850201","49.99","karaz_product_adopted_latest","2","6","","","","","Langnese عسل نحل صافي – 500 غرام","التمور والعسل والحلاوة","49.99","https://karaz.ps/shop/product/langnese-%d8%b9%d8%b3%d9%84-%d9%86%d8%ad%d9%84-%d8%b5%d8%a7%d9%81%d9%8a-500-%d8%ba%d8%b1%d8%a7%d9%85/","https://karaz.ps/wp-content/uploads/2022/07/4023300850201-300x300.jpg"
"karaz_barcode","Yad Mordechai pressed honey 650g","وحدة","7290011435226","37.99","karaz_product_adopted_latest","2","6","","","","","Yad Mordechai pressed honey 650g","التمور والعسل والحلاوة","37.99","https://karaz.ps/shop/product/pure-honey-of-wildflowers-%d8%b9%d8%b3%d9%84-%d8%b5%d8%a7%d9%81%d9%8a-%d9%85%d9%86-%d8%a7%d9%84%d8%b2%d9%87%d9%88%d8%b1-%d8%a7%d9%84%d8%a8%d8%b1%d9%8a%d8%a9-650g/","https://karaz.ps/wp-content/uploads/2022/07/7290011435226-300x300.jpg"
"karaz_barcode","Langnese عسل الغابة السوداء 500g","وحدة","4023300867209","109.99","karaz_product_adopted_latest","2","6","","","","","Langnese عسل الغابة السوداء 500g","التمور والعسل والحلاوة","109.99","https://karaz.ps/shop/product/langnese-%d8%b9%d8%b3%d9%84-%d8%a7%d9%84%d8%ba%d8%a7%d8%a8%d8%a9-%d8%a7%d9%84%d8%b3%d9%88%d8%af%d8%a7%d8%a1-500g/","https://karaz.ps/wp-content/uploads/2022/07/4023300867209-300x300.jpg"
"karaz_barcode","Alameen Ayesh Plain Halvah 460g","وحدة","6253807260120","14.99","karaz_product_adopted_latest","2","6","","","","","Alameen Ayesh Plain Halvah 460g","التمور والعسل والحلاوة","14.99","https://karaz.ps/shop/product/alameen-ayesh-plain-halvah-460g/","https://karaz.ps/wp-content/uploads/2024/06/6253807260120-300x300.jpg"
"karaz_barcode","Alameen Ayesh Halvah Whit Pistachios 460g","وحدة","6253807260106","20.99","karaz_product_adopted_latest","2","6","","","","","Alameen Ayesh Halvah Whit Pistachios 460g","التمور والعسل والحلاوة","20.99","https://karaz.ps/shop/product/alameen-ayesh-halvah-whit-pistachios-460g/","https://karaz.ps/wp-content/uploads/2024/06/6253807260106-300x300.jpg"
"karaz_barcode","Alameen Ayesh Halvah Whit Cocoa Without Sugar 460g","وحدة","6253807260373","18.99","karaz_product_adopted_latest","2","6","","","","","Alameen Ayesh Halvah Whit Cocoa Without Sugar 460g","التمور والعسل والحلاوة","18.99","https://karaz.ps/shop/product/alameen-ayesh-halvah-whit-cocoa-without-sugar-460g/","https://karaz.ps/wp-content/uploads/2024/06/6253807260373-300x300.jpg"
"karaz_barcode","Alameen Ayesh Halvah Whit Cocoa 460g","وحدة","6253807260298","15.99","karaz_product_adopted_latest","2","6","","","","","Alameen Ayesh Halvah Whit Cocoa 460g","التمور والعسل والحلاوة","15.99","https://karaz.ps/shop/product/alameen-ayesh-halvah-whit-cocoa-460g/","https://karaz.ps/wp-content/uploads/2024/06/6253807260298-300x300.jpg"
"karaz_barcode","Alameen Ayesh Halvah Whit Pistachios Without Sugar 460g","وحدة","6253807260175","21.99","karaz_product_adopted_latest","2","6","","","","","Alameen Ayesh Halvah Whit Pistachios Without Sugar 460g","التمور والعسل والحلاوة","21.99","https://karaz.ps/shop/product/alameen-ayesh-halvah-whit-pistachios-without-sugar-460g/","https://karaz.ps/wp-content/uploads/2024/06/6253807260175-300x300.jpg"
"karaz_barcode","Al-Hilal Vanilla Halva 700g","وحدة","7290011378363","16.99","karaz_product_adopted_latest","2","6","","","","","Al-Hilal Vanilla Halva 700g","التمور والعسل والحلاوة","16.99","https://karaz.ps/shop/product/al-hilal-vanilla-halva-700g/","https://karaz.ps/wp-content/uploads/2023/10/7290011378363-small.jpg"
"karaz_barcode","Elite Honey To Go X18","وحدة","7290115676341","27.99","karaz_product_adopted_latest","2","6","","","","","Elite Honey To Go X18","التمور والعسل والحلاوة","27.99","https://karaz.ps/shop/product/elite-honey-to-go-x18/","https://karaz.ps/wp-content/uploads/2023/04/7290115676341-300x300.jpg"
"karaz_barcode","Kirkland Organic Raw Honey 680g","وحدة","096619032938","79.99","karaz_product_adopted_latest","2","6","","","","","Kirkland Organic Raw Honey 680g","التمور والعسل والحلاوة","79.99","https://karaz.ps/shop/product/kirkland-organic-raw-honey-680g/","https://karaz.ps/wp-content/uploads/2022/12/096619032938-300x300.jpg"
"karaz_barcode","Poco Loco Guacamole Style Dip 300 G","وحدة","5412514999957","22.99","karaz_product_adopted_latest","17","43","","","","","Poco Loco Guacamole Style Dip 300 G","توابل و صلصة","22.99","https://karaz.ps/shop/product/poco-loco-guacamole-style-dip-300-g/","https://karaz.ps/wp-content/uploads/2022/11/5412514999957-300x300.jpg"
"karaz_barcode","Vlasic Sweet Relish 266g","وحدة","054100018205","19.99","karaz_product_adopted_latest","17","43","","","","","Vlasic Sweet Relish 266g","توابل و صلصة","19.99","https://karaz.ps/shop/product/vlasic-sweet-relish-266-ml/","https://karaz.ps/wp-content/uploads/2022/10/054100018205-300x300.jpg"
"karaz_barcode","Heinz Tomato Ketchup 50% Less Sugar & Salt 435g","وحدة","8715700423906","16.99","karaz_product_adopted_latest","17","43","","","","","Heinz Tomato Ketchup 50% Less Sugar & Salt 435g","توابل و صلصة","16.99","https://karaz.ps/shop/product/heinz-tomato-ketchup-50-less-sugar-salt-550g/","https://karaz.ps/wp-content/uploads/2022/09/8715700423906-300x300.jpg"
"karaz_barcode","Barilla Pesto Genovese With Parmesan 200g","وحدة","8076809580762","18.99","karaz_product_adopted_latest","17","43","","","","","Barilla Pesto Genovese With Parmesan 200g","توابل و صلصة","18.99","https://karaz.ps/shop/product/barilla-pesto-genovese-with-parmesan-200g/","https://karaz.ps/wp-content/uploads/2022/09/8076809580762-300x300.jpg"
"karaz_barcode","Barilla Pesto Rosso 200g","وحدة","8076809523547","18.99","karaz_product_adopted_latest","17","43","","","","","Barilla Pesto Rosso 200g","توابل و صلصة","18.99","https://karaz.ps/shop/product/barilla-pesto-rosso-200g/","https://karaz.ps/wp-content/uploads/2022/09/8076809523547-300x300.jpg"
"karaz_barcode","Tabasco Pepper Sauce 150ml","وحدة","011210000698","19.99","karaz_product_adopted_latest","17","43","","","","","Tabasco Pepper Sauce 150ml","توابل و صلصة","19.99","https://karaz.ps/shop/product/tabasco-pepper-sauce-150ml/","https://karaz.ps/wp-content/uploads/2022/08/011210000698-300x300.jpg"
"karaz_barcode","Sriracha Black Chili Sauce 455g","وحدة","8853662060385","25.99","karaz_product_adopted_latest","17","43","","","","","Sriracha Black Chili Sauce 455g","توابل و صلصة","25.99","https://karaz.ps/shop/product/sriracha-black-chili-sauce-455g/","https://karaz.ps/wp-content/uploads/2022/08/8853662060385-300x300.jpg"
"karaz_barcode","Sriracha Lemongrass Sauce 455ml","وحدة","087666052888","25.99","karaz_product_adopted_latest","17","43","","","","","Sriracha Lemongrass Sauce 455ml","توابل و صلصة","25.99","https://karaz.ps/shop/product/sriracha-lemongrass-sauce-455ml/","https://karaz.ps/wp-content/uploads/2022/08/087666052888-300x300.jpg"
"karaz_barcode","Sriracha Blackout Sauce 455ml","وحدة","8853662060026","25.99","karaz_product_adopted_latest","17","43","","","","","Sriracha Blackout Sauce 455ml","توابل و صلصة","25.99","https://karaz.ps/shop/product/sriracha-blackout-sauce-455ml/","https://karaz.ps/wp-content/uploads/2022/08/8853662060026-300x300.jpg"
"karaz_barcode","Kemal Kukrer grape Vinegar خل العنب 500ml","وحدة","8691011100500","8.99","karaz_product_adopted_latest","17","43","","","","","Kemal Kukrer grape Vinegar خل العنب 500ml","توابل و صلصة","8.99","https://karaz.ps/shop/product/kemal-kukrer-grape-vinegar-%d8%ae%d9%84-%d8%a7%d9%84%d8%b9%d9%86%d8%a8-500ml/","https://karaz.ps/wp-content/uploads/2022/08/8691011100500-300x300.jpg"
"karaz_barcode","Kemal Kukrer Balsamic Vinegar خل البلسميك 500ml","وحدة","8694748671084","29.99","karaz_product_adopted_latest","17","43","","","","","Kemal Kukrer Balsamic Vinegar خل البلسميك 500ml","توابل و صلصة","29.99","https://karaz.ps/shop/product/kemal-kukrer-balsamic-vinegar-%d8%ae%d9%84-%d8%a7%d9%84%d8%a8%d9%84%d8%b3%d9%85%d9%8a%d9%83-500ml/","https://karaz.ps/wp-content/uploads/2022/08/8694748671084-300x300.jpg"
"karaz_barcode","Lamb Weston Tasty Hash Browns 750g","وحدة","8711571008013","37.99","karaz_product_adopted_latest","10","27","","","","","Lamb Weston Tasty Hash Browns 750g","المفرزات","37.99","https://karaz.ps/shop/product/lamb-weston-tasty-hash-browns-750g/","https://karaz.ps/wp-content/uploads/2024/06/8711571008013-300x300.jpg"
"karaz_barcode","Lamb Weston Crunchy Ziggy Fries 750g","وحدة","8711571070928","17.99","karaz_product_adopted_latest","10","27","","","","","Lamb Weston Crunchy Ziggy Fries 750g","المفرزات","17.99","https://karaz.ps/shop/product/lamb-weston-crunchy-ziggy-fries-750g/","https://karaz.ps/wp-content/uploads/2024/06/8711571070928-300x300.jpg"
"karaz_barcode","Lamb Weston Crunchy Seasoned Twister 750g","وحدة","8711571020329","24.99","karaz_product_adopted_latest","10","27","","","","","Lamb Weston Crunchy Seasoned Twister 750g","المفرزات","24.99","https://karaz.ps/shop/product/lamb-weston-crunchy-seasoned-twister-750g/","https://karaz.ps/wp-content/uploads/2024/06/8711571020329-300x300.jpg"
"karaz_barcode","Kinder Chocolate Ice Cream x4","وحدة","8000500406427","43.99","karaz_product_adopted_latest","13","35","","","","","Kinder Chocolate Ice Cream x4","المفرزات","43.99","https://karaz.ps/shop/product/kinder-chocolate-ice-cream-x4/","https://karaz.ps/wp-content/uploads/2023/05/8000500406427-300x300.jpg"
"karaz_barcode","Kinder Bueno Ice Cream x4","وحدة","8000500384718","43.99","karaz_product_adopted_latest","13","35","","","","","Kinder Bueno Ice Cream x4","المفرزات","43.99","https://karaz.ps/shop/product/kinder-bueno-ice-cream-x4/","https://karaz.ps/wp-content/uploads/2023/05/8000500384718-300x300.jpg"
"karaz_barcode","Chef Frozen Carrot & Peas 800g","وحدة","7290008590167","13.99","karaz_product_adopted_latest","10","27","","","","","Chef Frozen Carrot & Peas 800g","خضار مجمدة","13.99","https://karaz.ps/shop/product/chef-frozen-carrot-peas-800g/","https://karaz.ps/wp-content/uploads/2023/01/7290008590167-300x300.jpg"
"karaz_barcode","SUNFROST FROZEN GREEN BEAN 800G فول اخضر مجمد","وحدة","7290000104713","20.99","karaz_product_adopted_latest","10","27","","","","","SUNFROST FROZEN GREEN BEAN 800G فول اخضر مجمد","خضار مجمدة","20.99","https://karaz.ps/shop/product/sunfrost-frozen-green-bean-800g-%d9%81%d9%88%d9%84-%d8%a7%d8%ae%d8%b6%d8%b1-%d9%85%d8%ac%d9%85%d8%af/","https://karaz.ps/wp-content/uploads/2022/06/7290000104713-300x300.jpg"
"karaz_barcode","SUNFROST FROZEN BROCCOLI FLORETS 800G بروكلي مجمد","وحدة","7290000107295","20.99","karaz_product_adopted_latest","10","27","","","","","SUNFROST FROZEN BROCCOLI FLORETS 800G بروكلي مجمد","خضار مجمدة","20.99","https://karaz.ps/shop/product/sunfrost-frozen-broccoli-florets-800g-%d8%a8%d8%b1%d9%88%d9%83%d9%84%d9%8a-%d9%85%d8%ac%d9%85%d8%af/","https://karaz.ps/wp-content/uploads/2022/06/7290000107295-300x300.jpg"
"karaz_barcode","SUNFROST FROZEN BRUSSELS 800G براعم بروكسل (ملفوف صغير مجمد)","وحدة","7290000104751","19.99","karaz_product_adopted_latest","10","27","","","","","SUNFROST FROZEN BRUSSELS 800G براعم بروكسل (ملفوف صغير مجمد)","خضار مجمدة","19.99","https://karaz.ps/shop/product/sunfrost-frozen-brussels-800g-%d8%a8%d8%b1%d8%a7%d8%b9%d9%85-%d8%a8%d8%b1%d9%88%d9%83%d8%b3%d9%84-%d9%85%d9%84%d9%81%d9%88%d9%81-%d8%b5%d8%ba%d9%8a%d8%b1-%d9%85%d8%ac%d9%85%d8%af/","https://karaz.ps/wp-content/uploads/2022/06/7290000104751-300x300.jpg"
"karaz_barcode","Frozen Okra 600g بامية مجمدة","وحدة","7290000104218","15.99","karaz_product_adopted_latest","10","27","","","","","Frozen Okra 600g بامية مجمدة","خضار مجمدة","15.99","https://karaz.ps/shop/product/frozen-okra-600g-%d8%a8%d8%a7%d9%85%d9%8a%d8%a9-%d9%85%d8%ac%d9%85%d8%af%d8%a9/","https://karaz.ps/wp-content/uploads/2022/06/7290000104218-300x300.jpg"
"karaz_barcode","SUNFROST FROZEN BABY CARROTS 800G جزر صغير مجمد","وحدة","7290000104706","13.99","karaz_product_adopted_latest","10","27","","","","","SUNFROST FROZEN BABY CARROTS 800G جزر صغير مجمد","خضار مجمدة","13.99","https://karaz.ps/shop/product/sunfrost-frozen-baby-carrots-800g-%d8%ac%d8%b2%d8%b1-%d8%b5%d8%ba%d9%8a%d8%b1-%d9%85%d8%ac%d9%85%d8%af/","https://karaz.ps/wp-content/uploads/2022/06/7290000104706-300x300.jpg"
"karaz_barcode","بازيلاء سفن ستارز 800g","وحدة","10010023","11.99","karaz_product_adopted_latest","10","27","","","","","بازيلاء سفن ستارز 800g","خضار مجمدة","11.99","https://karaz.ps/shop/product/%d8%a8%d8%a7%d8%b2%d9%8a%d9%84%d8%a7%d8%a1-%d8%b3%d9%81%d9%86-%d8%b3%d8%aa%d8%a7%d8%b1%d8%b2-800g/","https://karaz.ps/wp-content/uploads/2022/06/1001002-3-300x300.jpg"
"karaz_barcode","Sunfrost Frozen Blueberry 100% 300g فواكة بلوبيري مجمدة","وحدة","7290000101927","17.99","karaz_product_adopted_latest","10","27","","","","","Sunfrost Frozen Blueberry 100% 300g فواكة بلوبيري مجمدة","فاكهة مجمدة","17.99","https://karaz.ps/shop/product/sunfrost-frozen-blueberry-100-300g-%d9%81%d9%88%d8%a7%d9%83%d8%a9-%d8%a8%d9%84%d9%88%d8%a8%d9%8a%d8%b1%d9%8a-%d9%85%d8%ac%d9%85%d8%af%d8%a9/","https://karaz.ps/wp-content/uploads/2022/06/7290000101927-300x300.jpg"
"karaz_barcode","Sunfrost Frozen Strawberry 100% 300g فراولة مجمدة","وحدة","7290000100128","17.99","karaz_product_adopted_latest","10","27","","","","","Sunfrost Frozen Strawberry 100% 300g فراولة مجمدة","فاكهة مجمدة","17.99","https://karaz.ps/shop/product/sunfrost-frozen-strawberry-100-300g-%d9%81%d8%b1%d8%a7%d9%88%d9%84%d8%a9-%d9%85%d8%ac%d9%85%d8%af%d8%a9/","https://karaz.ps/wp-content/uploads/2022/06/7290000100128-300x300.jpg"
"karaz_barcode","Better Food Frozen Mix Berries مزيج التوت مفرز 300g","وحدة","7290108505016","18.99","karaz_product_adopted_latest","10","27","","","","","Better Food Frozen Mix Berries مزيج التوت مفرز 300g","فاكهة مجمدة","18.99","https://karaz.ps/shop/product/better-food-frozen-mix-berries-%d9%85%d8%b2%d9%8a%d8%ac-%d8%a7%d9%84%d8%aa%d9%88%d8%aa-%d9%85%d9%81%d8%b1%d8%b2-300g/","https://karaz.ps/wp-content/uploads/2022/06/7290108505016-300x300.jpg"
"karaz_barcode","Better Food Frozen Mango مانجا مفرزة 300g","وحدة","7290108504958","19.99","karaz_product_adopted_latest","10","27","","","","","Better Food Frozen Mango مانجا مفرزة 300g","فاكهة مجمدة","19.99","https://karaz.ps/shop/product/better-food-frozen-mango-%d9%85%d8%a7%d9%86%d8%ac%d8%a7-%d9%85%d9%81%d8%b1%d8%b2%d8%a9-300g/","https://karaz.ps/wp-content/uploads/2022/06/7290108504958-300x300.jpg"
"karaz_barcode","Better Food Frozen Pineapple أناناس مفرز 300g","وحدة","7290108504941","19.99","karaz_product_adopted_latest","10","27","","","","","Better Food Frozen Pineapple أناناس مفرز 300g","فاكهة مجمدة","19.99","https://karaz.ps/shop/product/better-food-frozen-pineapple-%d8%a3%d9%86%d8%a7%d9%86%d8%a7%d8%b3-%d9%85%d9%81%d8%b1%d8%b2-300g/","https://karaz.ps/wp-content/uploads/2022/06/7290108504941-300x300.jpg"
"karaz_barcode","Better Food Frozen Red Cherries كرز أحمر مفرز 300g","وحدة","7290108505009","19.99","karaz_product_adopted_latest","10","27","","","","","Better Food Frozen Red Cherries كرز أحمر مفرز 300g","فاكهة مجمدة","19.99","https://karaz.ps/shop/product/better-food-frozen-red-cherries-%d9%83%d8%b1%d8%b2-%d8%a3%d8%ad%d9%85%d8%b1-%d9%85%d9%81%d8%b1%d8%b2-300g/","https://karaz.ps/wp-content/uploads/2022/06/7290108505009-300x300.jpg"
"karaz_barcode","Lamb Weston Extra Crispy Fries 750g","وحدة","8711571013390","17.99","karaz_product_adopted_latest","10","27","","","","","Lamb Weston Extra Crispy Fries 750g","البطاطا والبصل المجمد","17.99","https://karaz.ps/shop/product/lamb-weston-extra-crispy-fries-750g/","https://karaz.ps/wp-content/uploads/2024/06/8711571013390-300x300.jpg"
"karaz_barcode","Lamb Weston Tasty Seasoned Wedges 750g","وحدة","8711571023399","24.99","karaz_product_adopted_latest","10","27","","","","","Lamb Weston Tasty Seasoned Wedges 750g","البطاطا والبصل المجمد","24.99","https://karaz.ps/shop/product/lamb-weston-tasty-seasoned-wedges-750g/","https://karaz.ps/wp-content/uploads/2024/06/8711571023399-300x300.jpg"
"karaz_barcode","Aviko Crinkle Fries 2.5kg","وحدة","8710449086108","39.99","karaz_product_adopted_latest","10","27","","","","","Aviko Crinkle Fries 2.5kg","البطاطا والبصل المجمد","39.99","https://karaz.ps/shop/product/aviko-crinkle-fries-2-5kg/","https://karaz.ps/wp-content/uploads/2022/12/8710449086108-300x300.jpg"
"karaz_barcode","Lamb Weston Seasoned Potato Twisters 2.5k","وحدة","8711571004725","69.99","karaz_product_adopted_latest","10","27","","","","","Lamb Weston Seasoned Potato Twisters 2.5k","البطاطا والبصل المجمد","69.99","https://karaz.ps/shop/product/lamb-weston-seasoned-potato-twisters-2-5k/","https://karaz.ps/wp-content/uploads/2022/09/8711571004725-300x300.jpg"
"karaz_barcode","Golden Chips Frozen Sweet Potato 1k","وحدة","7290012245275","31.99","karaz_product_adopted_latest","10","27","","","","","Golden Chips Frozen Sweet Potato 1k","البطاطا والبصل المجمد","31.99","https://karaz.ps/shop/product/golden-chips-frozen-sweet-potato-1k/","https://karaz.ps/wp-content/uploads/2022/09/7290012245275-300x300.jpg"
"karaz_barcode","Chef’s Excellence Criss Cross Fries 2.5g","وحدة","5412873162832","49.99","karaz_product_adopted_latest","10","27","","","","","Chef’s Excellence Criss Cross Fries 2.5g","البطاطا والبصل المجمد","49.99","https://karaz.ps/shop/product/chefs-excellence-criss-cross-fries-2-5g/","https://karaz.ps/wp-content/uploads/2022/08/5412873162832-300x300.jpg"
"karaz_barcode","Tabugan Crispy Frozen Fries 1.25","وحدة","7290018198148","29.99","karaz_product_adopted_latest","10","27","","","","","Tabugan Crispy Frozen Fries 1.25","البطاطا والبصل المجمد","29.99","https://karaz.ps/shop/product/tabugan-crispy-frozen-fries-1-25/","https://karaz.ps/wp-content/uploads/2022/08/7290018198148-300x300.jpg"
"karaz_barcode","FreHagalil Frozen Fries 2.5","وحدة","7290003385942","31.99","karaz_product_adopted_latest","10","27","","","","","FreHagalil Frozen Fries 2.5","البطاطا والبصل المجمد","31.99","https://karaz.ps/shop/product/frehagalil-frozen-fries-2-5/","https://karaz.ps/wp-content/uploads/2022/08/7290003385942-300x300.jpg"
"karaz_barcode","Aviko Spicy Jacket Wedges 600g","وحدة","8710449950355","16.99","karaz_product_adopted_latest","10","27","","","","","Aviko Spicy Jacket Wedges 600g","البطاطا والبصل المجمد","16.99","https://karaz.ps/shop/product/aviko-spicy-jacket-wedges-600g/","https://karaz.ps/wp-content/uploads/2022/08/8710449950355-300x300.jpg"
"karaz_barcode","MAMA Schnitzel Chicken Fillet 700G شنيتسل صدر دجاج","وحدة","7290008409582","39.99","karaz_product_adopted_latest","5","14","","","","","MAMA Schnitzel Chicken Fillet 700G شنيتسل صدر دجاج","الشنيتسل","39.99","https://karaz.ps/shop/product/mama-schnitzel-chicken-fillet-700g-%d8%b4%d9%86%d9%8a%d8%aa%d8%b3%d9%84-%d8%b5%d8%af%d8%b1-%d8%af%d8%ac%d8%a7%d8%ac/","https://karaz.ps/wp-content/uploads/2022/06/7290008409582-300x300.jpg"
"karaz_barcode","MAMA Schnitzel Jungle 700G شنيتسل اشكال","وحدة","7290008409124","33.99","karaz_product_adopted_latest","26","68","","","","","MAMA Schnitzel Jungle 700G شنيتسل اشكال","الشنيتسل","33.99","https://karaz.ps/shop/product/mama-schnitzel-jungle-700g-%d8%b4%d9%86%d9%8a%d8%aa%d8%b3%d9%84-%d8%a7%d8%b4%d9%83%d8%a7%d9%84/","https://karaz.ps/wp-content/uploads/2022/06/7290008409124-300x300.jpg"
"karaz_barcode","Puff Pastry عجينة راقات 1كيلو","وحدة","1001401","16.99","karaz_product_adopted_latest","10","29","","","","","Puff Pastry عجينة راقات 1كيلو","عجين و مقبلات مفرزة","16.99","https://karaz.ps/shop/product/puff-pastry-%d8%b9%d8%ac%d9%8a%d9%86%d8%a9-%d8%b1%d8%a7%d9%82%d8%a7%d8%aa-1%d9%83%d9%8a%d9%84%d9%88/","https://karaz.ps/wp-content/uploads/2022/06/1001401-300x300.jpg"
"karaz_barcode","Janan’s Kitchen Olive Cheese Balls مطبخ جنان كرات الزيتون بالجبنة 270g","وحدة","793574746084","25.99","karaz_product_adopted_latest","10","29","","","","","Janan’s Kitchen Olive Cheese Balls مطبخ جنان كرات الزيتون بالجبنة 270g","عجين و مقبلات مفرزة","25.99","https://karaz.ps/shop/product/janans-kitchen-olive-cheese-balls-%d9%85%d8%b7%d8%a8%d8%ae-%d8%ac%d9%86%d8%a7%d9%86-%d9%83%d8%b1%d8%a7%d8%aa-%d8%a7%d9%84%d8%b2%d9%8a%d8%aa%d9%88%d9%86-%d8%a8%d8%a7%d9%84%d8%ac%d8%a8%d9%86%d8%a9-270/","https://karaz.ps/wp-content/uploads/2022/06/793574746084-300x300.jpg"
"karaz_barcode","Janan’s Kitchen Musakhan Rolls مطبخ جنان مسخن رول دجاج بالسماق 350g","وحدة","793574746077","26.99","karaz_product_adopted_latest","10","29","","","","","Janan’s Kitchen Musakhan Rolls مطبخ جنان مسخن رول دجاج بالسماق 350g","عجين و مقبلات مفرزة","26.99","https://karaz.ps/shop/product/janans-kitchen-musakhan-rolls-%d9%85%d8%b7%d8%a8%d8%ae-%d8%ac%d9%86%d8%a7%d9%86-%d9%85%d8%b3%d8%ae%d9%86-%d8%b1%d9%88%d9%84-%d8%af%d8%ac%d8%a7%d8%ac-%d8%a8%d8%a7%d9%84%d8%b3%d9%85%d8%a7%d9%82-350g/","https://karaz.ps/wp-content/uploads/2022/06/793574746077-300x300.jpg"
"karaz_barcode","Lamb Weston Mozzarella Sticks 1kg","وحدة","8711571077712","89.99","karaz_product_adopted_latest","10","29","","","","","Lamb Weston Mozzarella Sticks 1kg","عجين و مقبلات مفرزة","89.99","https://karaz.ps/shop/product/lamb-weston-mozzarella-sticks-1kg/","https://karaz.ps/wp-content/uploads/2024/06/8711571077712-300x300.jpg"
"karaz_barcode","Eat Sane KETO Pizza Base 520","وحدة","","35.99","karaz_product_adopted_latest","10","29","","","","","Eat Sane KETO Pizza Base 520","عجين و مقبلات مفرزة","35.99","https://karaz.ps/shop/product/eat-sane-keto-pizza-base-520/","https://karaz.ps/wp-content/uploads/woocommerce-placeholder-300x300.png"
"karaz_barcode","Eat Sane KETO 2 Bourkas Bites Cheese 400g","وحدة","7290017232447","31.99","karaz_product_adopted_latest","10","29","","","","","Eat Sane KETO 2 Bourkas Bites Cheese 400g","عجين و مقبلات مفرزة","31.99","https://karaz.ps/shop/product/eat-sane-keto-2-bourkas-bites-cheese-400g/","https://karaz.ps/wp-content/uploads/2023/05/7290017232447-300x300.jpg"
"karaz_barcode","Tnuva Maadanot Frozen Malawach 700G","وحدة","7290000238036","22.5","karaz_product_adopted_latest","10","29","","","","","Tnuva Maadanot Frozen Malawach 700G","عجين و مقبلات مفرزة","22.5","https://karaz.ps/shop/product/tnuva-maadanot-frozen-malawach-700g/","https://karaz.ps/wp-content/uploads/2022/11/7290000238036-300x300.jpg"
"karaz_barcode","Pizza Alla Pala 4 Formaggi Frozen 220g","وحدة","8013307207654","21.99","karaz_product_adopted_latest","10","29","","","","","Pizza Alla Pala 4 Formaggi Frozen 220g","عجين و مقبلات مفرزة","21.99","https://karaz.ps/shop/product/pizza-alla-pala-4-formaggi-frozen-220g/","https://karaz.ps/wp-content/uploads/2022/11/8013307207654-300x300.jpg"
"karaz_barcode","Pizza Alla Pala Tartufo Frozen 220g","وحدة","8013307205735","21.99","karaz_product_adopted_latest","10","29","","","","","Pizza Alla Pala Tartufo Frozen 220g","عجين و مقبلات مفرزة","21.99","https://karaz.ps/shop/product/pizza-alla-pala-tartufo-frozen-220g/","https://karaz.ps/wp-content/uploads/2022/11/8013307205735-300x300.jpg"
"karaz_barcode","Pizza Alla Pala Funghi Frozen 220g","وحدة","8013307205162","21.99","karaz_product_adopted_latest","10","29","","","","","Pizza Alla Pala Funghi Frozen 220g","عجين و مقبلات مفرزة","21.99","https://karaz.ps/shop/product/pizza-alla-pala-funghi-frozen-220g/","https://karaz.ps/wp-content/uploads/2022/11/8013307205162-300x300.jpg"
"karaz_barcode","Pizza Alla Pala Rucola E Pomodorini Frozen 220g","وحدة","8013307205155","21.99","karaz_product_adopted_latest","10","29","","","","","Pizza Alla Pala Rucola E Pomodorini Frozen 220g","عجين و مقبلات مفرزة","21.99","https://karaz.ps/shop/product/pizza-alla-pala-rucola-e-pomodorini-frozen-220g/","https://karaz.ps/wp-content/uploads/2022/11/8013307205155-300x300.jpg"
"karaz_barcode","Pizza Alla Pala Margherita Frozen 220g","وحدة","8013307206053","21.99","karaz_product_adopted_latest","10","29","","","","","Pizza Alla Pala Margherita Frozen 220g","عجين و مقبلات مفرزة","21.99","https://karaz.ps/shop/product/pizza-alla-pala-margherita-frozen-220g/","https://karaz.ps/wp-content/uploads/2022/11/8013307206053-300x300.jpg"
"karaz_barcode","Take N Bake Chicken Wellington 340g","وحدة","6253012492002","31.99","karaz_product_adopted_latest","10","29","","","","","Take N Bake Chicken Wellington 340g","عجين و مقبلات مفرزة","31.99","https://karaz.ps/shop/product/take-n-bake-chicken-wellington-340g/","https://karaz.ps/wp-content/uploads/2022/10/6253012492002-300x300.jpg"
"karaz_barcode","Take N Bake Frozen Lasagna 450g","وحدة","6253012491005","26.99","karaz_product_adopted_latest","10","29","","","","","Take N Bake Frozen Lasagna 450g","عجين و مقبلات مفرزة","26.99","https://karaz.ps/shop/product/take-n-bake-frozen-lasagna-450g/","https://karaz.ps/wp-content/uploads/2022/10/6253012491005-300x300.jpg"
"karaz_barcode","Seafood Express Marinara Mix 500g","وحدة","7290010679010","25.99","karaz_product_adopted_latest","10","27","","","","","Seafood Express Marinara Mix 500g","لحوم و أسماك مجمدة","25.99","https://karaz.ps/shop/product/seafood-express-marinara-mix-500g/","https://karaz.ps/wp-content/uploads/2022/11/7290010679010-300x300.jpg"
"karaz_barcode","Seafood Express Frozen Shrimp Raw 1 KG","وحدة","72900106797372","75.99","karaz_product_adopted_latest","10","27","","","","","Seafood Express Frozen Shrimp Raw 1 KG","لحوم و أسماك مجمدة","75.99","https://karaz.ps/shop/product/see-food-express-raw-shrimp-1k-%d8%ac%d9%85%d8%a8%d8%b1%d9%8a-%d9%85%d9%82%d8%b4%d8%b1-%d9%85%d8%ac%d9%85%d8%af/","https://karaz.ps/wp-content/uploads/2022/06/7290010679737-2-300x300.jpg"
"karaz_barcode","See Food Express Raw Shrimp 500g جمبري مقشر مجمد","وحدة","7290010679737","37.99","karaz_product_adopted_latest","10","27","","","","","See Food Express Raw Shrimp 500g جمبري مقشر مجمد","لحوم و أسماك مجمدة","37.99","https://karaz.ps/shop/product/see-food-express-raw-shrimp-500g-%d8%ac%d9%85%d8%a8%d8%b1%d9%8a-%d9%85%d9%82%d8%b4%d8%b1-%d9%85%d8%ac%d9%85%d8%af/","https://karaz.ps/wp-content/uploads/2022/06/7290010679737-300x300.jpg"
"karaz_barcode","See Food Express Cooked Shrimp 1k","وحدة","7290010679621","67.99","karaz_product_adopted_latest","10","27","","","","","See Food Express Cooked Shrimp 1k","لحوم و أسماك مجمدة","67.99","https://karaz.ps/shop/product/see-food-express-cooked-shrimp-1k-%d8%ac%d9%85%d8%a8%d8%b1%d9%8a-%d9%85%d9%82%d8%b4%d8%b1-%d9%88%d9%85%d8%b7%d8%a8%d9%88%d8%ae-%d9%88%d9%85%d8%ac%d9%85%d8%af/","https://karaz.ps/wp-content/uploads/2022/06/7290010679621-300x300.jpg"
"karaz_barcode","Mas Mar Lmitation Crab Sticks 200g","وحدة","4250803410353","7.99","karaz_product_adopted_latest","10","27","","","","","Mas Mar Lmitation Crab Sticks 200g","لحوم و أسماك مجمدة","7.99","https://karaz.ps/shop/product/mas-mar-lmitation-crab-sticks-200g/","https://karaz.ps/wp-content/uploads/2022/11/4250803410353-300x300.jpg"
"karaz_barcode","Mas Mar Lmitation Crab Chunks 200g","وحدة","4250803410377","7.99","karaz_product_adopted_latest","10","27","","","","","Mas Mar Lmitation Crab Chunks 200g","لحوم و أسماك مجمدة","7.99","https://karaz.ps/shop/product/mas-mar-lmitation-crab-chunks-200g/","https://karaz.ps/wp-content/uploads/2022/11/4250803410377-300x300.jpg"
"karaz_barcode","The Fisher Man Frozen Argentinian Young Cod Fish 1.3k","وحدة","7290003451012","21.99","karaz_product_adopted_latest","10","27","","","","","The Fisher Man Frozen Argentinian Young Cod Fish 1.3k","لحوم و أسماك مجمدة","21.99","https://karaz.ps/shop/product/the-fisher-man-frozen-argentinian-young-cod-fish-1-3k/","https://karaz.ps/wp-content/uploads/2022/11/7290003451012-300x300.jpg"
"karaz_barcode","Beef Burger بيف برغر قشوع للمواد الغذائية 410g","وحدة","9700152190130","14.99","karaz_product_adopted_latest","10","27","","","","","Beef Burger بيف برغر قشوع للمواد الغذائية 410g","لحوم و أسماك مجمدة","14.99","https://karaz.ps/shop/product/beef-burger-%d8%a8%d9%8a%d9%81-%d8%a8%d8%b1%d8%ba%d8%b1-%d9%82%d8%b4%d9%88%d8%b9-%d9%84%d9%84%d9%85%d9%88%d8%a7%d8%af-%d8%a7%d9%84%d8%ba%d8%b0%d8%a7%d8%a6%d9%8a%d8%a9-410g/","https://karaz.ps/wp-content/uploads/2022/06/9700152190130-300x300.jpg"
"karaz_barcode","Palla fish سمك بكلا 1 كغ","وحدة","1001101","17.99","karaz_product_adopted_latest","10","27","","","","","Palla fish سمك بكلا 1 كغ","لحوم و أسماك مجمدة","17.99","https://karaz.ps/shop/product/palla-fish-%d8%b3%d9%85%d9%83-%d8%a8%d9%83%d9%84%d8%a7-1-%d9%83%d8%ba/","https://karaz.ps/wp-content/uploads/2022/06/1001101-300x300.jpg"
"karaz_barcode","Aviko Straight Churros أصابع تشوروز 1kg","وحدة","","34.99","karaz_product_adopted_latest","10","27","","","","","Aviko Straight Churros أصابع تشوروز 1kg","لحوم و أسماك مجمدة","34.99","https://karaz.ps/shop/product/aviko-straight-churros-%d8%a3%d8%b5%d8%a7%d8%a8%d8%b9-%d8%aa%d8%b4%d9%88%d8%b1%d9%88%d8%b2-1kg/","https://karaz.ps/wp-content/uploads/2022/06/aviko-straight-churros-1-300x300.jpg"
"karaz_barcode","Ferrero Rocher Triple Caramel 3x46g","وحدة","8000500406267","32.99","karaz_product_adopted_latest","13","35","","","","","Ferrero Rocher Triple Caramel 3x46g","البوظة","32.99","https://karaz.ps/shop/product/ferrero-rocher-triple-caramel-3x46g/","https://karaz.ps/wp-content/uploads/2023/05/8000500406267-300x300.jpg"
"karaz_barcode","Raffaello Triple Raspberry 3x46g","وحدة","8000500406298","32.99","karaz_product_adopted_latest","13","35","","","","","Raffaello Triple Raspberry 3x46g","البوظة","32.99","https://karaz.ps/shop/product/raffaello-triple-raspberry-3x46g/","https://karaz.ps/wp-content/uploads/2023/05/8000500406298-300x300.jpg"
"karaz_barcode","Ferrero Rond Noir 4x50g","وحدة","8000500405598","43.99","karaz_product_adopted_latest","13","35","","","","","Ferrero Rond Noir 4x50g","البوظة","43.99","https://karaz.ps/shop/product/ferrero-rond-noir-4x50g/","https://karaz.ps/wp-content/uploads/2023/05/8000500405598-300x300.jpg"
"karaz_barcode","Mars Ice Cream Bar بوظة مارس 74ml","وحدة","5000159460866","9.99","karaz_product_adopted_latest","13","35","","","","","Mars Ice Cream Bar بوظة مارس 74ml","البوظة","9.99","https://karaz.ps/shop/product/mars-ice-cream-bar-%d8%a8%d9%88%d8%b8%d8%a9-%d9%85%d8%a7%d8%b1%d8%b3-74ml/","https://karaz.ps/wp-content/uploads/2022/07/5000159460866-300x300.jpg"
"karaz_barcode","Lotus Speculoos Ice Cream 71g","وحدة","5410126017007","11.99","karaz_product_adopted_latest","13","35","","","","","Lotus Speculoos Ice Cream 71g","البوظة","11.99","https://karaz.ps/shop/product/lotus-speculoos-ice-cream-71g/","https://karaz.ps/wp-content/uploads/2022/07/5410126017007-300x300.jpg"
"karaz_barcode","Oreo Ice Cream بوظة اوريو ساندويتش 135ml","وحدة","7290111565502","11.99","karaz_product_adopted_latest","13","35","","","","","Oreo Ice Cream بوظة اوريو ساندويتش 135ml","البوظة","11.99","https://karaz.ps/shop/product/oreo-ice-cream-%d8%a8%d9%88%d8%b8%d8%a9-%d8%a7%d9%88%d8%b1%d9%8a%d9%88-%d8%b3%d8%a7%d9%86%d8%af%d9%88%d9%8a%d8%aa%d8%b4-135ml/","https://karaz.ps/wp-content/uploads/2022/07/7290111565502-300x300.jpg"
"karaz_barcode","Oreo Ice Cream Stick 65g","وحدة","7290112962751","11.99","karaz_product_adopted_latest","13","35","","","","","Oreo Ice Cream Stick 65g","البوظة","11.99","https://karaz.ps/shop/product/oreo-ice-cream-stick-65g/","https://karaz.ps/wp-content/uploads/2022/07/7290112962751-300x300.jpg"
"karaz_barcode","FERRERO ROCHER ICECREAM X4","وحدة","8000500363515","43.99","karaz_product_adopted_latest","13","35","","","","","FERRERO ROCHER ICECREAM X4","البوظة","43.99","https://karaz.ps/shop/product/ferrero-rocher-icecream-x4/","https://karaz.ps/wp-content/uploads/2022/06/8000500363515-300x300.jpg"
"karaz_barcode","Ben & Jerry’s Chocolate Fudge Brownie بوظة بين اند جيري 500ml","وحدة","72989425","29.99","karaz_product_adopted_latest","13","35","","","","","Ben & Jerry’s Chocolate Fudge Brownie بوظة بين اند جيري 500ml","البوظة","29.99","https://karaz.ps/shop/product/ben-jerrys-chocolate-fudge-brownie-%d8%a8%d9%88%d8%b8%d8%a9-%d8%a8%d9%8a%d9%86-%d8%a7%d9%86%d8%af-%d8%ac%d9%8a%d8%b1%d9%8a-500ml/","https://karaz.ps/wp-content/uploads/2022/06/72989425-300x300.jpg"
"karaz_barcode","Ben & Jerry’s Strawberry CheeseCake بوظة بين اند جيري 500ml","وحدة","076840400218","29.99","karaz_product_adopted_latest","13","35","","","","","Ben & Jerry’s Strawberry CheeseCake بوظة بين اند جيري 500ml","البوظة","29.99","https://karaz.ps/shop/product/ben-jerrys-strawberry-cheesecake-%d8%a8%d9%88%d8%b8%d8%a9-%d8%a8%d9%8a%d9%86-%d8%a7%d9%86%d8%af-%d8%ac%d9%8a%d8%b1%d9%8a-500ml/","https://karaz.ps/wp-content/uploads/2022/06/076840400218-300x300.jpg"
"karaz_barcode","Ben & Jerry’s Dulce De Leche بوظة بين اند جيري 500ml","وحدة","72991886","29.99","karaz_product_adopted_latest","13","35","","","","","Ben & Jerry’s Dulce De Leche بوظة بين اند جيري 500ml","البوظة","29.99","https://karaz.ps/shop/product/ben-jerrys-dulce-de-leche-%d8%a8%d9%88%d8%b8%d8%a9-%d8%a8%d9%8a%d9%86-%d8%a7%d9%86%d8%af-%d8%ac%d9%8a%d8%b1%d9%8a-500ml/","https://karaz.ps/wp-content/uploads/2022/06/72991886-300x300.jpg"
"karaz_barcode","BEN & JERRYS  COFFEE ICE CREAM","وحدة","768404001640","29.99","karaz_product_adopted_latest","13","35","","","","","BEN & JERRYS  COFFEE ICE CREAM","البوظة","29.99","https://karaz.ps/shop/product/ben-jerrys-coffee-ice-cream/","https://karaz.ps/wp-content/uploads/2022/06/768404001640-300x300.jpg"
"karaz_barcode","Ben & Jerry’s Cookie’s & Cream بوظة بين اند جيري 500ml","وحدة","72986424","29.99","karaz_product_adopted_latest","13","35","","","","","Ben & Jerry’s Cookie’s & Cream بوظة بين اند جيري 500ml","البوظة","29.99","https://karaz.ps/shop/product/ben-jerrys-cookies-cream-%d8%a8%d9%88%d8%b8%d8%a9-%d8%a8%d9%8a%d9%86-%d8%a7%d9%86%d8%af-%d8%ac%d9%8a%d8%b1%d9%8a-500ml/","https://karaz.ps/wp-content/uploads/2022/06/72986424-300x300.jpg"
"karaz_barcode","Toblerone Ice Cream 65g","وحدة","8436575298825","11.99","karaz_product_adopted_latest","13","35","","","","","Toblerone Ice Cream 65g","البوظة","11.99","https://karaz.ps/shop/product/toblerone-ice-cream-65g/","https://karaz.ps/wp-content/uploads/2023/05/8436575298825-300x300.jpg"
"karaz_barcode","Toblerone Chocolate Cake 400g","وحدة","7312930002201","39.99","karaz_product_adopted_latest","13","35","","","","","Toblerone Chocolate Cake 400g","البوظة","39.99","https://karaz.ps/shop/product/toblerone-chocolate-cake-400g/","https://karaz.ps/wp-content/uploads/2023/04/7312930002201-300x300.jpg"
"karaz_barcode","SK Dried Mixed Berries 200g","وحدة","6253500662702","15.99","karaz_product_adopted_latest","11","30","","","","","SK Dried Mixed Berries 200g","العطارة و المكسرات","15.99","https://karaz.ps/shop/product/sk-dried-mixed-berries-200g/","https://karaz.ps/wp-content/uploads/2022/12/6253500662702-300x300.jpg"
"karaz_barcode","SK Chia Seeds 250g","وحدة","6253500662429","8.99","karaz_product_adopted_latest","11","30","","","","","SK Chia Seeds 250g","العطارة و المكسرات","8.99","https://karaz.ps/shop/product/sk-chia-seeds-250g/","https://karaz.ps/wp-content/uploads/2022/12/6253500662429-300x300.jpg"
"karaz_barcode","SK Maqlubeh Spice 100g","وحدة","6253500660395","7.99","karaz_product_adopted_latest","11","30","","","","","SK Maqlubeh Spice 100g","العطارة و المكسرات","7.99","https://karaz.ps/shop/product/sk-maqlubeh-spice-100g/","https://karaz.ps/wp-content/uploads/2022/12/6253500660395-300x300.jpg"
"karaz_barcode","MASLAMANI MIX NUTS 500G","وحدة","","31.99","karaz_product_adopted_latest","11","30","","","","","MASLAMANI MIX NUTS 500G","العطارة و المكسرات","31.99","https://karaz.ps/shop/product/maslamani-mix-nuts-500g/","https://karaz.ps/wp-content/uploads/woocommerce-placeholder-300x300.png"
"karaz_barcode","Saleh Khalaf Rough Desiccated Coconut 250g","وحدة","6253500661484","7.99","karaz_product_adopted_latest","11","30","","","","","Saleh Khalaf Rough Desiccated Coconut 250g","العطارة و المكسرات","7.99","https://karaz.ps/shop/product/saleh-khalaf-shredded-coconut-%d8%ac%d9%88%d8%b2-%d9%87%d9%86%d8%af-%d9%85%d8%a8%d8%b4%d9%88%d8%b1-250g/","https://karaz.ps/wp-content/uploads/2022/07/6253500661484-300x300.jpg"
"karaz_barcode","Saleh Khalaf Soft Desiccated Coconut 250g","وحدة","6253500662085","6.99","karaz_product_adopted_latest","11","30","","","","","Saleh Khalaf Soft Desiccated Coconut 250g","العطارة و المكسرات","6.99","https://karaz.ps/shop/product/saleh-khalaf-d-coconut-250g-%d8%ac%d9%88%d8%b2-%d9%87%d9%86%d8%af-%d8%ae%d8%b4%d9%86-%d8%b5%d8%a7%d9%84%d8%ad-%d8%ae%d9%84%d9%81/","https://karaz.ps/wp-content/uploads/2022/07/6253500662085-300x300.jpg"
"karaz_barcode","SK Slivered Almonds 250g","وحدة","6253500661385","18.99","karaz_product_adopted_latest","11","30","","","","","SK Slivered Almonds 250g","العطارة و المكسرات","18.99","https://karaz.ps/shop/product/saleh-khalaf-slivered-almonds-250g-%d9%84%d9%88%d8%b2-%d8%ad%d9%84%d9%88-%d9%85%d9%82%d8%b4%d9%88%d8%b1-%d9%85%d8%b4%d8%b1%d8%ad/","https://karaz.ps/wp-content/uploads/2022/07/6253500661385-300x300.jpg"
"karaz_barcode","SK Flax Seeds 250g","وحدة","6253500662474","6.99","karaz_product_adopted_latest","11","30","","","","","SK Flax Seeds 250g","العطارة و المكسرات","6.99","https://karaz.ps/shop/product/saleh-khalaf-flax-seeds-250g-%d8%a8%d8%b0%d9%88%d8%b1-%d8%a7%d9%84%d9%83%d8%aa%d8%a7%d9%86/","https://karaz.ps/wp-content/uploads/2022/07/6253500662474-300x300.jpg"
"karaz_barcode","SK Whole Shelled Almonds 250g","وحدة","6253500661378","15.99","karaz_product_adopted_latest","11","30","","","","","SK Whole Shelled Almonds 250g","العطارة و المكسرات","15.99","https://karaz.ps/shop/product/saleh-khalaf-whole-shelled-almonds-250g-%d9%84%d9%88%d8%b2-%d8%ad%d8%a8-%d8%ad%d9%84%d9%88-%d9%85%d9%82%d8%b4%d8%b1/","https://karaz.ps/wp-content/uploads/2022/07/6253500661378-300x300.jpg"
"karaz_barcode","SK White Quinoa Grain 250g","وحدة","6253500662412","8.99","karaz_product_adopted_latest","11","30","","","","","SK White Quinoa Grain 250g","العطارة و المكسرات","8.99","https://karaz.ps/shop/product/saleh-khalaf-quinoa-seeds-250g-%d8%ad%d8%a8%d9%88%d8%a8-%d8%a7%d9%84%d9%83%d9%8a%d9%86%d9%88%d8%a7-%d8%a7%d9%84%d8%a8%d9%8a%d8%b6%d8%a7%d8%a1/","https://karaz.ps/wp-content/uploads/2022/07/6253500662412-300x300.jpg"
"karaz_barcode","SK Shelled Walnuts 200g","وحدة","6253500661361","9.99","karaz_product_adopted_latest","11","30","","","","","SK Shelled Walnuts 200g","العطارة و المكسرات","9.99","https://karaz.ps/shop/product/saleh-khalaf-shelled-walnuts-250g/","https://karaz.ps/wp-content/uploads/2022/07/6253500661361-300x300.jpg"
"karaz_barcode","Taste Of Asia Unrefined Sesame Oil 150ml","وحدة","7290012911804","17.99","karaz_product_adopted_latest","11","30","","","","","Taste Of Asia Unrefined Sesame Oil 150ml","العطارة و المكسرات","17.99","https://karaz.ps/shop/product/taste-of-asia-unrefined-sesame-oil-asia-150-ml/","https://karaz.ps/wp-content/uploads/2022/07/7290012911804-300x300.jpg"
"karaz_barcode","Tvuot Cold Pressed Avocado Oil 250ml","وحدة","7290018338049","27.99","karaz_product_adopted_latest","11","30","","","","","Tvuot Cold Pressed Avocado Oil 250ml","العطارة و المكسرات","27.99","https://karaz.ps/shop/product/avocado-oil-250ml/","https://karaz.ps/wp-content/uploads/2022/07/7290018338049-300x300.jpg"
"karaz_barcode","Saleh Khalaf Seasoned Bread Crumbs 500g قرشلة مبهرة","وحدة","6253500662351","9.99","karaz_product_adopted_latest","11","30","","","","","Saleh Khalaf Seasoned Bread Crumbs 500g قرشلة مبهرة","العطارة و المكسرات","9.99","https://karaz.ps/shop/product/saleh-khalaf-white-beans-%d9%81%d8%a7%d8%b5%d9%88%d9%84%d9%8a%d8%a7%d8%a1-%d8%a8%d9%8a%d8%b6%d8%a7%d8%a1-%d8%b5%d8%a7%d9%84%d8%ad-%d8%ae%d9%84%d9%81-1kg/","https://karaz.ps/wp-content/uploads/2022/07/6253500662351-300x300.jpg"
"karaz_barcode","Alkhamael Moringa Powder 30g","وحدة","","24.99","karaz_product_adopted_latest","26","68","","","","","Alkhamael Moringa Powder 30g","الأعشاب","24.99","https://karaz.ps/shop/product/alkhamael-moringa-powder-30g/","https://karaz.ps/wp-content/uploads/woocommerce-placeholder-300x300.png"
"karaz_barcode","Saleh Khalaf Pop Corn بوشار صالح خلف 1 kg","وحدة","6253500661576","7.99","karaz_product_adopted_latest","11","32","","","","","Saleh Khalaf Pop Corn بوشار صالح خلف 1 kg","البقوليات و البذور","7.99","https://karaz.ps/shop/product/saleh-khalaf-pop-corn-%d8%a8%d9%88%d8%b4%d8%a7%d8%b1-%d8%b5%d8%a7%d9%84%d8%ad-%d8%ae%d9%84%d9%81-1-kg/","https://karaz.ps/wp-content/uploads/2022/07/6253500661576-300x300.jpg"
"karaz_barcode","Saleh Khalaf Whole lentils عدس حب صالح خلف 1kg","وحدة","6253500661538","9.99","karaz_product_adopted_latest","11","32","","","","","Saleh Khalaf Whole lentils عدس حب صالح خلف 1kg","البقوليات و البذور","9.99","https://karaz.ps/shop/product/saleh-khalaf-whole-lentils-%d8%b9%d8%af%d8%b3-%d8%ad%d8%a8-%d8%b5%d8%a7%d9%84%d8%ad-%d8%ae%d9%84%d9%81-1kg/","https://karaz.ps/wp-content/uploads/2022/07/6253500661538-300x300.jpg"
"karaz_barcode","SK Tri-Color Quinoa 250g","وحدة","6253500662405","11.99","karaz_product_adopted_latest","11","32","","","","","SK Tri-Color Quinoa 250g","البقوليات و البذور","11.99","https://karaz.ps/shop/product/saleh-khalaf-quinoa-bean-mixture-%d8%ae%d9%84%d9%8a%d8%b7-%d8%ad%d8%a8%d9%88%d8%a8-%d8%a7%d9%84%d9%83%d9%8a%d9%86%d9%88%d8%a7-250g/","https://karaz.ps/wp-content/uploads/2022/07/6253500662405-300x300.jpg"
"karaz_barcode","Saleh Khalaf Lupine Sweet ترمس حلو صالح خلف 1kg","وحدة","6253500661590","9.99","karaz_product_adopted_latest","11","32","","","","","Saleh Khalaf Lupine Sweet ترمس حلو صالح خلف 1kg","البقوليات و البذور","9.99","https://karaz.ps/shop/product/saleh-khalaf-lupine-sweet-%d8%aa%d8%b1%d9%85%d8%b3-%d8%ad%d9%84%d9%88-%d8%b5%d8%a7%d9%84%d8%ad-%d8%ae%d9%84%d9%81-1kg/","https://karaz.ps/wp-content/uploads/2022/07/6253500661590-300x300.jpg"
"karaz_barcode","Saleh Khalaf Hulled Sunflower Seeds بذور دوالر الشمس مقشور 2505","وحدة","6253500662399","6.99","karaz_product_adopted_latest","11","32","","","","","Saleh Khalaf Hulled Sunflower Seeds بذور دوالر الشمس مقشور 2505","البقوليات و البذور","6.99","https://karaz.ps/shop/product/saleh-khalaf-hulled-sunflower-seeds-%d8%a8%d8%b0%d9%88%d8%b1-%d8%af%d9%88%d8%a7%d9%84%d8%b1-%d8%a7%d9%84%d8%b4%d9%85%d8%b3-%d9%85%d9%82%d8%b4%d9%88%d8%b1-2505/","https://karaz.ps/wp-content/uploads/2022/07/6253500662399-300x300.jpg"
"karaz_barcode","SK Hulled Pumpkin Seeds 250g","وحدة","6253500662382","10.99","karaz_product_adopted_latest","11","32","","","","","SK Hulled Pumpkin Seeds 250g","البقوليات و البذور","10.99","https://karaz.ps/shop/product/saleh-khalaf-hulled-pumpkin-seeds-%d8%a8%d8%b0%d9%88%d8%b1-%d8%a7%d9%84%d9%82%d8%b1%d8%b9-%d9%85%d9%82%d8%b4%d9%88%d8%b1-250g/","https://karaz.ps/wp-content/uploads/2022/07/6253500662382-300x300.jpg"
"karaz_barcode","Saleh Khalaf Chickpea حمص حب صالح خلف 1kg","وحدة","6253500661552","10.99","karaz_product_adopted_latest","11","32","","","","","Saleh Khalaf Chickpea حمص حب صالح خلف 1kg","البقوليات و البذور","10.99","https://karaz.ps/shop/product/saleh-khalaf-chickpea-%d8%ad%d9%85%d8%b5-%d8%ad%d8%a8-%d8%b5%d8%a7%d9%84%d8%ad-%d8%ae%d9%84%d9%81-1kg/","https://karaz.ps/wp-content/uploads/2022/07/6253500661552-300x300.jpg"
"karaz_barcode","Saleh Khalaf Red lentils عدس مجروش صالح خلف 1kg","وحدة","6253500661521","10.99","karaz_product_adopted_latest","11","32","","","","","Saleh Khalaf Red lentils عدس مجروش صالح خلف 1kg","البقوليات و البذور","10.99","https://karaz.ps/shop/product/saleh-khalaf-red-lentils-%d8%b9%d8%af%d8%b3-%d9%85%d8%ac%d8%b1%d9%88%d8%b4-%d8%b5%d8%a7%d9%84%d8%ad-%d8%ae%d9%84%d9%81-1kg/","https://karaz.ps/wp-content/uploads/2022/07/6253500661521-300x300.jpg"
"karaz_barcode","SK Coarse Cracked Bulgur Wheat 1kg","وحدة","6253500661194","8.99","karaz_product_adopted_latest","11","32","","","","","SK Coarse Cracked Bulgur Wheat 1kg","البقوليات و البذور","8.99","https://karaz.ps/shop/product/saleh-khalaf-coarse-cracked-bulgur-wheat-%d8%a8%d8%b1%d8%ba%d9%84-%d9%82%d9%85%d8%ad-%d8%ae%d8%b4%d9%86-1kg/","https://karaz.ps/wp-content/uploads/2022/07/6253500661194-300x300.jpg"
"karaz_barcode","Saleh Khalaf Fine Cracked Bulgur Wheat برغل قمح ناعم صالح خلف1kg","وحدة","6253500661187","9.99","karaz_product_adopted_latest","11","32","","","","","Saleh Khalaf Fine Cracked Bulgur Wheat برغل قمح ناعم صالح خلف1kg","البقوليات و البذور","9.99","https://karaz.ps/shop/product/saleh-khalaf-fine-cracked-bulgur-wheat-%d8%a8%d8%b1%d8%ba%d9%84-%d9%82%d9%85%d8%ad-%d9%86%d8%a7%d8%b9%d9%85-%d8%b5%d8%a7%d9%84%d8%ad-%d8%ae%d9%84%d9%811kg/","https://karaz.ps/wp-content/uploads/2022/07/6253500661187-300x300.jpg"
"karaz_barcode","Saleh Khalaf Mahlab Seeds بذور المحلب","وحدة","6253500661903","5.99","karaz_product_adopted_latest","11","32","","","","","Saleh Khalaf Mahlab Seeds بذور المحلب","البقوليات و البذور","5.99","https://karaz.ps/shop/product/saleh-khalaf-mahlab-seeds-%d8%a8%d8%b0%d9%88%d8%b1-%d8%a7%d9%84%d9%85%d8%ad%d9%84%d8%a8/","https://karaz.ps/wp-content/uploads/2022/07/6253500661903-300x300.jpg"
"karaz_barcode","Chatel Mustard خردل شاتيل – مطحون","وحدة","3335121604934","13.99","karaz_product_adopted_latest","4","11","","","","","Chatel Mustard خردل شاتيل – مطحون","الزيوت ومستخلصات طبيعية","13.99","https://karaz.ps/shop/product/chatel-mustard-%d8%ae%d8%b1%d8%af%d9%84-%d8%b4%d8%a7%d8%aa%d9%8a%d9%84-%d9%85%d8%b7%d8%ad%d9%88%d9%86/","https://karaz.ps/wp-content/uploads/2022/06/3335121604934-300x300.jpg"
"karaz_barcode","Hemani زيت الافوكادو 30ml","وحدة","8964000737675","9.99","karaz_product_adopted_latest","4","11","","","","","Hemani زيت الافوكادو 30ml","الزيوت ومستخلصات طبيعية","9.99","https://karaz.ps/shop/product/hemani-%d8%b2%d9%8a%d8%aa-%d8%a7%d9%84%d8%a7%d9%81%d9%88%d9%83%d8%a7%d8%af%d9%88-30ml-2/","https://karaz.ps/wp-content/uploads/2022/06/8964000737675-1-300x300.jpg"
"karaz_barcode","Hemani زيت اللوز الحلو 30ml","وحدة","8964000114070","9.99","karaz_product_adopted_latest","4","11","","","","","Hemani زيت اللوز الحلو 30ml","الزيوت ومستخلصات طبيعية","9.99","https://karaz.ps/shop/product/hemani-%d8%b2%d9%8a%d8%aa-%d8%a7%d9%84%d9%84%d9%88%d8%b2-%d8%a7%d9%84%d8%ad%d9%84%d9%88-30ml/","https://karaz.ps/wp-content/uploads/2022/06/8964000114070-300x300.jpg"
"karaz_barcode","Hemani زيت الغليسيرين 30ml","وحدة","8964000267509","9.99","karaz_product_adopted_latest","4","11","","","","","Hemani زيت الغليسيرين 30ml","الزيوت ومستخلصات طبيعية","9.99","https://karaz.ps/shop/product/hemani-%d8%b2%d9%8a%d8%aa-%d8%a7%d9%84%d8%ba%d9%84%d9%8a%d8%b3%d9%8a%d8%b1%d9%8a%d9%86-30ml/","https://karaz.ps/wp-content/uploads/2022/06/8964000267509-300x300.jpg"
"karaz_barcode","Hemani زيت جوز الهند 30ml","وحدة","8964000114285","9.99","karaz_product_adopted_latest","4","11","","","","","Hemani زيت جوز الهند 30ml","الزيوت ومستخلصات طبيعية","9.99","https://karaz.ps/shop/product/hemani-%d8%b2%d9%8a%d8%aa-%d8%ac%d9%88%d8%b2-%d8%a7%d9%84%d9%87%d9%86%d8%af-30ml/","https://karaz.ps/wp-content/uploads/2022/06/8964000114285-300x300.jpg"
"karaz_barcode","Hemani زيت الشاي الاخضر 30ml","وحدة","8964000737712","9.99","karaz_product_adopted_latest","18","48","","","","","Hemani زيت الشاي الاخضر 30ml","الزيوت ومستخلصات طبيعية","9.99","https://karaz.ps/shop/product/hemani-%d8%b2%d9%8a%d8%aa-%d8%a7%d9%84%d8%b4%d8%a7%d9%8a-%d8%a7%d9%84%d8%a7%d8%ae%d8%b6%d8%b1-30ml/","https://karaz.ps/wp-content/uploads/2022/06/8964000737712-300x300.jpg"
"karaz_barcode","Hemani زيت جنين القمح 30ml","وحدة","8964000267264","9.99","karaz_product_adopted_latest","4","11","","","","","Hemani زيت جنين القمح 30ml","الزيوت ومستخلصات طبيعية","9.99","https://karaz.ps/shop/product/hemani-%d8%b2%d9%8a%d8%aa-%d8%ac%d9%86%d9%8a%d9%86-%d8%a7%d9%84%d9%82%d9%85%d8%ad-30ml-2/","https://karaz.ps/wp-content/uploads/2022/06/8964000267264-1-300x300.jpg"
"karaz_barcode","Hermani زيت الجرجير 30ml","وحدة","8964000114063","9.99","karaz_product_adopted_latest","4","11","","","","","Hermani زيت الجرجير 30ml","الزيوت ومستخلصات طبيعية","9.99","https://karaz.ps/shop/product/hermani-%d8%b2%d9%8a%d8%aa-%d8%a7%d9%84%d8%ac%d8%b1%d8%ac%d9%8a%d8%b1-30ml/","https://karaz.ps/wp-content/uploads/2022/06/8964000114063-300x300.jpg"
"karaz_barcode","Hemani زيت الثوم 30ml","وحدة","8964000114155","9.99","karaz_product_adopted_latest","4","11","","","","","Hemani زيت الثوم 30ml","الزيوت ومستخلصات طبيعية","9.99","https://karaz.ps/shop/product/hemani-%d8%b2%d9%8a%d8%aa-%d8%a7%d9%84%d8%ab%d9%88%d9%85-30ml/","https://karaz.ps/wp-content/uploads/2022/06/8964000114155-300x300.jpg"
"karaz_barcode","Hemani زيت الورد 30ml","وحدة","8964000390658","9.99","karaz_product_adopted_latest","4","11","","","","","Hemani زيت الورد 30ml","الزيوت ومستخلصات طبيعية","9.99","https://karaz.ps/shop/product/hemani-%d8%b2%d9%8a%d8%aa-%d8%a7%d9%84%d9%88%d8%b1%d8%af-30ml/","https://karaz.ps/wp-content/uploads/2022/06/8964000390658-300x300.jpg"
"karaz_barcode","Hemani زيت اللوز المر 30ml","وحدة","8964000114148","9.99","karaz_product_adopted_latest","4","11","","","","","Hemani زيت اللوز المر 30ml","الزيوت ومستخلصات طبيعية","9.99","https://karaz.ps/shop/product/hemani-%d8%b2%d9%8a%d8%aa-%d8%a7%d9%84%d9%84%d9%88%d8%b2-%d8%a7%d9%84%d9%85%d8%b1-30ml/","https://karaz.ps/wp-content/uploads/2022/06/8964000114148-300x300.jpg"
"karaz_barcode","Hemani زيت الحلبة 30ml","وحدة","8964000114100","9.99","karaz_product_adopted_latest","4","11","","","","","Hemani زيت الحلبة 30ml","الزيوت ومستخلصات طبيعية","9.99","https://karaz.ps/shop/product/hemani-%d8%b2%d9%8a%d8%aa-%d8%a7%d9%84%d8%ad%d9%84%d8%a8%d8%a9-30ml/","https://karaz.ps/wp-content/uploads/2022/06/8964000114100-300x300.jpg"
"karaz_barcode","Sanabel Castor Oil زيت الخروع 250ml","وحدة","6251093100632","9.99","karaz_product_adopted_latest","4","11","","","","","Sanabel Castor Oil زيت الخروع 250ml","الزيوت ومستخلصات طبيعية","9.99","https://karaz.ps/shop/product/sanabel-castor-oil-%d8%b2%d9%8a%d8%aa-%d8%a7%d9%84%d8%ae%d8%b1%d9%88%d8%b9-250ml/","https://karaz.ps/wp-content/uploads/2022/06/6251093100632-300x300.jpg"
"karaz_barcode","Hemani زيت الزنجبيل 30ml","وحدة","8964000267196","9.99","karaz_product_adopted_latest","4","11","","","","","Hemani زيت الزنجبيل 30ml","الزيوت ومستخلصات طبيعية","9.99","https://karaz.ps/shop/product/hemani-%d8%b2%d9%8a%d8%aa-%d8%a7%d9%84%d8%b2%d9%86%d8%ac%d8%a8%d9%8a%d9%84-30ml/","https://karaz.ps/wp-content/uploads/2022/06/8964000267196-300x300.jpg"
"karaz_barcode","Saleh Khalaf Dried Cranberries توت كرانبري مجفف 200g","وحدة","6253500661262","11.99","karaz_product_adopted_latest","26","68","","","","","Saleh Khalaf Dried Cranberries توت كرانبري مجفف 200g","الفاكهة المجففة","11.99","https://karaz.ps/shop/product/saleh-khalaf-dried-cranberries-%d8%aa%d9%88%d8%aa-%d9%83%d8%b1%d8%a7%d9%86%d8%a8%d8%b1%d9%8a-%d9%85%d8%ac%d9%81%d9%81-200g/","https://karaz.ps/wp-content/uploads/2022/06/6253500661262-300x300.jpg"
"karaz_barcode","Saleh Khalaf Dried Ginger Chunks قطع زنجبيل مجفف 200g","وحدة","6253500661316","11.99","karaz_product_adopted_latest","26","68","","","","","Saleh Khalaf Dried Ginger Chunks قطع زنجبيل مجفف 200g","الفاكهة المجففة","11.99","https://karaz.ps/shop/product/saleh-khalaf-dried-ginger-chunks-%d9%82%d8%b7%d8%b9-%d8%b2%d9%86%d8%ac%d8%a8%d9%8a%d9%84-%d9%85%d8%ac%d9%81%d9%81-200g/","https://karaz.ps/wp-content/uploads/2022/06/6253500661316-300x300.jpg"
"karaz_barcode","Saleh Khalaf Red Cherries كرز أحمر 250g","وحدة","6253500661286","13.99","karaz_product_adopted_latest","26","68","","","","","Saleh Khalaf Red Cherries كرز أحمر 250g","الفاكهة المجففة","13.99","https://karaz.ps/shop/product/saleh-khalaf-red-cherries-%d9%83%d8%b1%d8%b2-%d8%a3%d8%ad%d9%85%d8%b1-250g/","https://karaz.ps/wp-content/uploads/2022/06/6253500661286-300x300.jpg"
"karaz_barcode","Saleh Khalaf Dried Apricots مشمش مجفف 250g","وحدة","6253500661231","16.99","karaz_product_adopted_latest","26","68","","","","","Saleh Khalaf Dried Apricots مشمش مجفف 250g","الفاكهة المجففة","16.99","https://karaz.ps/shop/product/saleh-khalaf-dried-apricots-%d9%85%d8%b4%d9%85%d8%b4-%d9%85%d8%ac%d9%81%d9%81-250g/","https://karaz.ps/wp-content/uploads/2022/06/6253500661231-300x300.jpg"
"karaz_barcode","SK Dried Kiwi 180g","وحدة","6253500662641","11.99","karaz_product_adopted_latest","26","68","","","","","SK Dried Kiwi 180g","الفاكهة المجففة","11.99","https://karaz.ps/shop/product/sk-dried-kiwi-180g/","https://karaz.ps/wp-content/uploads/2022/12/6253500662641-300x300.jpg"
"karaz_barcode","Sunsweet Dried Pitted Prunes 500g","وحدة","070450020873","29.99","karaz_product_adopted_latest","26","68","","","","","Sunsweet Dried Pitted Prunes 500g","الفاكهة المجففة","29.99","https://karaz.ps/shop/product/sunsweet-dried-pitted-prunes-500g/","https://karaz.ps/wp-content/uploads/2022/09/070450020873-300x300.jpg"
"karaz_barcode","Saleh Khalaf Dried Pineapple Rings شرائح اناناس مجفف 200g","وحدة","6253500661682","11.99","karaz_product_adopted_latest","26","68","","","","","Saleh Khalaf Dried Pineapple Rings شرائح اناناس مجفف 200g","الفاكهة المجففة","11.99","https://karaz.ps/shop/product/saleh-khalaf-dried-pineapple-rings-%d8%b4%d8%b1%d8%a7%d8%a6%d8%ad-%d8%a7%d9%86%d8%a7%d9%86%d8%a7%d8%b3-%d9%85%d8%ac%d9%81%d9%81-200g/","https://karaz.ps/wp-content/uploads/2022/06/6253500661682-300x300.jpg"
"karaz_barcode","Saleh Khalaf Dried Figs تين مجفف 250g","وحدة","6253500661255","11.99","karaz_product_adopted_latest","26","68","","","","","Saleh Khalaf Dried Figs تين مجفف 250g","الفاكهة المجففة","11.99","https://karaz.ps/shop/product/saleh-khalaf-dried-figs-%d8%aa%d9%8a%d9%86-%d9%85%d8%ac%d9%81%d9%81-250g/","https://karaz.ps/wp-content/uploads/2022/06/6253500661255-300x300.jpg"
"karaz_barcode","Saleh Khalaf Dried Fruits ‘N’ Nuts خلطة الفواكة المجففة بالمكسرات 200g","وحدة","6253500661309","13.99","karaz_product_adopted_latest","1","2","","","","","Saleh Khalaf Dried Fruits ‘N’ Nuts خلطة الفواكة المجففة بالمكسرات 200g","الفاكهة المجففة","13.99","https://karaz.ps/shop/product/saleh-khalaf-dried-fruits-n-nuts-%d8%ae%d9%84%d8%b7%d8%a9-%d8%a7%d9%84%d9%81%d9%88%d8%a7%d9%83%d8%a9-%d8%a7%d9%84%d9%85%d8%ac%d9%81%d9%81%d8%a9-%d8%a8%d8%a7%d9%84%d9%85%d9%83%d8%b3%d8%b1%d8%a7/","https://karaz.ps/wp-content/uploads/2022/06/6253500661309-300x300.jpg"
"karaz_barcode","محمص سعد المسلماني – مكسرات إكسترا 250g","وحدة","725995599512","17.99","karaz_product_adopted_latest","11","30","","","","","محمص سعد المسلماني – مكسرات إكسترا 250g","المكسرات المحمصة","17.99","https://karaz.ps/shop/product/%d9%85%d8%ad%d9%85%d8%b5-%d8%b3%d8%b9%d8%af-%d8%a7%d9%84%d9%85%d8%b3%d9%84%d9%85%d8%a7%d9%86%d9%8a-%d9%85%d9%83%d8%b3%d8%b1%d8%a7%d8%aa-%d8%a5%d9%83%d8%b3%d8%aa%d8%b1%d8%a7-250g-2/","https://karaz.ps/wp-content/uploads/2022/06/725995599512-1-300x300.jpg"
"karaz_barcode","محمص سعد المسلماني – بزر شمام 150g","وحدة","9725995699770","7.99","karaz_product_adopted_latest","11","30","","","","","محمص سعد المسلماني – بزر شمام 150g","المكسرات المحمصة","7.99","https://karaz.ps/shop/product/%d9%85%d8%ad%d9%85%d8%b5-%d8%b3%d8%b9%d8%af-%d8%a7%d9%84%d9%85%d8%b3%d9%84%d9%85%d8%a7%d9%86%d9%8a-%d8%a8%d8%b2%d8%b1-%d8%b4%d9%85%d8%a7%d9%85-150g/","https://karaz.ps/wp-content/uploads/2022/06/9725995699770-300x300.jpg"
"karaz_barcode","محمص سعد المسلماني – كابوكي 150g","وحدة","9725995599582","5.99","karaz_product_adopted_latest","11","30","","","","","محمص سعد المسلماني – كابوكي 150g","المكسرات المحمصة","5.99","https://karaz.ps/shop/product/%d9%85%d8%ad%d9%85%d8%b5-%d8%b3%d8%b9%d8%af-%d8%a7%d9%84%d9%85%d8%b3%d9%84%d9%85%d8%a7%d9%86%d9%8a-%d9%83%d8%a7%d8%a8%d9%88%d9%83%d9%8a-150g/","https://karaz.ps/wp-content/uploads/2022/06/9725995599582-300x300.jpg"
"karaz_barcode","محمص سعد المسلماني – بزر بطيخ ملسع 250g","وحدة","9226999553322","13.99","karaz_product_adopted_latest","11","30","","","","","محمص سعد المسلماني – بزر بطيخ ملسع 250g","المكسرات المحمصة","13.99","https://karaz.ps/shop/product/%d9%85%d8%ad%d9%85%d8%b5-%d8%b3%d8%b9%d8%af-%d8%a7%d9%84%d9%85%d8%b3%d9%84%d9%85%d8%a7%d9%86%d9%8a-%d8%a8%d8%b2%d8%b1-%d8%a8%d8%b7%d9%8a%d8%ae-%d9%85%d9%84%d8%b3%d8%b9-250g/","https://karaz.ps/wp-content/uploads/2023/11/9226999553322-small.jpg"
"karaz_barcode","محمص سعد المسلماني – مقرمشات الأرز 130g","وحدة","7290116790497","8.99","karaz_product_adopted_latest","3","7","","","","","محمص سعد المسلماني – مقرمشات الأرز 130g","المكسرات المحمصة","8.99","https://karaz.ps/shop/product/%d9%85%d8%ad%d9%85%d8%b5-%d8%b3%d8%b9%d8%af-%d8%a7%d9%84%d9%85%d8%b3%d9%84%d9%85%d8%a7%d9%86%d9%8a-%d9%85%d9%82%d8%b1%d9%85%d8%b4%d8%a7%d8%aa-%d8%a7%d9%84%d8%a3%d8%b1%d8%b2-130g/","https://karaz.ps/wp-content/uploads/2022/06/7290116790497-300x300.jpg"
"karaz_barcode","محمص سعد المسلماني – مكسرات هندية 150g","وحدة","9725995599612","9.99","karaz_product_adopted_latest","11","30","","","","","محمص سعد المسلماني – مكسرات هندية 150g","المكسرات المحمصة","9.99","https://karaz.ps/shop/product/%d9%85%d8%ad%d9%85%d8%b5-%d8%b3%d8%b9%d8%af-%d8%a7%d9%84%d9%85%d8%b3%d9%84%d9%85%d8%a7%d9%86%d9%8a-%d9%85%d9%83%d8%b3%d8%b1%d8%a7%d8%aa-%d9%87%d9%86%d8%af%d9%8a%d8%a9-150g/","https://karaz.ps/wp-content/uploads/2022/06/9725995599612-300x300.jpg"
"karaz_barcode","محمص سعد المسلماني – جوز بيكان حلو محمص 250g","وحدة","9725995599445","25.99","karaz_product_adopted_latest","11","30","","","","","محمص سعد المسلماني – جوز بيكان حلو محمص 250g","المكسرات المحمصة","25.99","https://karaz.ps/shop/product/%d9%85%d8%ad%d9%85%d8%b5-%d8%b3%d8%b9%d8%af-%d8%a7%d9%84%d9%85%d8%b3%d9%84%d9%85%d8%a7%d9%86%d9%8a-%d8%ac%d9%88%d8%b2-%d8%a8%d9%8a%d9%83%d8%a7%d9%86-%d8%ad%d9%84%d9%88-%d9%85%d8%ad%d9%85%d8%b5-250g/","https://karaz.ps/wp-content/uploads/2022/06/9725995599445-300x300.jpg"
"karaz_barcode","Blue Diamond Habanero BBQ Almonds 43g","وحدة","041570055120","6.99","karaz_product_adopted_latest","11","30","","","","","Blue Diamond Habanero BBQ Almonds 43g","المكسرات المحمصة","6.99","https://karaz.ps/shop/product/blue-diamond-habanero-bbq-almonds-43g/","https://karaz.ps/wp-content/uploads/2022/07/041570055120-300x300.jpg"
"karaz_barcode","Maslamani Mixed Nuts 1kg","وحدة","7290116790404","64.99","karaz_product_adopted_latest","11","30","","","","","Maslamani Mixed Nuts 1kg","المكسرات المحمصة","64.99","https://karaz.ps/shop/product/maslamani-mixed-nuts-1kg/","https://karaz.ps/wp-content/uploads/2022/07/7290116790404-300x300.jpg"
"karaz_barcode","محمص سعد المسلماني – فستق سوداني 250g","وحدة","9725995599551","10.99","karaz_product_adopted_latest","11","30","","","","","محمص سعد المسلماني – فستق سوداني 250g","المكسرات المحمصة","10.99","https://karaz.ps/shop/product/%d9%85%d8%ad%d9%85%d8%b5-%d8%b3%d8%b9%d8%af-%d8%a7%d9%84%d9%85%d8%b3%d9%84%d9%85%d8%a7%d9%86%d9%8a-%d9%81%d8%b3%d8%aa%d9%82-%d8%b3%d9%88%d8%af%d8%a7%d9%86%d9%8a-250g/","https://karaz.ps/wp-content/uploads/2022/06/9725995599551-300x300.jpg"
"karaz_barcode","محمص سعد المسلماني – ذرة محمصة 200g","وحدة","7290116790459","9.99","karaz_product_adopted_latest","11","30","","","","","محمص سعد المسلماني – ذرة محمصة 200g","المكسرات المحمصة","9.99","https://karaz.ps/shop/product/%d9%85%d8%ad%d9%85%d8%b5-%d8%b3%d8%b9%d8%af-%d8%a7%d9%84%d9%85%d8%b3%d9%84%d9%85%d8%a7%d9%86%d9%8a-%d8%b0%d8%b1%d8%a9-%d9%85%d8%ad%d9%85%d8%b5%d8%a9-200g/","https://karaz.ps/wp-content/uploads/2022/06/7290116790459-300x300.jpg"
"karaz_barcode","محمص سعد المسلماني – قضامة مبهرة 250g","وحدة","9226999553407","8.99","karaz_product_adopted_latest","11","30","","","","","محمص سعد المسلماني – قضامة مبهرة 250g","المكسرات المحمصة","8.99","https://karaz.ps/shop/product/%d9%85%d8%ad%d9%85%d8%b5-%d8%b3%d8%b9%d8%af-%d8%a7%d9%84%d9%85%d8%b3%d9%84%d9%85%d8%a7%d9%86%d9%8a-%d9%82%d8%b6%d8%a7%d9%85%d8%a9-%d9%85%d8%a8%d9%87%d8%b1%d8%a9-250g/","https://karaz.ps/wp-content/uploads/2022/06/9226999553407-300x300.jpg"
"karaz_barcode","محمص سعد المسلماني – كاشو محمص 250g","وحدة","9725884478233","18.99","karaz_product_adopted_latest","11","30","","","","","محمص سعد المسلماني – كاشو محمص 250g","المكسرات المحمصة","18.99","https://karaz.ps/shop/product/%d9%85%d8%ad%d9%85%d8%b5-%d8%b3%d8%b9%d8%af-%d8%a7%d9%84%d9%85%d8%b3%d9%84%d9%85%d8%a7%d9%86%d9%8a-%d9%83%d8%a7%d8%b4%d9%88-%d9%85%d8%ad%d9%85%d8%b5-250g/","https://karaz.ps/wp-content/uploads/2022/06/9725884478233-300x300.jpg"
"karaz_barcode","محمص سعد المسلماني – بزر بطيخ باربيكيو 250g","وحدة","9226999553223","12.99","karaz_product_adopted_latest","11","30","","","","","محمص سعد المسلماني – بزر بطيخ باربيكيو 250g","المكسرات المحمصة","12.99","https://karaz.ps/shop/product/%d9%85%d8%ad%d9%85%d8%b5-%d8%b3%d8%b9%d8%af-%d8%a7%d9%84%d9%85%d8%b3%d9%84%d9%85%d8%a7%d9%86%d9%8a-%d8%a8%d8%b2%d8%b1-%d8%a8%d8%b7%d9%8a%d8%ae-%d8%a8%d8%a7%d8%b1%d8%a8%d9%8a%d9%83%d9%8a%d9%88-250g/","https://karaz.ps/wp-content/uploads/2022/06/9226999553223-300x300.jpg"
"karaz_barcode","محمص سعد المسلماني – فول محمص 250g","وحدة","7290116790435","9.99","karaz_product_adopted_latest","11","30","","","","","محمص سعد المسلماني – فول محمص 250g","المكسرات المحمصة","9.99","https://karaz.ps/shop/product/%d9%85%d8%ad%d9%85%d8%b5-%d8%b3%d8%b9%d8%af-%d8%a7%d9%84%d9%85%d8%b3%d9%84%d9%85%d8%a7%d9%86%d9%8a-%d9%81%d9%88%d9%84-%d9%85%d8%ad%d9%85%d8%b5-250g/","https://karaz.ps/wp-content/uploads/2022/06/7290116790435-300x300.jpg"
"karaz_barcode","محمص سعد المسلماني – بزر قرع محمص 250g","وحدة","9725995599469","8.99","karaz_product_adopted_latest","11","30","","","","","محمص سعد المسلماني – بزر قرع محمص 250g","المكسرات المحمصة","8.99","https://karaz.ps/shop/product/%d9%85%d8%ad%d9%85%d8%b5-%d8%b3%d8%b9%d8%af-%d8%a7%d9%84%d9%85%d8%b3%d9%84%d9%85%d8%a7%d9%86%d9%8a-%d8%a8%d8%b2%d8%b1-%d9%82%d8%b1%d8%b9-%d9%85%d8%ad%d9%85%d8%b5-250g/","https://karaz.ps/wp-content/uploads/2022/06/9725995599469-300x300.jpg"
"karaz_barcode","Maggi Coriander & Garlic Mix خلطة ماجي بالكزبرة والثوم 34g","وحدة","6294003587925","9.99","karaz_product_adopted_latest","17","44","","","","","Maggi Coriander & Garlic Mix خلطة ماجي بالكزبرة والثوم 34g","بهارات و توابل","9.99","https://karaz.ps/shop/product/maggi-coriander-garlic-mix-%d8%ae%d9%84%d8%b7%d8%a9-%d9%85%d8%a7%d8%ac%d9%8a-%d8%a8%d8%a7%d9%84%d9%83%d8%b2%d8%a8%d8%b1%d8%a9-%d9%88%d8%a7%d9%84%d8%ab%d9%88%d9%85-34g/","https://karaz.ps/wp-content/uploads/2022/06/6294003587925-300x300.jpg"
"karaz_barcode","Goya Adobo With Pepper تتبيلة بهارات مع فلفل 226g","وحدة","041331038287","13.99","karaz_product_adopted_latest","17","44","","","","","Goya Adobo With Pepper تتبيلة بهارات مع فلفل 226g","بهارات و توابل","13.99","https://karaz.ps/shop/product/goya-adobo-with-pepper-%d8%aa%d8%aa%d8%a8%d9%8a%d9%84%d8%a9-%d8%a8%d9%87%d8%a7%d8%b1%d8%a7%d8%aa-%d9%85%d8%b9-%d9%81%d9%84%d9%81%d9%84-226g/","https://karaz.ps/wp-content/uploads/2022/06/041331038287-300x300.jpg"
"karaz_barcode","Goya Adobo Bitter Orange تتبيلة بهارات بالبرتقال المر 226g","وحدة","041331038171","13.99","karaz_product_adopted_latest","17","44","","","","","Goya Adobo Bitter Orange تتبيلة بهارات بالبرتقال المر 226g","بهارات و توابل","13.99","https://karaz.ps/shop/product/goya-adobo-bitter-orange-%d8%aa%d8%aa%d8%a8%d9%8a%d9%84%d8%a9-%d8%a8%d9%87%d8%a7%d8%b1%d8%a7%d8%aa-%d8%a8%d8%a7%d9%84%d8%a8%d8%b1%d8%aa%d9%82%d8%a7%d9%84-%d8%a7%d9%84%d9%85%d8%b1-226g/","https://karaz.ps/wp-content/uploads/2022/06/041331038171-300x300.jpg"
"karaz_barcode","Goya Adobo Hot تتبيلة بهارات حارة 226g","وحدة","041331038195","14.99","karaz_product_adopted_latest","17","44","","","","","Goya Adobo Hot تتبيلة بهارات حارة 226g","بهارات و توابل","14.99","https://karaz.ps/shop/product/goya-adobo-hot-%d8%aa%d8%aa%d8%a8%d9%8a%d9%84%d8%a9-%d8%a8%d9%87%d8%a7%d8%b1%d8%a7%d8%aa-%d8%ad%d8%a7%d8%b1%d8%a9-226g/","https://karaz.ps/wp-content/uploads/2022/06/041331038195-300x300.jpg"
"karaz_barcode","صالح خلف بهار كبسة 100g","وحدة","6253500660449","7.99","karaz_product_adopted_latest","17","44","","","","","صالح خلف بهار كبسة 100g","بهارات و توابل","7.99","https://karaz.ps/shop/product/%d8%b5%d8%a7%d9%84%d8%ad-%d8%ae%d9%84%d9%81-%d8%a8%d9%87%d8%a7%d8%b1-%d9%83%d8%a8%d8%b3%d8%a9-100g/","https://karaz.ps/wp-content/uploads/2022/06/6253500660449-300x300.jpg"
"karaz_barcode","صالح خلف بهار فلسطيني مطحون 100g","وحدة","6253500660357","6.99","karaz_product_adopted_latest","17","44","","","","","صالح خلف بهار فلسطيني مطحون 100g","بهارات و توابل","6.99","https://karaz.ps/shop/product/%d8%b5%d8%a7%d9%84%d8%ad-%d8%ae%d9%84%d9%81-%d8%a8%d9%87%d8%a7%d8%b1-%d9%81%d9%84%d8%b3%d8%b7%d9%8a%d9%86%d9%8a-%d9%85%d8%b7%d8%ad%d9%88%d9%86-100g/","https://karaz.ps/wp-content/uploads/2022/06/6253500660357-300x300.jpg"
"karaz_barcode","صالح خلف بهار سمك مشوي 100g","وحدة","6253500661002","6.99","karaz_product_adopted_latest","5","16","","","","","صالح خلف بهار سمك مشوي 100g","بهارات و توابل","6.99","https://karaz.ps/shop/product/%d8%b5%d8%a7%d9%84%d8%ad-%d8%ae%d9%84%d9%81-%d8%a8%d9%87%d8%a7%d8%b1-%d8%b3%d9%85%d9%83-%d9%85%d8%b4%d9%88%d9%8a-100g/","https://karaz.ps/wp-content/uploads/2022/06/6253500661002-300x300.jpg"
"karaz_barcode","صالح خلف بهار سمك مقلي 100g","وحدة","6253500660418","6.99","karaz_product_adopted_latest","5","16","","","","","صالح خلف بهار سمك مقلي 100g","بهارات و توابل","6.99","https://karaz.ps/shop/product/%d8%b5%d8%a7%d9%84%d8%ad-%d8%ae%d9%84%d9%81-%d8%a8%d9%87%d8%a7%d8%b1-%d8%b3%d9%85%d9%83-%d9%85%d9%82%d9%84%d9%8a-100g/","https://karaz.ps/wp-content/uploads/2022/06/6253500660418-300x300.jpg"
"karaz_barcode","صالح خلف فلفل حار مطحون 100g","وحدة","6253500660548","6.99","karaz_product_adopted_latest","17","44","","","","","صالح خلف فلفل حار مطحون 100g","بهارات و توابل","6.99","https://karaz.ps/shop/product/%d8%b5%d8%a7%d9%84%d8%ad-%d8%ae%d9%84%d9%81-%d9%81%d9%84%d9%81%d9%84-%d8%ad%d8%a7%d8%b1-%d9%85%d8%b7%d8%ad%d9%88%d9%86-100g/","https://karaz.ps/wp-content/uploads/2022/06/6253500660548-300x300.jpg"
"karaz_barcode","صالح خلف زنجبيل مطحون 100g","وحدة","6253500660463","7.99","karaz_product_adopted_latest","17","44","","","","","صالح خلف زنجبيل مطحون 100g","بهارات و توابل","7.99","https://karaz.ps/shop/product/%d8%b5%d8%a7%d9%84%d8%ad-%d8%ae%d9%84%d9%81-%d8%b2%d9%86%d8%ac%d8%a8%d9%8a%d9%84-%d9%85%d8%b7%d8%ad%d9%88%d9%86-100g/","https://karaz.ps/wp-content/uploads/2022/06/6253500660463-300x300.jpg"
"karaz_barcode","Lipton Ice Tea Peach Flavour 500ml","وحدة","5900497043243","7.99","karaz_product_adopted_latest","15","39","","","","","Lipton Ice Tea Peach Flavour 500ml","المشروبات","7.99","https://karaz.ps/shop/product/lipton-ice-tea-peach-flavour-500ml/","https://karaz.ps/wp-content/uploads/2024/06/5900497043243-300x300.jpg"
"karaz_barcode","Lipton Yellow Label 200g","وحدة","6281006850415","13.99","karaz_product_adopted_latest","15","39","","","","","Lipton Yellow Label 200g","المشروبات","13.99","https://karaz.ps/shop/product/lipton-yellow-label-200g/","https://karaz.ps/wp-content/uploads/2024/06/6281006850415-300x300.jpg"
"karaz_barcode","Landessa Ice Coffee Cacao 230ml","وحدة","9004380070708","4.99","karaz_product_adopted_latest","15","39","","","","","Landessa Ice Coffee Cacao 230ml","المشروبات","4.99","https://karaz.ps/shop/product/landessa-ice-coffee-cacao-230ml/","https://karaz.ps/wp-content/uploads/2024/06/9004380070708-300x300.jpg"
"karaz_barcode","Twinings English Breakfast 50g","وحدة","070177077693","23.99","karaz_product_adopted_latest","15","39","","","","","Twinings English Breakfast 50g","المشروبات","23.99","https://karaz.ps/shop/product/twinings-english-breakfast-50g/","https://karaz.ps/wp-content/uploads/2024/06/070177077693-300x300.jpg"
"karaz_barcode","Lipton Black Tea Lemon x20","وحدة","8722700140528","11.99","karaz_product_adopted_latest","15","39","","","","","Lipton Black Tea Lemon x20","المشروبات","11.99","https://karaz.ps/shop/product/lipton-black-tea-lemon-x20/","https://karaz.ps/wp-content/uploads/2024/06/8722700140528-300x300.jpg"
"karaz_barcode","Landessa Ice Coffee Latte 230ml","وحدة","9004380071408","5.99","karaz_product_adopted_latest","15","39","","","","","Landessa Ice Coffee Latte 230ml","المشروبات","5.99","https://karaz.ps/shop/product/landessa-ice-coffee-latte-230ml/","https://karaz.ps/wp-content/uploads/2024/06/9004380071408-300x300.jpg"
"karaz_barcode","Twinings Lemon Tea 50g","وحدة","070177046088","23.99","karaz_product_adopted_latest","15","39","","","","","Twinings Lemon Tea 50g","المشروبات","23.99","https://karaz.ps/shop/product/twinings-lemon-tea-50g/","https://karaz.ps/wp-content/uploads/2024/06/070177046088-300x300.jpg"
"karaz_barcode","Allin Protein Water Berries 500ml","وحدة","7290018043608","13.99","karaz_product_adopted_latest","15","39","","","","","Allin Protein Water Berries 500ml","المشروبات","13.99","https://karaz.ps/shop/product/allin-protein-water-berries-500ml/","https://karaz.ps/wp-content/uploads/2023/10/7290018043608-small.jpg"
"karaz_barcode","Allin Protein Water Peach 500ml","وحدة","7290018043592","13.99","karaz_product_adopted_latest","15","39","","","","","Allin Protein Water Peach 500ml","المشروبات","13.99","https://karaz.ps/shop/product/allin-protein-water-peach-500ml/","https://karaz.ps/wp-content/uploads/2023/10/7290018043592-small.jpg"
"karaz_barcode","Nestea drink with a peach 500ml","وحدة","5900334017710","6.99","karaz_product_adopted_latest","15","39","","","","","Nestea drink with a peach 500ml","المشروبات","6.99","https://karaz.ps/shop/product/nestea-drink-with-a-peach-500ml/","https://karaz.ps/wp-content/uploads/2023/05/5900334017710-300x300.jpg"
"karaz_barcode","Nestea Green Tea Citrus 330ml","وحدة","5900334017789","5.99","karaz_product_adopted_latest","15","39","","","","","Nestea Green Tea Citrus 330ml","المشروبات","5.99","https://karaz.ps/shop/product/nestea-green-tea-citrus-330ml/","https://karaz.ps/wp-content/uploads/2023/05/5900334017789-300x300.jpg"
"karaz_barcode","Galaxy Instant Hot Chocolate 250g","وحدة","5056357906293","24.99","karaz_product_adopted_latest","15","39","","","","","Galaxy Instant Hot Chocolate 250g","المشروبات","24.99","https://karaz.ps/shop/product/galaxy-instant-hot-chocolate-250g/","https://karaz.ps/wp-content/uploads/2023/05/5056357906293-300x300.jpg"
"karaz_barcode","Kool Aid Jammers Drink مشروب كوول ايد (10 أكياس) – Tropical Punch","وحدة","043000028254","24.99","karaz_product_adopted_latest","15","39","","","","","Kool Aid Jammers Drink مشروب كوول ايد (10 أكياس) – Tropical Punch","المشروبات","24.99","https://karaz.ps/shop/product/kool-aid-jammers-drink-%d9%85%d8%b4%d8%b1%d9%88%d8%a8-%d9%83%d9%88%d9%88%d9%84-%d8%a7%d9%8a%d8%af-10-%d8%a3%d9%83%d9%8a%d8%a7%d8%b3-tropical-punch/","https://karaz.ps/wp-content/uploads/2023/04/043000028254-300x300.jpg"
"karaz_barcode","Perrier Sparkling Mineral Water مياه معدنية غازية – 330ml","وحدة","3179732337542","4.99","karaz_product_adopted_latest","9","26","","","","","Perrier Sparkling Mineral Water مياه معدنية غازية – 330ml","المياه","4.99","https://karaz.ps/shop/product/perrier-sparkling-mineral-water-%d9%85%d9%8a%d8%a7%d9%87-%d9%85%d8%b9%d8%af%d9%86%d9%8a%d8%a9-%d8%ba%d8%a7%d8%b2%d9%8a%d8%a9-330ml/","https://karaz.ps/wp-content/uploads/2022/06/3179732337542-1-300x300.jpg"
"karaz_barcode","5942326400483","وحدة","5942326400483","6.5","karaz_product_adopted_latest","9","26","","","","","5942326400483","المياه","6.5","https://karaz.ps/shop/product/5942326400483/","https://karaz.ps/wp-content/uploads/2022/06/5942326400483-300x300.jpg"
"karaz_barcode","Aqua Natural Mineral Water مياه معدنية طبيعية – 500ml","وحدة","5942326400476","5.99","karaz_product_adopted_latest","9","26","","","","","Aqua Natural Mineral Water مياه معدنية طبيعية – 500ml","المياه","5.99","https://karaz.ps/shop/product/aqua-natural-mineral-water-%d9%85%d9%8a%d8%a7%d9%87-%d9%85%d8%b9%d8%af%d9%86%d9%8a%d8%a9-%d8%b7%d8%a8%d9%8a%d8%b9%d9%8a%d8%a9-500ml/","https://karaz.ps/wp-content/uploads/2022/06/5942326400476-1-300x300.jpg"
"karaz_barcode","Nestle Water Pack صندوق مياه معدنية نستلة 700ملل عدد 12","وحدة","6253501790374","23.99","karaz_product_adopted_latest","9","26","","","","","Nestle Water Pack صندوق مياه معدنية نستلة 700ملل عدد 12","المياه","23.99","https://karaz.ps/shop/product/nestle-water-pack-%d8%b5%d9%86%d8%af%d9%88%d9%82-%d9%85%d9%8a%d8%a7%d9%87-%d9%85%d8%b9%d8%af%d9%86%d9%8a%d8%a9-%d9%86%d8%b3%d8%aa%d9%84%d8%a9-700%d9%85%d9%84%d9%84-%d8%b9%d8%af%d8%af-12/","https://karaz.ps/wp-content/uploads/2022/06/6253501790374-300x300.jpg"
"karaz_barcode","Nestle Water Pack صندوق مياه معدنية نستلة – 500 مل","وحدة","6253501790244","13.99","karaz_product_adopted_latest","9","26","","","","","Nestle Water Pack صندوق مياه معدنية نستلة – 500 مل","المياه","13.99","https://karaz.ps/shop/product/nestle-water-pack-%d8%b5%d9%86%d8%af%d9%88%d9%82-%d9%85%d9%8a%d8%a7%d9%87-%d9%85%d8%b9%d8%af%d9%86%d9%8a%d8%a9-%d9%86%d8%b3%d8%aa%d9%84%d8%a9-500-%d9%85%d9%84/","https://karaz.ps/wp-content/uploads/2022/06/6253501790244-300x300.jpg"
"karaz_barcode","Jericho Water صندوق مياه شرب معدنية جريكو – 1.5 لتر","وحدة","5449000127631","9.99","karaz_product_adopted_latest","9","26","","","","","Jericho Water صندوق مياه شرب معدنية جريكو – 1.5 لتر","المياه","9.99","https://karaz.ps/shop/product/jericho-water-%d8%b5%d9%86%d8%af%d9%88%d9%82-%d9%85%d9%8a%d8%a7%d9%87-%d8%b4%d8%b1%d8%a8-%d9%85%d8%b9%d8%af%d9%86%d9%8a%d8%a9-%d8%ac%d8%b1%d9%8a%d9%83%d9%88-1-5-%d9%84%d8%aa%d8%b1/","https://karaz.ps/wp-content/uploads/2022/06/5449000127631-300x300.jpg"
"karaz_barcode","Nestle Water Pack صندوق مياه معدنية نستلة – 1.5 لتر","وحدة","6253501790084","11.99","karaz_product_adopted_latest","9","26","","","","","Nestle Water Pack صندوق مياه معدنية نستلة – 1.5 لتر","المياه","11.99","https://karaz.ps/shop/product/nestle-water-pack-%d8%b5%d9%86%d8%af%d9%88%d9%82-%d9%85%d9%8a%d8%a7%d9%87-%d9%85%d8%b9%d8%af%d9%86%d9%8a%d8%a9-%d9%86%d8%b3%d8%aa%d9%84%d8%a9-1-5-%d9%84%d8%aa%d8%b1/","https://karaz.ps/wp-content/uploads/2022/06/6253501790084-300x300.jpg"
"karaz_barcode","Jericho Water صندوق مياه شرب معدنية جريكو 500ملل","وحدة","6253501790468","11.99","karaz_product_adopted_latest","9","26","","","","","Jericho Water صندوق مياه شرب معدنية جريكو 500ملل","المياه","11.99","https://karaz.ps/shop/product/jericho-water-%d8%b5%d9%86%d8%af%d9%88%d9%82-%d9%85%d9%8a%d8%a7%d9%87-%d8%b4%d8%b1%d8%a8-%d9%85%d8%b9%d8%af%d9%86%d9%8a%d8%a9-%d8%ac%d8%b1%d9%8a%d9%83%d9%88-500%d9%85%d9%84%d9%84/","https://karaz.ps/wp-content/uploads/2022/07/6253501790468-300x300.jpg"
"karaz_barcode","مياه معدنية عين جدي 500ملل عدد 24","وحدة","7290004923009","29.99","karaz_product_adopted_latest","9","26","","","","","مياه معدنية عين جدي 500ملل عدد 24","المياه","29.99","https://karaz.ps/shop/product/%d9%85%d9%8a%d8%a7%d9%87-%d9%85%d8%b9%d8%af%d9%86%d9%8a%d8%a9-%d8%b9%d9%8a%d9%86-%d8%ac%d8%af%d9%8a-500%d9%85%d9%84%d9%84-%d8%b9%d8%af%d8%af-24/","https://karaz.ps/wp-content/uploads/2022/06/7290004923009-300x300.jpg"
"karaz_barcode","Arwa Water صندوق مياه شرب معدنية أروى 500ملل","وحدة","6253501790467","11.99","karaz_product_adopted_latest","9","26","","","","","Arwa Water صندوق مياه شرب معدنية أروى 500ملل","المياه","11.99","https://karaz.ps/shop/product/arwa-water-%d8%b5%d9%86%d8%af%d9%88%d9%82-%d9%85%d9%8a%d8%a7%d9%87-%d8%b4%d8%b1%d8%a8-%d9%85%d8%b9%d8%af%d9%86%d9%8a%d8%a9-%d8%a3%d8%b1%d9%88%d9%89-500%d9%85%d9%84%d9%84/","https://karaz.ps/wp-content/uploads/2022/06/6253501790467-300x300.jpg"
"karaz_barcode","Arwa Water صندوق مياه شرب معدنية أروى 1.5L","وحدة","54490000839997","11.99","karaz_product_adopted_latest","9","26","","","","","Arwa Water صندوق مياه شرب معدنية أروى 1.5L","المياه","11.99","https://karaz.ps/shop/product/arwa-water-%d8%b5%d9%86%d8%af%d9%88%d9%82-%d9%85%d9%8a%d8%a7%d9%87-%d8%b4%d8%b1%d8%a8-%d9%85%d8%b9%d8%af%d9%86%d9%8a%d8%a9-%d8%a3%d8%b1%d9%88%d9%89/","https://karaz.ps/wp-content/uploads/2022/06/54490000839997-300x300.jpg"
"karaz_barcode","Nestle Pure Life Lemon Sparkling Water 330ml","وحدة","6225000332942","4.99","karaz_product_adopted_latest","9","26","","","","","Nestle Pure Life Lemon Sparkling Water 330ml","المياه","4.99","https://karaz.ps/shop/product/nestle-pure-life-lemon-sparkling-water-330ml/","https://karaz.ps/wp-content/uploads/2022/10/6225000332942-300x300.jpg"
"karaz_barcode","Nestle Pure Life Triple Berry Sparkling Water 330ml","وحدة","6225000332980","4.99","karaz_product_adopted_latest","9","26","","","","","Nestle Pure Life Triple Berry Sparkling Water 330ml","المياه","4.99","https://karaz.ps/shop/product/nestle-pure-life-triple-berry-sparkling-water-330ml/","https://karaz.ps/wp-content/uploads/2022/10/6225000332980-300x300.jpg"
"karaz_barcode","Nestle Pure Life Green Apple Sparkling Water 330ml","وحدة","6225000332966","4.99","karaz_product_adopted_latest","9","26","","","","","Nestle Pure Life Green Apple Sparkling Water 330ml","المياه","4.99","https://karaz.ps/shop/product/nestle-pure-life-green-apple-sparkling-water-330ml/","https://karaz.ps/wp-content/uploads/2022/10/6225000332966-300x300.jpg"
"karaz_barcode","Nestle Pure Life Sparkling Water 240ml","وحدة","6225000332928","4.99","karaz_product_adopted_latest","9","26","","","","","Nestle Pure Life Sparkling Water 240ml","المياه","4.99","https://karaz.ps/shop/product/nestle-pure-life-sparkling-water-240ml/","https://karaz.ps/wp-content/uploads/2022/10/6225000332928-300x300.jpg"
"karaz_barcode","Radnor Splash watermelon Sugar Free Water 500ml","وحدة","5026109009374","6.99","karaz_product_adopted_latest","9","26","","","","","Radnor Splash watermelon Sugar Free Water 500ml","المياه","6.99","https://karaz.ps/shop/product/radnor-splash-watermelon-sugar-free-water-500ml/","https://karaz.ps/wp-content/uploads/2022/10/5026109009374-300x300.jpg"
"karaz_barcode","Kool Aid Jammers Drink مشروب كوول ايد (10 أكياس) – Grape","وحدة","043000028285","24.99","karaz_product_adopted_latest","15","40","","","","","Kool Aid Jammers Drink مشروب كوول ايد (10 أكياس) – Grape","العصائر","24.99","https://karaz.ps/shop/product/kool-aid-jammers-drink-%d9%85%d8%b4%d8%b1%d9%88%d8%a8-%d9%83%d9%88%d9%88%d9%84-%d8%a7%d9%8a%d8%af-10-%d8%a3%d9%83%d9%8a%d8%a7%d8%b3-grape/","https://karaz.ps/wp-content/uploads/2023/04/043000028285-300x300.jpg"
"karaz_barcode","Kool Aid Jammers Drink مشروب كوول ايد (10 أكياس) – Cherry","وحدة","043000028261","24.99","karaz_product_adopted_latest","15","40","","","","","Kool Aid Jammers Drink مشروب كوول ايد (10 أكياس) – Cherry","العصائر","24.99","https://karaz.ps/shop/product/kool-aid-jammers-drink-%d9%85%d8%b4%d8%b1%d9%88%d8%a8-%d9%83%d9%88%d9%88%d9%84-%d8%a7%d9%8a%d8%af-10-%d8%a3%d9%83%d9%8a%d8%a7%d8%b3-cherry/","https://karaz.ps/wp-content/uploads/2023/04/043000028261-300x300.jpg"
"karaz_barcode","Ocean Spray Light Cranberry 1.89l","وحدة","031200342270","25.99","karaz_product_adopted_latest","15","40","","","","","Ocean Spray Light Cranberry 1.89l","العصائر","25.99","https://karaz.ps/shop/product/ocean-spray-light-cranberry-1-89l/","https://karaz.ps/wp-content/uploads/2023/04/031200342270-300x300.jpg"
"karaz_barcode","Ocean Spray Cranberry Pomegranate Drink 1L","وحدة","031200436221","12.99","karaz_product_adopted_latest","15","40","","","","","Ocean Spray Cranberry Pomegranate Drink 1L","العصائر","12.99","https://karaz.ps/shop/product/ocean-spray-cranberry-pomegranate-drink-1l/","https://karaz.ps/wp-content/uploads/2023/04/031200436221-300x300.jpg"
"karaz_barcode","Ocean Spray Light Cranberry & Grape Light 1.89l","وحدة","031200343277","25.99","karaz_product_adopted_latest","15","40","","","","","Ocean Spray Light Cranberry & Grape Light 1.89l","العصائر","25.99","https://karaz.ps/shop/product/ocean-spray-light-cranberry-grape-light-1-89l/","https://karaz.ps/wp-content/uploads/2022/10/031200343277-300x300.jpg"
"karaz_barcode","Langers Pomegranate 1.89L","وحدة","041755008514","24.99","karaz_product_adopted_latest","15","40","","","","","Langers Pomegranate 1.89L","العصائر","24.99","https://karaz.ps/shop/product/langers-pomegranate-1-89l/","https://karaz.ps/wp-content/uploads/2022/10/041755008514-300x300.jpg"
"karaz_barcode","Hill View Prune Juice 946ml","وحدة","649660013281","21.99","karaz_product_adopted_latest","15","40","","","","","Hill View Prune Juice 946ml","العصائر","21.99","https://karaz.ps/shop/product/hill-view-prune-juice-946ml/","https://karaz.ps/wp-content/uploads/2022/08/649660013281-300x300.jpg"
"karaz_barcode","Pfanner Mango Passion Fruit Juice 1l","وحدة","9006900221133","11.99","karaz_product_adopted_latest","15","40","","","","","Pfanner Mango Passion Fruit Juice 1l","العصائر","11.99","https://karaz.ps/shop/product/pfanner-mango-passion-fruit-juice-1l/","https://karaz.ps/wp-content/uploads/2022/08/9006900221133-300x300.jpg"
"karaz_barcode","Pfanner Green Apple 1l","وحدة","9006900017569","11.99","karaz_product_adopted_latest","15","40","","","","","Pfanner Green Apple 1l","العصائر","11.99","https://karaz.ps/shop/product/pfanner-green-apple-1l/","https://karaz.ps/wp-content/uploads/2022/08/9006900017569-300x300.jpg"
"karaz_barcode","Pfanner Pineapple Juice 1","وحدة","9006900017538","11.99","karaz_product_adopted_latest","15","40","","","","","Pfanner Pineapple Juice 1","العصائر","11.99","https://karaz.ps/shop/product/pfanner-pineapple-juice-1/","https://karaz.ps/wp-content/uploads/2022/08/9006900017538-300x300.jpg"
"karaz_barcode","Arizona Fruit Punch Juice 591ml","وحدة","613008725754","9.99","karaz_product_adopted_latest","15","40","","","","","Arizona Fruit Punch Juice 591ml","العصائر","9.99","https://karaz.ps/shop/product/arizona-fruit-punch-juice-591ml/","https://karaz.ps/wp-content/uploads/2022/08/613008725754-300x300.jpg"
"karaz_barcode","Arizona Mucho Mango Juice 591ml","وحدة","613008725792","9.99","karaz_product_adopted_latest","15","40","","","","","Arizona Mucho Mango Juice 591ml","العصائر","9.99","https://karaz.ps/shop/product/arizona-mucho-mango-juice-591ml/","https://karaz.ps/wp-content/uploads/2022/08/613008725792-300x300.jpg"
"karaz_barcode","Sparkling Ice Black Cherry Sparkling Water 502ml","وحدة","016571952105","9.99","karaz_product_adopted_latest","15","39","","","","","Sparkling Ice Black Cherry Sparkling Water 502ml","المشروبات الغازية","9.99","https://karaz.ps/shop/product/sparkling-ice-black-cherry-sparkling-water-502ml/","https://karaz.ps/wp-content/uploads/2022/12/016571952105-300x300.jpg"
"karaz_barcode","Chupa Chups Sparkling Strawberry & Cream 250ml","وحدة","8801069412986","7.99","karaz_product_adopted_latest","15","39","","","","","Chupa Chups Sparkling Strawberry & Cream 250ml","المشروبات الغازية","7.99","https://karaz.ps/shop/product/chupa-chups-sparkling-strawberry-cream-250ml/","https://karaz.ps/wp-content/uploads/2022/11/8801069412986-300x300.jpg"
"karaz_barcode","Chupa Chups Sparkling Mango 250ml","وحدة","8801069413082","7.99","karaz_product_adopted_latest","15","39","","","","","Chupa Chups Sparkling Mango 250ml","المشروبات الغازية","7.99","https://karaz.ps/shop/product/chupa-chups-sparkling-mango-250ml/","https://karaz.ps/wp-content/uploads/2022/11/8801069413082-300x300.jpg"
"karaz_barcode","Schweppes Soda Water 250ml","وحدة","7290017888439","3.99","karaz_product_adopted_latest","15","39","","","","","Schweppes Soda Water 250ml","المشروبات الغازية","3.99","https://karaz.ps/shop/product/schweppes-soda-water-250ml/","https://karaz.ps/wp-content/uploads/2022/10/7290017888439-300x300.jpg"
"karaz_barcode","Schweppes Tonic Water 250ml","وحدة","7290008757027","7.5","karaz_product_adopted_latest","15","39","","","","","Schweppes Tonic Water 250ml","المشروبات الغازية","7.5","https://karaz.ps/shop/product/schweppes-tonic-water-250ml/","https://karaz.ps/wp-content/uploads/2022/10/7290008757027-300x300.jpg"
"karaz_barcode","Fanta Strawberry Soda 355ml","وحدة","049000014266","6.99","karaz_product_adopted_latest","15","39","","","","","Fanta Strawberry Soda 355ml","المشروبات الغازية","6.99","https://karaz.ps/shop/product/fanta-strawberry-soda-355ml/","https://karaz.ps/wp-content/uploads/2022/10/049000014266-300x300.jpg"
"karaz_barcode","Schweppes Peach Soda 330ml","وحدة","7290013702418","5.99","karaz_product_adopted_latest","15","39","","","","","Schweppes Peach Soda 330ml","المشروبات الغازية","5.99","https://karaz.ps/shop/product/schweppes-peach-soda-330ml/","https://karaz.ps/wp-content/uploads/2022/10/7290013702418-300x300.jpg"
"karaz_barcode","Schweppes Mojito Lemon Mint Soda 330ml","وحدة","7290018471111","5.99","karaz_product_adopted_latest","15","39","","","","","Schweppes Mojito Lemon Mint Soda 330ml","المشروبات الغازية","5.99","https://karaz.ps/shop/product/schweppes-mojito-lemon-mint-soda-330ml/","https://karaz.ps/wp-content/uploads/2022/10/7290018471111-300x300.jpg"
"karaz_barcode","Green Cola Pink Grapefruit 330ml","وحدة","5206542010322","3.99","karaz_product_adopted_latest","15","39","","","","","Green Cola Pink Grapefruit 330ml","المشروبات الغازية","3.99","https://karaz.ps/shop/product/green-cola-pink-grapefruit-330ml/","https://karaz.ps/wp-content/uploads/2022/10/5206542010322-300x300.jpg"
"karaz_barcode","Warheads Sour Watermelon Soda 355ml","وحدة","850035248041","7.99","karaz_product_adopted_latest","15","39","","","","","Warheads Sour Watermelon Soda 355ml","المشروبات الغازية","7.99","https://karaz.ps/shop/product/warheads-sour-watermelon-soda-355ml/","https://karaz.ps/wp-content/uploads/2022/10/850035248041-300x300.jpg"
"karaz_barcode","Warheads Sour Black Cherry Soda 355ml","وحدة","850035248034","7.99","karaz_product_adopted_latest","15","39","","","","","Warheads Sour Black Cherry Soda 355ml","المشروبات الغازية","7.99","https://karaz.ps/shop/product/warheads-sour-black-cherry-soda-355ml/","https://karaz.ps/wp-content/uploads/2022/10/850035248034-300x300.jpg"
"karaz_barcode","Warheads Sour Lemon Soda 355ml","وحدة","850035248027","7.99","karaz_product_adopted_latest","15","39","","","","","Warheads Sour Lemon Soda 355ml","المشروبات الغازية","7.99","https://karaz.ps/shop/product/warheads-sour-lemon-soda-355ml/","https://karaz.ps/wp-content/uploads/2022/10/850035248027-300x300.jpg"
"karaz_barcode","Sparkling Ice Peach Nectarine Sparkling Water 502ml","وحدة","016571940348","9.99","karaz_product_adopted_latest","15","39","","","","","Sparkling Ice Peach Nectarine Sparkling Water 502ml","المشروبات الغازية","9.99","https://karaz.ps/shop/product/sparkling-ice-peach-nectarine-sparkling-water-502ml/","https://karaz.ps/wp-content/uploads/2022/09/016571940348-300x300.jpg"
"karaz_barcode","Sparkling Ice Orange Mango Sparkling Water 502ml","وحدة","016571910310","9.99","karaz_product_adopted_latest","15","39","","","","","Sparkling Ice Orange Mango Sparkling Water 502ml","المشروبات الغازية","9.99","https://karaz.ps/shop/product/sparkling-ice-orange-mango-sparkling-water-502ml/","https://karaz.ps/wp-content/uploads/2022/09/016571910310-300x300.jpg"
"karaz_barcode","Redbull The Red Edition Watermelon 250ml","وحدة","90446269","6.99","karaz_product_adopted_latest","15","41","","","","","Redbull The Red Edition Watermelon 250ml","مشروبات الطاقة","6.99","https://karaz.ps/shop/product/redbull-the-red-edition-watermelon-250ml/","https://karaz.ps/wp-content/uploads/2022/09/90446269-300x300.jpg"
"karaz_barcode","Monster The Doctor 500ml","وحدة","5060335635365","9.99","karaz_product_adopted_latest","15","41","","","","","Monster The Doctor 500ml","مشروبات الطاقة","9.99","https://karaz.ps/shop/product/monster-the-doctor-500ml/","https://karaz.ps/wp-content/uploads/2022/07/5060335635365-300x300.jpg"
"karaz_barcode","Monster Ultra 500ml","وحدة","5060337500708","10.99","karaz_product_adopted_latest","15","41","","","","","Monster Ultra 500ml","مشروبات الطاقة","10.99","https://karaz.ps/shop/product/monster-ultra-500ml/","https://karaz.ps/wp-content/uploads/2022/07/5060337500708-300x300.jpg"
"karaz_barcode","BLU MOJITO ENERGY DRINK 250 ML","وحدة","5904941750312","3.5","karaz_product_adopted_latest","15","41","","","","","BLU MOJITO ENERGY DRINK 250 ML","مشروبات الطاقة","3.5","https://karaz.ps/shop/product/blu-mojito-energy-drink-250-ml/","https://karaz.ps/wp-content/uploads/2022/06/5904941750312-300x300.jpg"
"karaz_barcode","BLU DAY  ENERGY  DRINK 250 ML","وحدة","5904941751920","3.5","karaz_product_adopted_latest","15","41","","","","","BLU DAY  ENERGY  DRINK 250 ML","مشروبات الطاقة","3.5","https://karaz.ps/shop/product/blu-day-energy-drink-250-ml/","https://karaz.ps/wp-content/uploads/2022/06/5904941751920-300x300.jpg"
"karaz_barcode","Gatorade مشروب الطاقة 591ml – فاكهة","وحدة","052000328660","8.99","karaz_product_adopted_latest","15","41","","","","","Gatorade مشروب الطاقة 591ml – فاكهة","مشروبات الطاقة","8.99","https://karaz.ps/shop/product/gatorade-%d9%85%d8%b4%d8%b1%d9%88%d8%a8-%d8%a7%d9%84%d8%b7%d8%a7%d9%82%d8%a9-591ml-%d9%81%d8%a7%d9%83%d9%87%d8%a9/","https://karaz.ps/wp-content/uploads/2022/06/052000328660-300x300.jpg"
"karaz_barcode","Ghost Babelicious Strawberry  Energy Drink 473ml","وحدة","810028297722","15.99","karaz_product_adopted_latest","15","41","","","","","Ghost Babelicious Strawberry  Energy Drink 473ml","مشروبات الطاقة","15.99","https://karaz.ps/shop/product/ghost-babelicious-strawberry-energy-drink-473ml/","https://karaz.ps/wp-content/uploads/2023/10/810028297722-small.jpg"
"karaz_barcode","Nestle Nesquik Chocolate Lowfat Milk 414ml","وحدة","028000772123","17.99","karaz_product_adopted_latest","15","41","","","","","Nestle Nesquik Chocolate Lowfat Milk 414ml","مشروبات الطاقة","17.99","https://karaz.ps/shop/product/nestle-nesquik-chocolate-lowfat-milk-414ml/","https://karaz.ps/wp-content/uploads/2023/10/028000772123-small.jpg"
"karaz_barcode","Nestle Nesquik Banana Strawberry Lowfat Milk 414ml","وحدة","028000895044","17.99","karaz_product_adopted_latest","15","41","","","","","Nestle Nesquik Banana Strawberry Lowfat Milk 414ml","مشروبات الطاقة","17.99","https://karaz.ps/shop/product/nestle-nesquik-banana-strawberry-lowfat-milk-414ml/","https://karaz.ps/wp-content/uploads/2023/10/028000895044-small.jpg"
"karaz_barcode","Nestle Nesquik Strawberry Lowfat Milk 414ml","وحدة","028000515751","17.99","karaz_product_adopted_latest","15","41","","","","","Nestle Nesquik Strawberry Lowfat Milk 414ml","مشروبات الطاقة","17.99","https://karaz.ps/shop/product/nestle-nesquik-strawberry-lowfat-milk-414ml/","https://karaz.ps/wp-content/uploads/2023/10/028000515751-small.jpg"
"karaz_barcode","Almond Breeze Almond Drink 1L","وحدة","041570113059","21.99","karaz_product_adopted_latest","7","19","","","","","Almond Breeze Almond Drink 1L","مشروبات مشتقات الحليب","21.99","https://karaz.ps/shop/product/almond-breeze-almond-drink-1l/","https://karaz.ps/wp-content/uploads/2022/12/041570113059-300x300.jpg"
"karaz_barcode","Snickers Chocolate Milk Drink 350ml","وحدة","5056357907528","12.99","karaz_product_adopted_latest","7","19","","","","","Snickers Chocolate Milk Drink 350ml","مشروبات مشتقات الحليب","12.99","https://karaz.ps/shop/product/snickers-chocolate-milk-drink-350ml/","https://karaz.ps/wp-content/uploads/2022/08/5056357907528-300x300.jpg"
"karaz_barcode","Mars Caramel Flavoured Milk Drink 350ml","وحدة","5056357907443","11.99","karaz_product_adopted_latest","7","19","","","","","Mars Caramel Flavoured Milk Drink 350ml","مشروبات مشتقات الحليب","11.99","https://karaz.ps/shop/product/mars-caramel-flavoured-milk-drink-350ml/","https://karaz.ps/wp-content/uploads/2023/05/5056357907443-300x300.jpg"
"karaz_barcode","Twix Chocolate Milk Shake Drink 350ml","وحدة","5060402908347","12.99","karaz_product_adopted_latest","7","19","","","","","Twix Chocolate Milk Shake Drink 350ml","مشروبات مشتقات الحليب","12.99","https://karaz.ps/shop/product/twix-chocolate-milk-shake-drink-350ml/","https://karaz.ps/wp-content/uploads/2023/05/5060402908347-300x300.jpg"
"karaz_barcode","Starbucks Caramel Macchiato 220ml","وحدة","5711953078774","15.99","karaz_product_adopted_latest","7","19","","","","","Starbucks Caramel Macchiato 220ml","مشروبات مشتقات الحليب","15.99","https://karaz.ps/shop/product/starbucks-caramel-macchiato-220ml/","https://karaz.ps/wp-content/uploads/2022/12/5711953078774-300x300.jpg"
"karaz_barcode","Starbucks Caffe Latte 220ml","وحدة","5711953078811","15.99","karaz_product_adopted_latest","7","19","","","","","Starbucks Caffe Latte 220ml","مشروبات مشتقات الحليب","15.99","https://karaz.ps/shop/product/starbucks-caffe-latte-220ml/","https://karaz.ps/wp-content/uploads/2022/12/5711953078811-300x300.jpg"
"karaz_barcode","Starbucks Cappuccino 220ml","وحدة","5711953078798","15.99","karaz_product_adopted_latest","7","19","","","","","Starbucks Cappuccino 220ml","مشروبات مشتقات الحليب","15.99","https://karaz.ps/shop/product/starbucks-cappuccino-220ml/","https://karaz.ps/wp-content/uploads/2022/12/5711953078798-300x300.jpg"
"karaz_barcode","Ahmad Tea Sleep (Chamomile , Honey , Lavender) 20 Bags","وحدة","054881020381","17.99","karaz_product_adopted_latest","18","48","","","","","Ahmad Tea Sleep (Chamomile , Honey , Lavender) 20 Bags","منتجات الشاي والأعشاب","17.99","https://karaz.ps/shop/product/ahmad-tea-sleep-chamomile-honey-lavender-20-bags/","https://karaz.ps/wp-content/uploads/2023/01/054881020381-300x300.jpg"
"karaz_barcode","Matcha Green Tea Powder 100g","وحدة","6715078268446","84.99","karaz_product_adopted_latest","18","48","","","","","Matcha Green Tea Powder 100g","منتجات الشاي والأعشاب","84.99","https://karaz.ps/shop/product/matcha-green-tea-powder-100g/","https://karaz.ps/wp-content/uploads/2022/10/6715078268446-300x300.jpg"
"karaz_barcode","Ahmad Tea Mixed Berries & Hibiscus x20 شاي بنكهة الكاركديه وخليط التوت البري","وحدة","054881000055","12.99","karaz_product_adopted_latest","18","48","","","","","Ahmad Tea Mixed Berries & Hibiscus x20 شاي بنكهة الكاركديه وخليط التوت البري","منتجات الشاي والأعشاب","12.99","https://karaz.ps/shop/product/ahmad-tea-mixed-berries-hibiscus-x20-%d8%b4%d8%a7%d9%8a-%d8%a8%d9%86%d9%83%d9%87%d8%a9-%d8%a7%d9%84%d9%83%d8%a7%d8%b1%d9%83%d8%af%d9%8a%d9%87-%d9%88%d8%ae%d9%84%d9%8a%d8%b7-%d8%a7%d9%84%d8%aa/","https://karaz.ps/wp-content/uploads/2022/09/054881000055-300x300.jpg"
"karaz_barcode","Ahmad Tea Jasmine Romance Green Tea x20 شاي اخضر بنكهة الياسمين","وحدة","054881005654","12.99","karaz_product_adopted_latest","18","48","","","","","Ahmad Tea Jasmine Romance Green Tea x20 شاي اخضر بنكهة الياسمين","منتجات الشاي والأعشاب","12.99","https://karaz.ps/shop/product/ahmad-tea-jasmine-romance-green-tea-x20-%d8%b4%d8%a7%d9%8a-%d8%a7%d8%ae%d8%b6%d8%b1-%d8%a8%d9%86%d9%83%d9%87%d8%a9-%d8%a7%d9%84%d9%8a%d8%a7%d8%b3%d9%85%d9%8a%d9%86/","https://karaz.ps/wp-content/uploads/2022/09/054881005654-300x300.jpg"
"karaz_barcode","Ahmad Tea Apple Refresh Black Tea x20 شاي اسود بنكهة التفاح","وحدة","054881006941","12.99","karaz_product_adopted_latest","18","48","","","","","Ahmad Tea Apple Refresh Black Tea x20 شاي اسود بنكهة التفاح","منتجات الشاي والأعشاب","12.99","https://karaz.ps/shop/product/ahmad-tea-apple-refresh-black-tea-x20-%d8%b4%d8%a7%d9%8a-%d8%a7%d8%b3%d9%88%d8%af-%d8%a8%d9%86%d9%83%d9%87%d8%a9-%d8%a7%d9%84%d8%aa%d9%81%d8%a7%d8%ad/","https://karaz.ps/wp-content/uploads/2022/09/054881006941-300x300.jpg"
"karaz_barcode","Ahmad Tea Rosehip, Hibiscus & Cherry Tea x20 شاي بنكهة الورد والكرز","وحدة","054881000031","12.99","karaz_product_adopted_latest","18","48","","","","","Ahmad Tea Rosehip, Hibiscus & Cherry Tea x20 شاي بنكهة الورد والكرز","منتجات الشاي والأعشاب","12.99","https://karaz.ps/shop/product/ahmad-tea-rosehip-hibiscus-cherry-tea-x20-%d8%b4%d8%a7%d9%8a-%d8%a8%d9%86%d9%83%d9%87%d8%a9-%d8%a7%d9%84%d9%88%d8%b1%d8%af-%d9%88%d8%a7%d9%84%d9%83%d8%b1%d8%b2/","https://karaz.ps/wp-content/uploads/2022/09/054881000031-300x300.jpg"
"karaz_barcode","Ahmad Tea Vanilla Tranquility Black Tea x20 شاي اسود بنكهة الفانيلا","وحدة","054881007115","12.99","karaz_product_adopted_latest","18","48","","","","","Ahmad Tea Vanilla Tranquility Black Tea x20 شاي اسود بنكهة الفانيلا","منتجات الشاي والأعشاب","12.99","https://karaz.ps/shop/product/ahmad-tea-vanilla-tranquility-black-tea-x20-%d8%b4%d8%a7%d9%8a-%d8%a7%d8%b3%d9%88%d8%af-%d8%a8%d9%86%d9%83%d9%87%d8%a9-%d8%a7%d9%84%d9%81%d8%a7%d9%86%d9%8a%d9%84%d8%a7/","https://karaz.ps/wp-content/uploads/2022/09/054881007115-300x300.jpg"
"karaz_barcode","Ahmad Tea Earl Grey x20 شاي اسود معطر","وحدة","054881005517","12.99","karaz_product_adopted_latest","18","48","","","","","Ahmad Tea Earl Grey x20 شاي اسود معطر","منتجات الشاي والأعشاب","12.99","https://karaz.ps/shop/product/ahmad-tea-earl-grey-x20-%d8%b4%d8%a7%d9%8a-%d8%a7%d8%b3%d9%88%d8%af-%d9%85%d8%b9%d8%b7%d8%b1/","https://karaz.ps/wp-content/uploads/2022/09/054881005517-300x300.jpg"
"karaz_barcode","SPRING ICE TEA PEACH 500ML","وحدة","7290011051525","6.99","karaz_product_adopted_latest","18","48","","","","","SPRING ICE TEA PEACH 500ML","منتجات الشاي والأعشاب","6.99","https://karaz.ps/shop/product/spring-ice-tea-peach-500ml/","https://karaz.ps/wp-content/uploads/2022/06/7290011051525-300x300.jpg"
"karaz_barcode","Ahmad Tea Green Tea 200g","وحدة","0548810047872","20.99","karaz_product_adopted_latest","18","48","","","","","Ahmad Tea Green Tea 200g","منتجات الشاي والأعشاب","20.99","https://karaz.ps/shop/product/ahmad-tea-green-tea-200g/","https://karaz.ps/wp-content/uploads/2022/06/054881004787-2-300x300.jpg"
"karaz_barcode","Ahmad Tea Twelve Teas 120g","وحدة","0548810017791","25.99","karaz_product_adopted_latest","18","48","","","","","Ahmad Tea Twelve Teas 120g","منتجات الشاي والأعشاب","25.99","https://karaz.ps/shop/product/ahmad-tea-twelve-teas-120g/","https://karaz.ps/wp-content/uploads/2022/06/054881001779-1-300x300.jpg"
"karaz_barcode","Ahmad Tea Green Tea With Mint 200g","وحدة","054881004787","20.99","karaz_product_adopted_latest","18","48","","","","","Ahmad Tea Green Tea With Mint 200g","منتجات الشاي والأعشاب","20.99","https://karaz.ps/shop/product/ahmad-tea-green-tea-with-mint-200g/","https://karaz.ps/wp-content/uploads/2022/06/054881004787-300x300.jpg"
"karaz_barcode","Twinings of London Green Tea & Ginger 40g","وحدة","070177175221","19.99","karaz_product_adopted_latest","18","48","","","","","Twinings of London Green Tea & Ginger 40g","منتجات الشاي والأعشاب","19.99","https://karaz.ps/shop/product/twinings-of-london-green-tea-ginger-40g/","https://karaz.ps/wp-content/uploads/2022/06/070177175221-300x300.jpg"
"karaz_barcode","Tora Bika No Added Sugar Cappuccino 250g","وحدة","8996001414040","25.99","karaz_product_adopted_latest","18","47","","","","","Tora Bika No Added Sugar Cappuccino 250g","منتجات القهوة والكاكاو","25.99","https://karaz.ps/shop/product/tora-bika-no-added-sugar-cappuccino-250g/","https://karaz.ps/wp-content/uploads/2022/11/8996001414040-300x300.jpg"
"karaz_barcode","Nescafe قهوة 200g Taster’s Choice – Barista","وحدة","8801055707966","42.99","karaz_product_adopted_latest","18","47","","","","","Nescafe قهوة 200g Taster’s Choice – Barista","منتجات القهوة والكاكاو","42.99","https://karaz.ps/shop/product/nescafe-%d9%82%d9%87%d9%88%d8%a9-200g-tasters-choice-barista/","https://karaz.ps/wp-content/uploads/2022/06/8801055707966-300x300.jpg"
"karaz_barcode","Jacobs قهوة Gold 200g","وحدة","8714599513781","31.99","karaz_product_adopted_latest","18","47","","","","","Jacobs قهوة Gold 200g","منتجات القهوة والكاكاو","31.99","https://karaz.ps/shop/product/jacobs-%d9%82%d9%87%d9%88%d8%a9-gold-200g/","https://karaz.ps/wp-content/uploads/2023/06/8714599513781-300x300.jpg"
"karaz_barcode","Nescafe قهوة 200g Taster’s Choice – Decaf","وحدة","7290000072777","42.99","karaz_product_adopted_latest","18","47","","","","","Nescafe قهوة 200g Taster’s Choice – Decaf","منتجات القهوة والكاكاو","42.99","https://karaz.ps/shop/product/nescafe-%d9%82%d9%87%d9%88%d8%a9-200g-tasters-choice-decaf/","https://karaz.ps/wp-content/uploads/2022/06/7290000072777-300x300.jpg"
"karaz_barcode","Nescafe 3 in 1 Classic قهوة مبيضة و محلاه سريعة الذوبان 24*20g","وحدة","6294003562083","20.99","karaz_product_adopted_latest","7","22","","","","","Nescafe 3 in 1 Classic قهوة مبيضة و محلاه سريعة الذوبان 24*20g","منتجات القهوة والكاكاو","20.99","https://karaz.ps/shop/product/nescafe-3-in-1-classic-%d9%82%d9%87%d9%88%d8%a9-%d9%85%d8%a8%d9%8a%d8%b6%d8%a9-%d9%88-%d9%85%d8%ad%d9%84%d8%a7%d9%87-%d8%b3%d8%b1%d9%8a%d8%b9%d8%a9-%d8%a7%d9%84%d8%b0%d9%88%d8%a8%d8%a7%d9%86-2420g/","https://karaz.ps/wp-content/uploads/2022/06/6294003562083-300x300.jpg"
"karaz_barcode","Torabika Cappuccino كابتشينو تورا بيكا (20 وجبة)","وحدة","8996001414019","17.99","karaz_product_adopted_latest","18","47","","","","","Torabika Cappuccino كابتشينو تورا بيكا (20 وجبة)","منتجات القهوة والكاكاو","17.99","https://karaz.ps/shop/product/tora-bika-cappuccino-%d9%83%d8%a7%d8%a8%d8%aa%d8%b4%d9%8a%d9%86%d9%88-%d8%aa%d9%88%d8%b1%d8%a7-%d8%a8%d9%8a%d9%83%d8%a7-20-%d9%88%d8%ac%d8%a8%d8%a9/","https://karaz.ps/wp-content/uploads/2022/06/8996001414019-300x300.jpg"
"karaz_barcode","Mori-nu Silken Tofu Firm توفو جبنة فول الصويا 349g","وحدة","085696607207","17.99","karaz_product_adopted_latest","5","15","","","","","Mori-nu Silken Tofu Firm توفو جبنة فول الصويا 349g","المشرحات و الألبان و الأجبان","17.99","https://karaz.ps/shop/product/mori-nu-silken-tofu-firm-%d8%aa%d9%88%d9%81%d9%88-%d8%ac%d8%a8%d9%86%d8%a9-%d9%81%d9%88%d9%84-%d8%a7%d9%84%d8%b5%d9%88%d9%8a%d8%a7-349g-2/","https://karaz.ps/wp-content/uploads/2024/06/085696607207-300x300.jpg"
"karaz_barcode","Alpro Unsweetened Soya Drink 1l","وحدة","5411188543398","17.99","karaz_product_adopted_latest","5","15","","","","","Alpro Unsweetened Soya Drink 1l","المشرحات و الألبان و الأجبان","17.99","https://karaz.ps/shop/product/alpro-unsweetened-soya-drink-1l/","https://karaz.ps/wp-content/uploads/2022/11/5411188543398-300x300.jpg"
"karaz_barcode","Alpro Almond Drink Original 1l","وحدة","5411188110835","17.99","karaz_product_adopted_latest","5","15","","","","","Alpro Almond Drink Original 1l","المشرحات و الألبان و الأجبان","17.99","https://karaz.ps/shop/product/alpro-almond-drink-original-1l/","https://karaz.ps/wp-content/uploads/2022/11/5411188110835-300x300.jpg"
"karaz_barcode","Alpro Soya Drink Vanilla – 1l","وحدة","5411188081852","17.99","karaz_product_adopted_latest","5","15","","","","","Alpro Soya Drink Vanilla – 1l","المشرحات و الألبان و الأجبان","17.99","https://karaz.ps/shop/product/alpro-soya-drink-vanilla-1l/","https://karaz.ps/wp-content/uploads/2022/11/5411188081852-300x300.jpg"
"karaz_barcode","American Heritage Singles Cheese Slices 226g","وحدة","071505018838","19.99","karaz_product_adopted_latest","5","15","","","","","American Heritage Singles Cheese Slices 226g","المشرحات و الألبان و الأجبان","19.99","https://karaz.ps/shop/product/heritage-singles-american-cheese-slices-226g/","https://karaz.ps/wp-content/uploads/2022/10/071505018838-300x300.jpg"
"karaz_barcode","FRUTTIS BANANA SPLIT – PINACOLADA 8% 115g","وحدة","4605627007485","3.5","karaz_product_adopted_latest","5","15","","","","","FRUTTIS BANANA SPLIT – PINACOLADA 8% 115g","المشرحات و الألبان و الأجبان","3.5","https://karaz.ps/shop/product/fruttis-banana-split-pinacolada-8-115g/","https://karaz.ps/wp-content/uploads/2022/10/4605627007485-300x300.jpg"
"karaz_barcode","CAMPINA YOGOURT STRAWBERRY 180 G","وحدة","4605627006747","8.99","karaz_product_adopted_latest","5","15","","","","","CAMPINA YOGOURT STRAWBERRY 180 G","المشرحات و الألبان و الأجبان","8.99","https://karaz.ps/shop/product/campina-yogourt-strawberry-180-g/","https://karaz.ps/wp-content/uploads/2022/10/4605627006747-300x300.jpg"
"karaz_barcode","Greek Kashkaval Cheese جبنة قشقوان يوناني","وحدة","00483","40","karaz_product_adopted_latest","5","15","","","","","Greek Kashkaval Cheese جبنة قشقوان يوناني","المشرحات و الألبان و الأجبان","40","https://karaz.ps/shop/product/greek-kashkaval-cheese-%d8%ac%d8%a8%d9%86%d8%a9-%d9%82%d8%b4%d9%82%d9%88%d8%a7%d9%86-%d9%8a%d9%88%d9%86%d8%a7%d9%86%d9%8a/","https://karaz.ps/wp-content/uploads/2022/10/00483-300x300.jpg"
"karaz_barcode","American Heritage Shredded Mozarella Cheese 200g","وحدة","071505018821","25.99","karaz_product_adopted_latest","5","15","","","","","American Heritage Shredded Mozarella Cheese 200g","المشرحات و الألبان و الأجبان","25.99","https://karaz.ps/shop/product/american-heritage-shredded-mozarella-cheese-200g/","https://karaz.ps/wp-content/uploads/2022/08/071505018821-300x300.jpg"
"karaz_barcode","President Unsalted French Butter 200g زبدة حليب غير مملحة","وحدة","3228022910023","16.5","karaz_product_adopted_latest","5","15","","","","","President Unsalted French Butter 200g زبدة حليب غير مملحة","المشرحات و الألبان و الأجبان","16.5","https://karaz.ps/shop/product/president-unsalted-french-butter-200g-%d8%b2%d8%a8%d8%af%d8%a9-%d8%ad%d9%84%d9%8a%d8%a8-%d8%ba%d9%8a%d8%b1-%d9%85%d9%85%d9%84%d8%ad%d8%a9/","https://karaz.ps/wp-content/uploads/2022/08/3228022910023-300x300.jpg"
"karaz_barcode","Islamyeh Chicken Sausage نقانق دجاج الاسلامية 400g – عادي","وحدة","6253341030043","8.99","karaz_product_adopted_latest","5","15","","","","","Islamyeh Chicken Sausage نقانق دجاج الاسلامية 400g – عادي","المشرحات واللحوم الباردة","8.99","https://karaz.ps/shop/product/islamyeh-chicken-sausage-%d9%86%d9%82%d8%a7%d9%86%d9%82-%d8%af%d8%ac%d8%a7%d8%ac-%d8%a7%d9%84%d8%a7%d8%b3%d9%84%d8%a7%d9%85%d9%8a%d8%a9-400g-%d8%b9%d8%a7%d8%af%d9%8a/","https://karaz.ps/wp-content/uploads/2022/07/6253341030043-300x300.jpg"
"karaz_barcode","Hod Medan Pepper Roast Beef  روست بيف فلفل هود معدان","وحدة","00017","28","karaz_product_adopted_latest","5","15","","","","","Hod Medan Pepper Roast Beef  روست بيف فلفل هود معدان","المشرحات واللحوم الباردة","28","https://karaz.ps/shop/product/hod-medan-pepper-roast-beef-%d8%b1%d9%88%d8%b3%d8%aa-%d8%a8%d9%8a%d9%81-%d9%81%d9%84%d9%81%d9%84-%d9%87%d9%88%d8%af-%d9%85%d8%b9%d8%af%d8%a7%d9%86/","https://karaz.ps/wp-content/uploads/2022/06/00017-300x300.jpg"
"karaz_barcode","Zoglobek Salami Tea سلامي تي زغلوبك","وحدة","","16","karaz_product_adopted_latest","5","15","","","","","Zoglobek Salami Tea سلامي تي زغلوبك","المشرحات واللحوم الباردة","16","https://karaz.ps/shop/product/zoglobek-salami-tea-%d8%b3%d9%84%d8%a7%d9%85%d9%8a-%d8%aa%d9%8a-%d8%b2%d8%ba%d9%84%d9%88%d8%a8%d9%83/","https://karaz.ps/wp-content/uploads/2022/06/zo-salami-300x300.jpg"
"karaz_barcode","Hod Medan Smoked Turkey حبش مدخن هود معدان","وحدة","000116","20","karaz_product_adopted_latest","5","15","","","","","Hod Medan Smoked Turkey حبش مدخن هود معدان","المشرحات واللحوم الباردة","20","https://karaz.ps/shop/product/hod-medan-smoked-turkey-%d8%ad%d8%a8%d8%b4-%d9%85%d8%af%d8%ae%d9%86-%d9%87%d9%88%d8%af-%d9%85%d8%b9%d8%af%d8%a7%d9%86/","https://karaz.ps/wp-content/uploads/2022/06/00011-6-300x300.jpg"
"karaz_barcode","Hod Medan Plain Roast Beef روست بيف سادو هود معدان","وحدة","000183","28","karaz_product_adopted_latest","5","15","","","","","Hod Medan Plain Roast Beef روست بيف سادو هود معدان","المشرحات واللحوم الباردة","28","https://karaz.ps/shop/product/hod-medan-plain-roast-beef-%d8%b1%d9%88%d8%b3%d8%aa-%d8%a8%d9%8a%d9%81-%d8%b3%d8%a7%d8%af%d9%88-%d9%87%d9%88%d8%af-%d9%85%d8%b9%d8%af%d8%a7%d9%86/","https://karaz.ps/wp-content/uploads/2022/06/00018-3-300x300.jpg"
"karaz_barcode","Hod Medan BBQ Turkey حبش مشووي هود معدان","وحدة","000103","20","karaz_product_adopted_latest","5","15","","","","","Hod Medan BBQ Turkey حبش مشووي هود معدان","المشرحات واللحوم الباردة","20","https://karaz.ps/shop/product/hod-medan-bbq-turkey-%d8%ad%d8%a8%d8%b4-%d9%85%d8%b4%d9%88%d9%88%d9%8a-%d9%87%d9%88%d8%af-%d9%85%d8%b9%d8%af%d8%a7%d9%86/","https://karaz.ps/wp-content/uploads/2022/06/00010-3-300x300.jpg"
"karaz_barcode","Zoglobek Mortadella Plain مرتديلا سادة زغلوبك","وحدة","","10","karaz_product_adopted_latest","5","15","","","","","Zoglobek Mortadella Plain مرتديلا سادة زغلوبك","المشرحات واللحوم الباردة","10","https://karaz.ps/shop/product/zoglobek-mortadella-plain-%d9%85%d8%b1%d8%aa%d8%af%d9%8a%d9%84%d8%a7-%d8%b3%d8%a7%d8%af%d8%a9-%d8%b2%d8%ba%d9%84%d9%88%d8%a8%d9%83/","https://karaz.ps/wp-content/uploads/2022/06/zo-plain-300x300.jpg"
"karaz_barcode","Zoglobek Mortadella Olives مرتديلا زيتون زغلوبك","وحدة","","10","karaz_product_adopted_latest","5","15","","","","","Zoglobek Mortadella Olives مرتديلا زيتون زغلوبك","المشرحات واللحوم الباردة","10","https://karaz.ps/shop/product/zoglobek-mortadella-olives-%d9%85%d8%b1%d8%aa%d8%af%d9%8a%d9%84%d8%a7-%d8%b2%d9%8a%d8%aa%d9%88%d9%86-%d8%b2%d8%ba%d9%84%d9%88%d8%a8%d9%83/","https://karaz.ps/wp-content/uploads/2022/06/zo-olive-300x300.jpg"
"karaz_barcode","Siniora BBQ Turkey صدر حبش مشوي سنيورة","وحدة","000115","18","karaz_product_adopted_latest","5","15","","","","","Siniora BBQ Turkey صدر حبش مشوي سنيورة","المشرحات واللحوم الباردة","18","https://karaz.ps/shop/product/siniora-bbq-turkey-%d8%b5%d8%af%d8%b1-%d8%ad%d8%a8%d8%b4-%d9%85%d8%b4%d9%88%d9%8a-%d8%b3%d9%86%d9%8a%d9%88%d8%b1%d8%a9/","https://karaz.ps/wp-content/uploads/2022/06/00011-5-300x300.jpg"
"karaz_barcode","Siniora Pepper Roast Beef كتف عجل مبهر سنيورة","وحدة","000181","25","karaz_product_adopted_latest","5","15","","","","","Siniora Pepper Roast Beef كتف عجل مبهر سنيورة","المشرحات واللحوم الباردة","25","https://karaz.ps/shop/product/siniora-pepper-roast-beef-%d9%83%d8%aa%d9%81-%d8%b9%d8%ac%d9%84-%d9%85%d8%a8%d9%87%d8%b1-%d8%b3%d9%86%d9%8a%d9%88%d8%b1%d8%a9/","https://karaz.ps/wp-content/uploads/2022/06/00018-1-300x300.jpg"
"karaz_barcode","Siniora Mortadella Olives مرتديلا زيتون سنيورة","وحدة","","5","karaz_product_adopted_latest","5","15","","","","","Siniora Mortadella Olives مرتديلا زيتون سنيورة","المشرحات واللحوم الباردة","5","https://karaz.ps/shop/product/siniora-mortadella-olives-%d9%85%d8%b1%d8%aa%d8%af%d9%8a%d9%84%d8%a7-%d8%b2%d9%8a%d8%aa%d9%88%d9%86-%d8%b3%d9%86%d9%8a%d9%88%d8%b1%d8%a9/","https://karaz.ps/wp-content/uploads/2022/06/saniorah-oliv-300x300.jpg"
"karaz_barcode","Siniora Mortadella Plain مرتديلا سادة سنيورة","وحدة","","5","karaz_product_adopted_latest","5","15","","","","","Siniora Mortadella Plain مرتديلا سادة سنيورة","المشرحات واللحوم الباردة","5","https://karaz.ps/shop/product/siniora-mortadella-plain-%d9%85%d8%b1%d8%aa%d8%af%d9%8a%d9%84%d8%a7-%d8%b3%d8%a7%d8%af%d8%a9-%d8%b3%d9%86%d9%8a%d9%88%d8%b1%d8%a9/","https://karaz.ps/wp-content/uploads/2022/06/saniora-plaine-300x300.jpg"
"karaz_barcode","Siniora Italian Salami سلامي ايطالي سنيورة","وحدة","","13","karaz_product_adopted_latest","5","15","","","","","Siniora Italian Salami سلامي ايطالي سنيورة","المشرحات واللحوم الباردة","13","https://karaz.ps/shop/product/siniora-italian-salami-%d8%b3%d9%84%d8%a7%d9%85%d9%8a-%d8%a7%d9%8a%d8%b7%d8%a7%d9%84%d9%8a-%d8%b3%d9%86%d9%8a%d9%88%d8%b1%d8%a9/","https://karaz.ps/wp-content/uploads/2022/06/salami-zug-300x300.jpg"
"karaz_barcode","Baladi White Cheese جبنة بيضاء بلدية","وحدة","","24.99","karaz_product_adopted_latest","5","15","","","","","Baladi White Cheese جبنة بيضاء بلدية","المشرحات واللحوم الباردة","24.99","https://karaz.ps/shop/product/baladi-white-cheese-%d8%ac%d8%a8%d9%86%d8%a9-%d8%a8%d9%8a%d8%b6%d8%a7%d8%a1-%d8%a8%d9%84%d8%af%d9%8a%d8%a9/","https://karaz.ps/wp-content/uploads/2022/06/white-cheess-300x300.jpg"
"karaz_barcode","Tirat Zvi Salami 400g","وحدة","7290000364131","15.99","karaz_product_adopted_latest","5","15","","","","","Tirat Zvi Salami 400g","المشرحات واللحوم الباردة","15.99","https://karaz.ps/shop/product/tirat-zvi-salami-400g/","https://karaz.ps/wp-content/uploads/2022/11/7290000364131-300x300.jpg"
"karaz_barcode","Tirat Zvi Pastrama 400g","وحدة","7290000913551","15.99","karaz_product_adopted_latest","5","15","","","","","Tirat Zvi Pastrama 400g","المشرحات واللحوم الباردة","15.99","https://karaz.ps/shop/product/tirat-zvi-pastrama-400g/","https://karaz.ps/wp-content/uploads/2022/11/7290000913551-300x300.jpg"
"karaz_barcode","Tirat Zvi Mini Chicken Sausages 700g","وحدة","7290000364957","21.99","karaz_product_adopted_latest","5","15","","","","","Tirat Zvi Mini Chicken Sausages 700g","المشرحات واللحوم الباردة","21.99","https://karaz.ps/shop/product/mini-chicken-sausages-700g/","https://karaz.ps/wp-content/uploads/2022/11/7290000364957-300x300.jpg"
"karaz_barcode","Aeolikos Greek Feta Cheese جبنة فيتا 200g","وحدة","7290002408376","23.99","karaz_product_adopted_latest","7","20","","","","","Aeolikos Greek Feta Cheese جبنة فيتا 200g","الأجبان","23.99","https://karaz.ps/shop/product/aeolikos-greek-feta-cheese-%d8%ac%d8%a8%d9%86%d8%a9-%d9%81%d9%8a%d8%aa%d8%a7-200g/","https://karaz.ps/wp-content/uploads/2022/07/7290002408376-300x300.jpg"
"karaz_barcode","Sterilgarda Ricotta Cheese جبنة ريكوتا 500g","وحدة","8002795002742","31.99","karaz_product_adopted_latest","7","20","","","","","Sterilgarda Ricotta Cheese جبنة ريكوتا 500g","الأجبان","31.99","https://karaz.ps/shop/product/sterilgarda-ricotta-cheese-%d8%ac%d8%a8%d9%86%d8%a9-%d8%b1%d9%8a%d9%83%d9%88%d8%aa%d8%a7-500g/","https://karaz.ps/wp-content/uploads/2022/07/8002795002742-300x300.jpg"
"karaz_barcode","Sterilgarda Mascarpone Cheese جبنة مسكربوني 200g","وحدة","8002795002469","16.99","karaz_product_adopted_latest","7","20","","","","","Sterilgarda Mascarpone Cheese جبنة مسكربوني 200g","الأجبان","16.99","https://karaz.ps/shop/product/sterilgarda-mascarpone-cheese-%d8%ac%d8%a8%d9%86%d8%a9-%d9%85%d8%b3%d9%83%d8%b1%d8%a8%d9%88%d9%86%d9%8a-200g/","https://karaz.ps/wp-content/uploads/2022/07/8002795002469-300x300.jpg"
"karaz_barcode","SCHREIBER CREAM CHEESE 1.36 G","وحدة","071505022415","69.99","karaz_product_adopted_latest","7","20","","","","","SCHREIBER CREAM CHEESE 1.36 G","الأجبان","69.99","https://karaz.ps/shop/product/schreiber-cream-cheese-1-36-g/","https://karaz.ps/wp-content/uploads/2022/07/071505022415-300x300.jpg"
"karaz_barcode","Heritage Smooth And Creamy Cream Cheese جبنة قابلة للدهن 226g","وحدة","071505018746","17.99","karaz_product_adopted_latest","7","20","","","","","Heritage Smooth And Creamy Cream Cheese جبنة قابلة للدهن 226g","الأجبان","17.99","https://karaz.ps/shop/product/heritage-smooth-and-creamy-cream-cheese-%d8%ac%d8%a8%d9%86%d8%a9-%d9%82%d8%a7%d8%a8%d9%84%d8%a9-%d9%84%d9%84%d8%af%d9%87%d9%86-226g/","https://karaz.ps/wp-content/uploads/2022/07/071505018746-300x300.jpg"
"karaz_barcode","Kroon Smoked Cheese جبنة مدخنة","وحدة","","25","karaz_product_adopted_latest","7","20","","","","","Kroon Smoked Cheese جبنة مدخنة","الأجبان","25","https://karaz.ps/shop/product/kroon-smoked-cheese-%d8%ac%d8%a8%d9%86%d8%a9-%d9%85%d8%af%d8%ae%d9%86%d8%a9/","https://karaz.ps/wp-content/uploads/2022/06/smooked-300x300.jpg"
"karaz_barcode","Euro Cheese Edam جبنة ايدام","وحدة","","22","karaz_product_adopted_latest","7","20","","","","","Euro Cheese Edam جبنة ايدام","الأجبان","22","https://karaz.ps/shop/product/euro-cheese-edam-%d8%ac%d8%a8%d9%86%d8%a9-%d8%a7%d9%8a%d8%af%d8%a7%d9%85/","https://karaz.ps/wp-content/uploads/2022/06/edam-300x300.jpg"
"karaz_barcode","Alpro Soya Drink Original – 1l","وحدة","5411188115472","17.99","karaz_product_adopted_latest","7","19","","","","","Alpro Soya Drink Original – 1l","الحليب","17.99","https://karaz.ps/shop/product/alpro-%d8%ad%d9%84%d9%8a%d8%a8-%d8%b5%d9%88%d9%8a%d8%a7-%d8%b7%d8%a8%d9%8a%d8%b9%d9%8a-1l/","https://karaz.ps/wp-content/uploads/2022/11/5411188115472-300x300.jpg"
"karaz_barcode","Alpro Ote Drink حليب الشوفان 1L","وحدة","5411188115366","17.99","karaz_product_adopted_latest","7","19","","","","","Alpro Ote Drink حليب الشوفان 1L","الحليب","17.99","https://karaz.ps/shop/product/alpro-ote-drink-%d8%ad%d9%84%d9%8a%d8%a8-%d8%a7%d9%84%d8%b4%d9%88%d9%81%d8%a7%d9%86-1l/","https://karaz.ps/wp-content/uploads/2022/06/5411188115366-300x300.jpg"
"karaz_barcode","alpro حليب صويا باللوز خالي من السكر والملح 1L","وحدة","5411188112709","17.99","karaz_product_adopted_latest","7","19","","","","","alpro حليب صويا باللوز خالي من السكر والملح 1L","الحليب","17.99","https://karaz.ps/shop/product/alpro-%d8%ad%d9%84%d9%8a%d8%a8-%d8%b5%d9%88%d9%8a%d8%a7-%d8%a8%d8%a7%d9%84%d9%84%d9%88%d8%b2-%d8%ae%d8%a7%d9%84%d9%8a-%d9%85%d9%86-%d8%a7%d9%84%d8%b3%d9%83%d8%b1-%d9%88%d8%a7%d9%84%d9%85%d9%84%d8%ad-1/","https://karaz.ps/wp-content/uploads/2022/06/5411188112709-300x300.jpg"
"karaz_barcode","Candia Milk Long Life حليب طويل الأمد 1L – قليل الدسم","وحدة","6253806090094","6.99","karaz_product_adopted_latest","7","19","","","","","Candia Milk Long Life حليب طويل الأمد 1L – قليل الدسم","الحليب","6.99","https://karaz.ps/shop/product/candia-milk-long-life-%d8%ad%d9%84%d9%8a%d8%a8-%d8%b7%d9%88%d9%8a%d9%84-%d8%a7%d9%84%d8%a3%d9%85%d8%af-1l-%d9%82%d9%84%d9%8a%d9%84-%d8%a7%d9%84%d8%af%d8%b3%d9%85/","https://karaz.ps/wp-content/uploads/2022/06/6253806090094-300x300.jpg"
"karaz_barcode","Candia Milk Long Life حليب طويل الأمد 1L – منزوع الدسم","وحدة","6253806090100","6.99","karaz_product_adopted_latest","7","19","","","","","Candia Milk Long Life حليب طويل الأمد 1L – منزوع الدسم","الحليب","6.99","https://karaz.ps/shop/product/candia-milk-long-life-%d8%ad%d9%84%d9%8a%d8%a8-%d8%b7%d9%88%d9%8a%d9%84-%d8%a7%d9%84%d8%a3%d9%85%d8%af-1l-%d9%85%d9%86%d8%b2%d9%88%d8%b9-%d8%a7%d9%84%d8%af%d8%b3%d9%85/","https://karaz.ps/wp-content/uploads/2022/06/6253806090100-300x300.jpg"
"karaz_barcode","Blue Diamond Barista Blend Almond Milk 1l","وحدة","041570120699","21.99","karaz_product_adopted_latest","7","19","","","","","Blue Diamond Barista Blend Almond Milk 1l","الحليب","21.99","https://karaz.ps/shop/product/blue-diamond-barista-blend-almond-milk-1l/","https://karaz.ps/wp-content/uploads/2023/04/041570120699-300x300.jpg"
"karaz_barcode","Alpro Soya Vanilla Drink 250ml","وحدة","5411188136910","6.99","karaz_product_adopted_latest","7","19","","","","","Alpro Soya Vanilla Drink 250ml","الحليب","6.99","https://karaz.ps/shop/product/alpro-soya-vanilla-drink-250ml/","https://karaz.ps/wp-content/uploads/2022/11/5411188136910-300x300.jpg"
"karaz_barcode","Alpro Coconut Drink 1L","وحدة","5411188116592","17.99","karaz_product_adopted_latest","7","19","","","","","Alpro Coconut Drink 1L","الحليب","17.99","https://karaz.ps/shop/product/alpro-coconut-drink-1l/","https://karaz.ps/wp-content/uploads/2022/11/5411188116592-300x300.jpg"
"karaz_barcode","Alpro Coconut Drink Unsweetened 1L","وحدة","5411188128311","17.99","karaz_product_adopted_latest","7","19","","","","","Alpro Coconut Drink Unsweetened 1L","الحليب","17.99","https://karaz.ps/shop/product/alpro-coconut-drink-unsweetened-1l/","https://karaz.ps/wp-content/uploads/2022/11/5411188128311-300x300.jpg"
"karaz_barcode","Alpro Almond Unroasted Unsweetened 1L","وحدة","5411188122661","17.99","karaz_product_adopted_latest","7","19","","","","","Alpro Almond Unroasted Unsweetened 1L","الحليب","17.99","https://karaz.ps/shop/product/alpro-almond-unroasted-unsweetened-1l/","https://karaz.ps/wp-content/uploads/2022/11/5411188122661-300x300.jpg"
"karaz_barcode","Alpro Almond Milk 250ml","وحدة","5411188122586","7.99","karaz_product_adopted_latest","7","19","","","","","Alpro Almond Milk 250ml","الحليب","7.99","https://karaz.ps/shop/product/alpro-almond-milk-250ml/","https://karaz.ps/wp-content/uploads/2022/11/5411188122586-300x300.jpg"
"karaz_barcode","Blue Diamond Almond Breeze حليب اللوز 1L – غير محلى","وحدة","041570113066","21.99","karaz_product_adopted_latest","7","19","","","","","Blue Diamond Almond Breeze حليب اللوز 1L – غير محلى","الحليب","21.99","https://karaz.ps/shop/product/blue-diamond-almond-breeze-%d8%ad%d9%84%d9%8a%d8%a8-%d8%a7%d9%84%d9%84%d9%88%d8%b2-1l-%d8%ba%d9%8a%d8%b1-%d9%85%d8%ad%d9%84%d9%89/","https://karaz.ps/wp-content/uploads/2022/10/041570113066-300x300.jpg"
"karaz_barcode","Oatly Organic Oat Drink 1L","وحدة","73943761233372","21.99","karaz_product_adopted_latest","7","19","","","","","Oatly Organic Oat Drink 1L","الحليب","21.99","https://karaz.ps/shop/product/oatly-organic-oat-drink-1l/","https://karaz.ps/wp-content/uploads/2022/08/7394376123337-2-300x300.jpg"
"karaz_barcode","Oatly Oat Drink Chocolate 1L","وحدة","7394376615832","21.99","karaz_product_adopted_latest","7","19","","","","","Oatly Oat Drink Chocolate 1L","الحليب","21.99","https://karaz.ps/shop/product/oatly-oat-drink-chocolate-1l/","https://karaz.ps/wp-content/uploads/2022/08/7394376615832-300x300.jpg"
"karaz_barcode","لبنة المشروع Almashrou Labaneh","وحدة","","21.99","karaz_product_adopted_latest","7","19","","","","","لبنة المشروع Almashrou Labaneh","الألبان","21.99","https://karaz.ps/shop/product/%d9%84%d8%a8%d9%86%d8%a9-%d8%a7%d9%84%d9%85%d8%b4%d8%b1%d9%88%d8%b9-almashrou-labaneh/","https://karaz.ps/wp-content/uploads/2022/06/uyguyguyb-300x300.jpg"
"karaz_barcode","لبنة المشروع Almashrou Labaneh – 200 غرام","وحدة","6253505360276","5.5","karaz_product_adopted_latest","7","19","","","","","لبنة المشروع Almashrou Labaneh – 200 غرام","الألبان","5.5","https://karaz.ps/shop/product/%d9%84%d8%a8%d9%86%d8%a9-%d8%a7%d9%84%d9%85%d8%b4%d8%b1%d9%88%d8%b9-almashrou-labaneh-200-%d8%ba%d8%b1%d8%a7%d9%85/","https://karaz.ps/wp-content/uploads/2022/06/6253505360276-300x300.jpg"
"karaz_barcode","لبنة المشروع Almashrou Labaneh – 450 غرام","وحدة","6253505360115","13.99","karaz_product_adopted_latest","7","19","","","","","لبنة المشروع Almashrou Labaneh – 450 غرام","الألبان","13.99","https://karaz.ps/shop/product/%d9%84%d8%a8%d9%86%d8%a9-%d8%a7%d9%84%d9%85%d8%b4%d8%b1%d9%88%d8%b9-almashrou-labaneh-450-%d8%ba%d8%b1%d8%a7%d9%85/","https://karaz.ps/wp-content/uploads/2022/06/6253505360115-300x300.jpg"
"karaz_barcode","PINAR YOGOURT DRINK 325 ML","وحدة","6253804870230","3.5","karaz_product_adopted_latest","7","19","","","","","PINAR YOGOURT DRINK 325 ML","الألبان","3.5","https://karaz.ps/shop/product/pinar-yogourt-drink-325-ml/","https://karaz.ps/wp-content/uploads/2022/06/6253804870230-300x300.jpg"
"karaz_barcode","PINAR FRESH UP 1 L","وحدة","6253804870247","9.99","karaz_product_adopted_latest","7","19","","","","","PINAR FRESH UP 1 L","الألبان","9.99","https://karaz.ps/shop/product/pinar-fresh-up-1-l/","https://karaz.ps/wp-content/uploads/2022/06/6253804870247-300x300.jpg"
"karaz_barcode","Pinar Labaneh لبنة البينار – 400 غرام","وحدة","7290011257033","12.99","karaz_product_adopted_latest","7","19","","","","","Pinar Labaneh لبنة البينار – 400 غرام","الألبان","12.99","https://karaz.ps/shop/product/pinar-labaneh-%d9%84%d8%a8%d9%86%d8%a9-%d8%a7%d9%84%d8%a8%d9%8a%d9%86%d8%a7%d8%b1-400-%d8%ba%d8%b1%d8%a7%d9%85/","https://karaz.ps/wp-content/uploads/2022/06/7290011257033-300x300.jpg"
"karaz_barcode","Almarai Natural Butter 200g","وحدة","6281007033176","13.99","karaz_product_adopted_latest","4","12","","","","","Almarai Natural Butter 200g","الزبدة","13.99","https://karaz.ps/shop/product/almarai-natural-butter-200g/","https://karaz.ps/wp-content/uploads/2023/05/6281007033176-300x300.jpg"
"karaz_barcode","Eggs Carton بيض كرتون – 12 بيضة","وحدة","12","10.99","karaz_product_adopted_latest","7","22","","","","","Eggs Carton بيض كرتون – 12 بيضة","البيض","10.99","https://karaz.ps/shop/product/eggs-carton-%d8%a8%d9%8a%d8%b6-%d9%83%d8%b1%d8%aa%d9%88%d9%86-12-%d8%a8%d9%8a%d8%b6%d8%a9/","https://karaz.ps/wp-content/uploads/2022/06/eggs-12-pcs-300x300.jpg"
"karaz_barcode","Eggs Carton بيض كرتون – 30 بيضة","وحدة","30","22.99","karaz_product_adopted_latest","7","22","","","","","Eggs Carton بيض كرتون – 30 بيضة","البيض","22.99","https://karaz.ps/shop/product/eggs-carton-%d8%a8%d9%8a%d8%b6-%d9%83%d8%b1%d8%aa%d9%88%d9%86-30-%d8%a8%d9%8a%d8%b6%d8%a9/","https://karaz.ps/wp-content/uploads/2022/06/eggs-30pcs-300x300.jpg"
"karaz_barcode","Alpro Chocolate Dessert 500g","وحدة","5411188128137","15.99","karaz_product_adopted_latest","14","36","","","","","Alpro Chocolate Dessert 500g","المحليات الباردة","15.99","https://karaz.ps/shop/product/alpro-chocolate-dessert-500g/","https://karaz.ps/wp-content/uploads/2022/07/5411188128137-300x300.jpg"
"karaz_barcode","Alpro Vanilla Dessert 500g","وحدة","5411188128113","15.99","karaz_product_adopted_latest","26","68","","","","","Alpro Vanilla Dessert 500g","المحليات الباردة","15.99","https://karaz.ps/shop/product/alpro-vanilla-dessert-500g/","https://karaz.ps/wp-content/uploads/2022/07/5411188128113-300x300.jpg"
"karaz_barcode","Tnuva Karlo بودينج كارلو شوكولاتة تنوفا 125g","وحدة","7290004120382","2.99","karaz_product_adopted_latest","14","36","","","","","Tnuva Karlo بودينج كارلو شوكولاتة تنوفا 125g","المحليات الباردة","2.99","https://karaz.ps/shop/product/tnuva-karlo-%d8%a8%d9%88%d8%af%d9%8a%d9%86%d8%ac-%d9%83%d8%a7%d8%b1%d9%84%d9%88-%d8%b4%d9%88%d9%83%d9%88%d9%84%d8%a7%d8%aa%d8%a9-%d8%aa%d9%86%d9%88%d9%81%d8%a7-125g/","https://karaz.ps/wp-content/uploads/2022/06/7290004120382-300x300.jpg"
"karaz_barcode","Strauss Pro Yogurt لبن بروتين 200ml – نكهة الفانيلا","وحدة","7290112330352","7.99","karaz_product_adopted_latest","7","21","","","","","Strauss Pro Yogurt لبن بروتين 200ml – نكهة الفانيلا","المحليات الباردة","7.99","https://karaz.ps/shop/product/strauss-pro-yogurt-%d9%84%d8%a8%d9%86-%d8%a8%d8%b1%d9%88%d8%aa%d9%8a%d9%86-200ml-%d9%86%d9%83%d9%87%d8%a9-%d8%a7%d9%84%d9%81%d8%a7%d9%86%d9%8a%d9%84%d8%a7/","https://karaz.ps/wp-content/uploads/2022/06/7290112330352-300x300.jpg"
"karaz_barcode","Campina Fruttis 5% Strawberry 290g","وحدة","4605627006600","9.99","karaz_product_adopted_latest","26","68","","","","","Campina Fruttis 5% Strawberry 290g","المحليات الباردة","9.99","https://karaz.ps/shop/product/campina-fruttis-5-strawberry-290g/","https://karaz.ps/wp-content/uploads/2022/06/4605627006600-300x300.jpg"
"karaz_barcode","Strauss Pro Yogurt لبن بروتين 200ml – نكهة توت العليق","وحدة","7290112330390","7.99","karaz_product_adopted_latest","7","21","","","","","Strauss Pro Yogurt لبن بروتين 200ml – نكهة توت العليق","المحليات الباردة","7.99","https://karaz.ps/shop/product/strauss-pro-yogurt-%d9%84%d8%a8%d9%86-%d8%a8%d8%b1%d9%88%d8%aa%d9%8a%d9%86-200ml-%d9%86%d9%83%d9%87%d8%a9-%d8%aa%d9%88%d8%aa-%d8%a7%d9%84%d8%b9%d9%84%d9%8a%d9%82/","https://karaz.ps/wp-content/uploads/2022/06/7290112330390-300x300.jpg"
"karaz_barcode","Strauss Pro Yogurt لبن بروتين 200ml – نكهة الفراولة","وحدة","7290110566975","7.99","karaz_product_adopted_latest","7","21","","","","","Strauss Pro Yogurt لبن بروتين 200ml – نكهة الفراولة","المحليات الباردة","7.99","https://karaz.ps/shop/product/strauss-pro-yogurt-%d9%84%d8%a8%d9%86-%d8%a8%d8%b1%d9%88%d8%aa%d9%8a%d9%86-200ml-%d9%86%d9%83%d9%87%d8%a9-%d8%a7%d9%84%d9%81%d8%b1%d8%a7%d9%88%d9%84%d8%a9/","https://karaz.ps/wp-content/uploads/2022/06/7290110566975-300x300.jpg"
"karaz_barcode","Dove Intensive Repair Shampoo 600ml","وحدة","6281006423640","15.99","karaz_product_adopted_latest","23","62","","","","","Dove Intensive Repair Shampoo 600ml","الصحة والجمال","15.99","https://karaz.ps/shop/product/dove-intensive-repair-shampoo-600ml/","https://karaz.ps/wp-content/uploads/2024/06/6281006423640-300x300.jpg"
"karaz_barcode","Dove Coconut Milk bar 90g.","وحدة","6281006591035","4.99","karaz_product_adopted_latest","23","62","","","","","Dove Coconut Milk bar 90g.","الصحة والجمال","4.99","https://karaz.ps/shop/product/dove-coconut-milk-bar-90g/","https://karaz.ps/wp-content/uploads/2024/06/6281006591035-300x300.jpg"
"karaz_barcode","Palmer’s Cocoa Butter Formula Biotin Length Retention Shampoo 400ml","وحدة","010181048012","68.99","karaz_product_adopted_latest","23","62","","","","","Palmer’s Cocoa Butter Formula Biotin Length Retention Shampoo 400ml","الصحة والجمال","68.99","https://karaz.ps/shop/product/palmers-cocoa-butter-formula-biotin-length-retention-shampoo-400ml/","https://karaz.ps/wp-content/uploads/2024/06/010181048012-300x300.jpg"
"karaz_barcode","Balmy Jasmine Soapy Bath","وحدة","8691400505480","17.99","karaz_product_adopted_latest","23","62","","","","","Balmy Jasmine Soapy Bath","الصحة والجمال","17.99","https://karaz.ps/shop/product/balmy-jasmine-soapy-bath/","https://karaz.ps/wp-content/uploads/2023/05/8691400505480-300x300.jpg"
"karaz_barcode","Colgate Toothbrush 2-6 years Extra soft 2 pcs","وحدة","8714789993775","29.99","karaz_product_adopted_latest","23","62","","","","","Colgate Toothbrush 2-6 years Extra soft 2 pcs","الصحة والجمال","29.99","https://karaz.ps/shop/product/colgate-toothbrush-2-6-years-extra-soft-2-pcs/","https://karaz.ps/wp-content/uploads/2023/04/8714789993775-300x300.jpg"
"karaz_barcode","Colgate Gum Invigorate Detox 75ml","وحدة","8718951286672","29.99","karaz_product_adopted_latest","23","62","","","","","Colgate Gum Invigorate Detox 75ml","الصحة والجمال","29.99","https://karaz.ps/shop/product/colgate-gum-invigorate-detox-75ml/","https://karaz.ps/wp-content/uploads/2023/04/8718951286672-300x300.jpg"
"karaz_barcode","Colgate Soft Foam Charcoal Toothbrushes","وحدة","8718951470323","34.99","karaz_product_adopted_latest","23","62","","","","","Colgate Soft Foam Charcoal Toothbrushes","الصحة والجمال","34.99","https://karaz.ps/shop/product/colgate-soft-foam-charcoal-toothbrushes/","https://karaz.ps/wp-content/uploads/2023/04/8718951470323-300x300.jpg"
"karaz_barcode","Colgate Smiles Children’s Toothpaste for Ages (2-5) 50ml","وحدة","8718951170445","15.99","karaz_product_adopted_latest","23","62","","","","","Colgate Smiles Children’s Toothpaste for Ages (2-5) 50ml","الصحة والجمال","15.99","https://karaz.ps/shop/product/colgate-smiles-childrens-toothpaste-for-ages-2-5-50ml/","https://karaz.ps/wp-content/uploads/2023/04/8718951170445-300x300.jpg"
"karaz_barcode","Colgate Gum Invigorate Detox Mouthwash 500ml","وحدة","8718951290150","23.99","karaz_product_adopted_latest","23","62","","","","","Colgate Gum Invigorate Detox Mouthwash 500ml","الصحة والجمال","23.99","https://karaz.ps/shop/product/colgate-gum-invigorate-detox-mouthwash-500ml/","https://karaz.ps/wp-content/uploads/2023/04/8718951290150-300x300.jpg"
"karaz_barcode","Palmolive Camellia& Almond Shower Cream 750ml","وحدة","8718951400474","21.99","karaz_product_adopted_latest","23","62","","","","","Palmolive Camellia& Almond Shower Cream 750ml","الصحة والجمال","21.99","https://karaz.ps/shop/product/palmolive-camellia-almond-shower-cream-750ml/","https://karaz.ps/wp-content/uploads/2023/05/8718951400474-300x300.jpg"
"karaz_barcode","Palmolive Naturals Shower Cream Milk& Olive 750ml","وحدة","8718951452695","21.99","karaz_product_adopted_latest","23","62","","","","","Palmolive Naturals Shower Cream Milk& Olive 750ml","الصحة والجمال","21.99","https://karaz.ps/shop/product/palmolive-naturals-shower-cream-milk-olive-750ml/","https://karaz.ps/wp-content/uploads/2023/04/8718951452695-300x300.jpg"
"karaz_barcode","Dove Scalp Relief Ritual shampoo 600ml","وحدة","8690637506956","15.99","karaz_product_adopted_latest","23","62","","","","","Dove Scalp Relief Ritual shampoo 600ml","الصحة والجمال","15.99","https://karaz.ps/shop/product/dove-scalp-relief-ritual-shampoo-600ml/","https://karaz.ps/wp-content/uploads/2023/04/8690637506956-300x300.jpg"
"karaz_barcode","Colgate Smile Toothbrush For Kids up to 2 Y.O","وحدة","6281001510390","15.99","karaz_product_adopted_latest","23","62","","","","","Colgate Smile Toothbrush For Kids up to 2 Y.O","الصحة والجمال","15.99","https://karaz.ps/shop/product/colgate-smile-toothbrush-for-kids-up-to-2-y-o/","https://karaz.ps/wp-content/uploads/2023/01/6281001510390-300x300.jpg"
"karaz_barcode","Colgate Max White With Crystals 125ml","وحدة","8718951166288","11.99","karaz_product_adopted_latest","23","62","","","","","Colgate Max White With Crystals 125ml","الصحة والجمال","11.99","https://karaz.ps/shop/product/colgate-max-white-with-crystals-125ml/","https://karaz.ps/wp-content/uploads/2023/01/8718951166288-300x300.jpg"
"karaz_barcode","Palmolive Naturals Almond & Moisturizing Milk 750ml","وحدة","8718951453074","17.99","karaz_product_adopted_latest","23","62","","","","","Palmolive Naturals Almond & Moisturizing Milk 750ml","الصحة والجمال","17.99","https://karaz.ps/shop/product/palmolive-naturals-almond-moisturizing-milk-750ml/","https://karaz.ps/wp-content/uploads/2023/01/8718951453074-300x300.jpg"
"karaz_barcode","Palmolive Naturals Nourishment Shower Milk 750ml","وحدة","8718951453111","17.99","karaz_product_adopted_latest","23","62","","","","","Palmolive Naturals Nourishment Shower Milk 750ml","الصحة والجمال","17.99","https://karaz.ps/shop/product/palmolive-naturals-nourishment-shower-milk-750ml/","https://karaz.ps/wp-content/uploads/2023/01/8718951453111-300x300.jpg"
"karaz_barcode","To-me Bioenergy Shampoo Herbal& Keratin salt free 500ml","وحدة","7290016059328","31.99","karaz_product_adopted_latest","23","62","","","","","To-me Bioenergy Shampoo Herbal& Keratin salt free 500ml","الصحة والجمال","31.99","https://karaz.ps/shop/product/to-me-bioenergy-shampoo-herbal-keratin-salt-free-500ml/","https://karaz.ps/wp-content/uploads/2022/12/7290016059328-300x300.jpg"
"karaz_barcode","Colgate Plax Tea & Lemon Mouthwash 500ml غسول للفم بخلاصة الشاي والليمون","وحدة","7891024136805","27.99","karaz_product_adopted_latest","18","48","","","","","Colgate Plax Tea & Lemon Mouthwash 500ml غسول للفم بخلاصة الشاي والليمون","العناية بالأسنان","27.99","https://karaz.ps/shop/product/colgate-plax-tea-lemon-mouthwash-500ml-%d8%ba%d8%b3%d9%88%d9%84-%d9%84%d9%84%d9%81%d9%85-%d8%a8%d8%ae%d9%84%d8%a7%d8%b5%d8%a9-%d8%a7%d9%84%d8%b4%d8%a7%d9%8a-%d9%88%d8%a7%d9%84%d9%84%d9%8a%d9%85/","https://karaz.ps/wp-content/uploads/2022/09/7891024136805-300x300.jpg"
"karaz_barcode","Colgate Plax Cool Mint Mouthwash كولجيت غسول للفم 500ml","وحدة","7891024130063","23.99","karaz_product_adopted_latest","23","61","","","","","Colgate Plax Cool Mint Mouthwash كولجيت غسول للفم 500ml","العناية بالأسنان","23.99","https://karaz.ps/shop/product/colgate-plax-cool-mint-mouthwash-%d9%83%d9%88%d9%84%d8%ac%d9%8a%d8%aa-%d8%ba%d8%b3%d9%88%d9%84-%d9%84%d9%84%d9%81%d9%85-500ml/","https://karaz.ps/wp-content/uploads/2022/09/7891024130063-300x300.jpg"
"karaz_barcode","Colgate Plax Mint Duo MouthWash كولجيت غسول للفم 500ml","وحدة","8718951148536","27.99","karaz_product_adopted_latest","23","61","","","","","Colgate Plax Mint Duo MouthWash كولجيت غسول للفم 500ml","العناية بالأسنان","27.99","https://karaz.ps/shop/product/colgate-plax-mint-duo-mouthwash-%d9%83%d9%88%d9%84%d8%ac%d9%8a%d8%aa-%d8%ba%d8%b3%d9%88%d9%84-%d9%84%d9%84%d9%81%d9%85-500ml/","https://karaz.ps/wp-content/uploads/2022/09/8718951148536-300x300.jpg"
"karaz_barcode","Colgate Total Peppermint Blast Mouthwash 500ml غسول للفم","وحدة","7290107971751","27.99","karaz_product_adopted_latest","23","61","","","","","Colgate Total Peppermint Blast Mouthwash 500ml غسول للفم","العناية بالأسنان","27.99","https://karaz.ps/shop/product/colgate-total-peppermint-blast-mouthwash-500ml-%d8%ba%d8%b3%d9%88%d9%84-%d9%84%d9%84%d9%81%d9%85/","https://karaz.ps/wp-content/uploads/2022/09/7290107971751-300x300.jpg"
"karaz_barcode","Colgate Charcoal Professional Clean 75ml","وحدة","7509546666846","14.99","karaz_product_adopted_latest","23","62","","","","","Colgate Charcoal Professional Clean 75ml","العناية بالأسنان","14.99","https://karaz.ps/shop/product/colgate-charcoal-professional-clean-75ml/","https://karaz.ps/wp-content/uploads/2022/08/7509546666846-300x300.jpg"
"karaz_barcode","Signal Cavity Fighter Toothpaste 120ml","وحدة","6221048407833","7.99","karaz_product_adopted_latest","23","62","","","","","Signal Cavity Fighter Toothpaste 120ml","العناية بالأسنان","7.99","https://karaz.ps/shop/product/signal-cavity-fighter-120-ml/","https://karaz.ps/wp-content/uploads/2022/07/6221048407833-300x300.jpg"
"karaz_barcode","SENSODYNE DUAL CARE 75 ML","وحدة","7290005084355","16.99","karaz_product_adopted_latest","23","62","","","","","SENSODYNE DUAL CARE 75 ML","العناية بالأسنان","16.99","https://karaz.ps/shop/product/sensodyne-dual-care-75-ml/","https://karaz.ps/wp-content/uploads/2022/07/7290005084355-300x300.jpg"
"karaz_barcode","To-me Bioenergy Conditioners Salt free 500ml","وحدة","7290012392054","31.99","karaz_product_adopted_latest","23","62","","","","","To-me Bioenergy Conditioners Salt free 500ml","العناية بالجسم والشعر","31.99","https://karaz.ps/shop/product/to-me-bioenergy-conditioners-salt-free-500ml/","https://karaz.ps/wp-content/uploads/2022/12/7290012392054-300x300.jpg"
"karaz_barcode","To-me Shampoo For Hair Loss Treatment 500ml","وحدة","7920012391602","31.99","karaz_product_adopted_latest","23","62","","","","","To-me Shampoo For Hair Loss Treatment 500ml","العناية بالجسم والشعر","31.99","https://karaz.ps/shop/product/to-me-shampoo-for-hair-loss-treatment-500ml/","https://karaz.ps/wp-content/uploads/2022/12/7920012391602-300x300.jpg"
"karaz_barcode","To-me Bioenergy Hair Cream 500ml","وحدة","7290012391057","31.99","karaz_product_adopted_latest","23","62","","","","","To-me Bioenergy Hair Cream 500ml","العناية بالجسم والشعر","31.99","https://karaz.ps/shop/product/to-me-bioenergy-hair-cream-500ml/","https://karaz.ps/wp-content/uploads/2022/12/7290012391057-300x300.jpg"
"karaz_barcode","To-me Bioenergy Conditioner Herbal& Keratin salt free 500ml","وحدة","7290016059335","31.99","karaz_product_adopted_latest","23","62","","","","","To-me Bioenergy Conditioner Herbal& Keratin salt free 500ml","العناية بالجسم والشعر","31.99","https://karaz.ps/shop/product/to-me-bioenergy-conditioner-500ml/","https://karaz.ps/wp-content/uploads/2022/12/7290016059335-300x300.jpg"
"karaz_barcode","To-me Argan Hair Shampoo 700Ml","وحدة","7290012391590","21.99","karaz_product_adopted_latest","23","62","","","","","To-me Argan Hair Shampoo 700Ml","العناية بالجسم والشعر","21.99","https://karaz.ps/shop/product/to-me-argan-hair-shampoo-700ml/","https://karaz.ps/wp-content/uploads/2022/12/7290012391590-300x300.jpg"
"karaz_barcode","Colour Catcher Economy Pack x20","وحدة","7290100925676","23.99","karaz_product_adopted_latest","23","62","","","","","Colour Catcher Economy Pack x20","العناية بالملابس والأحذية","23.99","https://karaz.ps/shop/product/colour-catcher-economy-pack-x20/","https://karaz.ps/wp-content/uploads/2022/09/7290100925676-300x300.jpg"
"karaz_barcode","Comfort Ultimate Care Elegant Gardenia  1.5l","وحدة","6281006574120","24.99","karaz_product_adopted_latest","23","62","","","","","Comfort Ultimate Care Elegant Gardenia  1.5l","العناية بالملابس والأحذية","24.99","https://karaz.ps/shop/product/comfort-ultimate-care-elegant-gardenia-1-5l/","https://karaz.ps/wp-content/uploads/2022/09/6281006574120-300x300.jpg"
"karaz_barcode","Comfort Ultimate care Orchid & Musk 1.5l","وحدة","6281006573529","24.99","karaz_product_adopted_latest","23","62","","","","","Comfort Ultimate care Orchid & Musk 1.5l","العناية بالملابس والأحذية","24.99","https://karaz.ps/shop/product/comfort-ultimate-care-orchid-musk-1-5l/","https://karaz.ps/wp-content/uploads/2022/09/6281006573529-300x300.jpg"
"karaz_barcode","Comfort Spring Dew Fabric Softener (Blue) 3L","وحدة","6221048600197","21.99","karaz_product_adopted_latest","23","62","","","","","Comfort Spring Dew Fabric Softener (Blue) 3L","العناية بالملابس والأحذية","21.99","https://karaz.ps/shop/product/comfort-spring-dew-fabric-softener-blue-3l/","https://karaz.ps/wp-content/uploads/2022/09/6221048600197-300x300.jpg"
"karaz_barcode","L’oreal Elvive  Oil For Dry & Colored Hair 100ml","وحدة","3600523936823","36.99","karaz_product_adopted_latest","23","62","","","","","L’oreal Elvive  Oil For Dry & Colored Hair 100ml","العناية بالملابس والأحذية","36.99","https://karaz.ps/shop/product/loreal-elvive-oil-for-dry-colored-hair-100ml/","https://karaz.ps/wp-content/uploads/2022/07/3600523936823-300x300.jpg"
"karaz_barcode","Always Dailies Protect الويز فوط نسائية يومية – Normal","وحدة","8001090740663","21.99","karaz_product_adopted_latest","23","62","","","","","Always Dailies Protect الويز فوط نسائية يومية – Normal","فوط نسائية","21.99","https://karaz.ps/shop/product/always-dailies-protect-%d8%a7%d9%84%d9%88%d9%8a%d8%b2-%d9%81%d9%88%d8%b7-%d9%86%d8%b3%d8%a7%d8%a6%d9%8a%d8%a9-%d9%8a%d9%88%d9%85%d9%8a%d8%a9-normal/","https://karaz.ps/wp-content/uploads/2022/07/8001090740663-300x300.jpg"
"karaz_barcode","Kotex Night 20 pcs","وحدة","5029053523446","17.99","karaz_product_adopted_latest","23","62","","","","","Kotex Night 20 pcs","فوط نسائية","17.99","https://karaz.ps/shop/product/kotex-night-20-pcs/","https://karaz.ps/wp-content/uploads/2022/07/5029053523446-300x300.jpg"
"karaz_barcode","kotex normal plus 28 pcs","وحدة","5029053510811","17.99","karaz_product_adopted_latest","23","62","","","","","kotex normal plus 28 pcs","فوط نسائية","17.99","https://karaz.ps/shop/product/kotex-normal-plus-28-pcs/","https://karaz.ps/wp-content/uploads/2022/07/5029053510811-300x300.jpg"
"karaz_barcode","Carefree Normal Pads فوط نسائية كيرفيري عادي 58 فوطة","وحدة","3574661485607","14.99","karaz_product_adopted_latest","23","62","","","","","Carefree Normal Pads فوط نسائية كيرفيري عادي 58 فوطة","فوط نسائية","14.99","https://karaz.ps/shop/product/carefree-normal-pads-%d9%81%d9%88%d8%b7-%d9%86%d8%b3%d8%a7%d8%a6%d9%8a%d8%a9-%d9%83%d9%8a%d8%b1%d9%81%d9%8a%d8%b1%d9%8a-%d8%b9%d8%a7%d8%af%d9%8a-58-%d9%81%d9%88%d8%b7%d8%a9/","https://karaz.ps/wp-content/uploads/2022/12/3574661485607-300x300.jpg"
"karaz_barcode","Carefree Plus Large 48 Pantyliners","وحدة","35746614876252","14.99","karaz_product_adopted_latest","23","62","","","","","Carefree Plus Large 48 Pantyliners","فوط نسائية","14.99","https://karaz.ps/shop/product/carefree-plus-large-48-pantyliners/","https://karaz.ps/wp-content/uploads/2022/12/3574661487625-2-300x300.jpg"
"karaz_barcode","Carefree Plus Normal 56 Pantyliners","وحدة","3574661487328","14.99","karaz_product_adopted_latest","23","62","","","","","Carefree Plus Normal 56 Pantyliners","فوط نسائية","14.99","https://karaz.ps/shop/product/carefree-plus-normal-56-pantyliners/","https://karaz.ps/wp-content/uploads/2023/01/3574661487328-300x300.jpg"
"karaz_barcode","Always Ultra Night Size 3 Night 10 Pads","وحدة","4015400755609","9.99","karaz_product_adopted_latest","23","62","","","","","Always Ultra Night Size 3 Night 10 Pads","فوط نسائية","9.99","https://karaz.ps/shop/product/always-ultra-night-size-3-night-10-pads/","https://karaz.ps/wp-content/uploads/2022/12/4015400755609-300x300.jpg"
"karaz_barcode","Always Ultra Long Big Pack x24","وحدة","4015400755487","14.99","karaz_product_adopted_latest","23","62","","","","","Always Ultra Long Big Pack x24","فوط نسائية","14.99","https://karaz.ps/shop/product/always-ultra-long-big-pack-x24/","https://karaz.ps/wp-content/uploads/2022/12/4015400755487-300x300.jpg"
"karaz_barcode","Degree Cool Rush Deodorant 5 Pack 380g","وحدة","079400490698","129.99","karaz_product_adopted_latest","23","62","","","","","Degree Cool Rush Deodorant 5 Pack 380g","مزيلات العرق","129.99","https://karaz.ps/shop/product/degree-cool-rush-deodorant-5-pack-380g/","https://karaz.ps/wp-content/uploads/2022/11/079400490698-300x300.jpg"
"karaz_barcode","Degree Ultraclear Deodorant 5 Pack 380g","وحدة","079400452993","129.99","karaz_product_adopted_latest","23","62","","","","","Degree Ultraclear Deodorant 5 Pack 380g","مزيلات العرق","129.99","https://karaz.ps/shop/product/degree-ultraclear-deodorant-5-pack-380g/","https://karaz.ps/wp-content/uploads/2022/11/079400452993-300x300.jpg"
"karaz_barcode","Gillette Cool Wave 5 pack 538g","وحدة","047400561427","129.99","karaz_product_adopted_latest","23","62","","","","","Gillette Cool Wave 5 pack 538g","مزيلات العرق","129.99","https://karaz.ps/shop/product/gillette-cool-wave-5-pack-538g/","https://karaz.ps/wp-content/uploads/2022/11/047400561427-300x300.jpg"
"karaz_barcode","OLD SPICE PURE SPORT DEODORANT","وحدة","012044000274","31.99","karaz_product_adopted_latest","23","62","","","","","OLD SPICE PURE SPORT DEODORANT","مزيلات العرق","31.99","https://karaz.ps/shop/product/old-spice-pure-sport-deodorant/","https://karaz.ps/wp-content/uploads/2022/06/012044000274-300x300.jpg"
"karaz_barcode","Secret Spray Rose Water 150ml","وحدة","8001841596440","31.99","karaz_product_adopted_latest","23","62","","","","","Secret Spray Rose Water 150ml","مزيلات العرق","31.99","https://karaz.ps/shop/product/secret-spray-rose-water-150ml/","https://karaz.ps/wp-content/uploads/2022/06/8001841596440-300x300.jpg"
"karaz_barcode","Secret Spray Delicate 150ml","وحدة","5011321413764","31.99","karaz_product_adopted_latest","23","62","","","","","Secret Spray Delicate 150ml","مزيلات العرق","31.99","https://karaz.ps/shop/product/secret-spray-delicate-150ml/","https://karaz.ps/wp-content/uploads/2022/06/5011321413764-300x300.jpg"
"karaz_barcode","Degree Shower Clean 74g","وحدة","079400251909","31.99","karaz_product_adopted_latest","23","62","","","","","Degree Shower Clean 74g","مزيلات العرق","31.99","https://karaz.ps/shop/product/degree-shower-clean-74g/","https://karaz.ps/wp-content/uploads/2024/06/079400251909-300x300.jpg"
"karaz_barcode","Secret Deodorant Waterlily 73g","وحدة","037000978831","31.99","karaz_product_adopted_latest","23","62","","","","","Secret Deodorant Waterlily 73g","مزيلات العرق","31.99","https://karaz.ps/shop/product/secret-deodorant-waterlily-73g/","https://karaz.ps/wp-content/uploads/2024/06/037000978831-300x300.jpg"
"karaz_barcode","Secret Deodorant Citrus 73g","وحدة","037000887911","31.99","karaz_product_adopted_latest","23","62","","","","","Secret Deodorant Citrus 73g","مزيلات العرق","31.99","https://karaz.ps/shop/product/secret-deodorant-citrus-73g/","https://karaz.ps/wp-content/uploads/2024/06/037000887911-300x300.jpg"
"karaz_barcode","Degree Men Overtime76g","وحدة","079400357564","31.99","karaz_product_adopted_latest","23","62","","","","","Degree Men Overtime76g","مزيلات العرق","31.99","https://karaz.ps/shop/product/degree-men-overtime76g/","https://karaz.ps/wp-content/uploads/2024/06/079400357564-300x300.jpg"
"karaz_barcode","Degree Men Cool Rush 76g","وحدة","079400347664","31.99","karaz_product_adopted_latest","23","62","","","","","Degree Men Cool Rush 76g","مزيلات العرق","31.99","https://karaz.ps/shop/product/degree-men-cool-rush-76g-2/","https://karaz.ps/wp-content/uploads/2024/06/079400347664-300x300.jpg"
"karaz_barcode","Old Spice Rock 50ml","وحدة","8006540442364","24.99","karaz_product_adopted_latest","23","62","","","","","Old Spice Rock 50ml","مزيلات العرق","24.99","https://karaz.ps/shop/product/old-spice-rock-50ml/","https://karaz.ps/wp-content/uploads/2024/06/8006540442364-300x300.jpg"
"karaz_barcode","Degree Men Sport Defense 76g","وحدة","079400070210","31.99","karaz_product_adopted_latest","23","62","","","","","Degree Men Sport Defense 76g","مزيلات العرق","31.99","https://karaz.ps/shop/product/degree-men-sport-defense-76g/","https://karaz.ps/wp-content/uploads/2024/06/079400070210-300x300.jpg"
"karaz_barcode","Degree Men Everest 76g","وحدة","079400115140","31.99","karaz_product_adopted_latest","23","62","","","","","Degree Men Everest 76g","مزيلات العرق","31.99","https://karaz.ps/shop/product/degree-men-everest-76g/","https://karaz.ps/wp-content/uploads/2024/06/079400115140-300x300.jpg"
"karaz_barcode","Secret Ph Balanced Shower Fresh 73g","وحدة","037000123408","31.99","karaz_product_adopted_latest","23","62","","","","","Secret Ph Balanced Shower Fresh 73g","مزيلات العرق","31.99","https://karaz.ps/shop/product/secret-ph-balanced-shower-fresh-73g/","https://karaz.ps/wp-content/uploads/2024/06/037000123408-300x300.jpg"
"karaz_barcode","Degree Men Adventure 76g","وحدة","079400061478","31.99","karaz_product_adopted_latest","23","62","","","","","Degree Men Adventure 76g","مزيلات العرق","31.99","https://karaz.ps/shop/product/degree-men-adventure-76g/","https://karaz.ps/wp-content/uploads/2024/06/079400061478-300x300.jpg"
"karaz_barcode","Secret Ph Balanced Sheer clean 73g","وحدة","037000123354","31.99","karaz_product_adopted_latest","23","62","","","","","Secret Ph Balanced Sheer clean 73g","مزيلات العرق","31.99","https://karaz.ps/shop/product/secret-ph-balanced-sheer-clean-73g/","https://karaz.ps/wp-content/uploads/2024/06/037000123354-300x300.jpg"
"karaz_barcode","Old Spice Antipersirant & Deodorant Pure Sport 85g","وحدة","012044000250","29.99","karaz_product_adopted_latest","23","62","","","","","Old Spice Antipersirant & Deodorant Pure Sport 85g","مزيلات العرق","29.99","https://karaz.ps/shop/product/old-spice-antipersirant-deodorant-pure-sport-85g/","https://karaz.ps/wp-content/uploads/2024/06/012044000250-300x300.jpg"
"karaz_barcode","Gillette Fusion 5 Front","وحدة","4987176090850","34.99","karaz_product_adopted_latest","23","62","","","","","Gillette Fusion 5 Front","مستلزمات الحلاقة","34.99","https://karaz.ps/shop/product/gillette-fusion-5-front/","https://karaz.ps/wp-content/uploads/2022/11/4987176090850-300x300.jpg"
"karaz_barcode","Gillette Simply 3 Venus  4pcs","وحدة","7702018471096","24.99","karaz_product_adopted_latest","23","62","","","","","Gillette Simply 3 Venus  4pcs","مستلزمات الحلاقة","24.99","https://karaz.ps/shop/product/gillette-simply-3-venus-4pcs/","https://karaz.ps/wp-content/uploads/2022/09/7702018471096-300x300.jpg"
"karaz_barcode","Gillette Series Moisturizing shaving gel 200 ml","وحدة","7702018980833","19.99","karaz_product_adopted_latest","23","62","","","","","Gillette Series Moisturizing shaving gel 200 ml","مستلزمات الحلاقة","19.99","https://karaz.ps/shop/product/gillete-series-sensitve-x3-gel-200-ml/","https://karaz.ps/wp-content/uploads/2022/07/7702018980833-300x300.jpg"
"karaz_barcode","Gillette Series Sensitive Aloe Vera shaving gel 200 ml","وحدة","7702018982011","19.99","karaz_product_adopted_latest","23","62","","","","","Gillette Series Sensitive Aloe Vera shaving gel 200 ml","مستلزمات الحلاقة","19.99","https://karaz.ps/shop/product/gillette-series-3x-shaving-gel-240ml/","https://karaz.ps/wp-content/uploads/2022/07/7702018982011-300x300.jpg"
"karaz_barcode","Nivea Shaving Cream Protect & Care معجون الحلاقة نيفيا للحماية و العناية 100ml","وحدة","4005808817726","13.99","karaz_product_adopted_latest","5","13","","","","","Nivea Shaving Cream Protect & Care معجون الحلاقة نيفيا للحماية و العناية 100ml","مستلزمات الحلاقة","13.99","https://karaz.ps/shop/product/nivea-shaving-cream-protect-care-%d9%85%d8%b9%d8%ac%d9%88%d9%86-%d8%a7%d9%84%d8%ad%d9%84%d8%a7%d9%82%d8%a9-%d9%86%d9%8a%d9%81%d9%8a%d8%a7-%d9%84%d9%84%d8%ad%d9%85%d8%a7%d9%8a%d8%a9-%d9%88-%d8%a7/","https://karaz.ps/wp-content/uploads/2022/07/4005808817726-300x300.jpg"
"karaz_barcode","Man Shaving Cream معجون الحلاقة مان للرجال 140ml","وحدة","6251586602124","5.99","karaz_product_adopted_latest","23","62","","","","","Man Shaving Cream معجون الحلاقة مان للرجال 140ml","مستلزمات الحلاقة","5.99","https://karaz.ps/shop/product/man-shaving-cream-%d9%85%d8%b9%d8%ac%d9%88%d9%86-%d8%a7%d9%84%d8%ad%d9%84%d8%a7%d9%82%d8%a9-%d9%85%d8%a7%d9%86-%d9%84%d9%84%d8%b1%d8%ac%d8%a7%d9%84-140ml/","https://karaz.ps/wp-content/uploads/2022/07/6251586602124-300x300.jpg"
"karaz_barcode","GILLETTE BLUE 3 COMFORT 3+1","وحدة","7702018489756","15.99","karaz_product_adopted_latest","23","62","","","","","GILLETTE BLUE 3 COMFORT 3+1","مستلزمات الحلاقة","15.99","https://karaz.ps/shop/product/gillette-blue-3-comfort-31/","https://karaz.ps/wp-content/uploads/2022/07/7702018489756-300x300.jpg"
"karaz_barcode","Gillette Venus Smooth ماكنة حلاقة جيليت فينوس للنساء (1ماكنة + 3 شفرات)","وحدة","7702018469826","32.99","karaz_product_adopted_latest","23","62","","","","","Gillette Venus Smooth ماكنة حلاقة جيليت فينوس للنساء (1ماكنة + 3 شفرات)","مستلزمات الحلاقة","32.99","https://karaz.ps/shop/product/gillette-venus-smooth-%d9%85%d8%a7%d9%83%d9%86%d8%a9-%d8%ad%d9%84%d8%a7%d9%82%d8%a9-%d8%ac%d9%8a%d9%84%d9%8a%d8%aa-%d9%81%d9%8a%d9%86%d9%88%d8%b3-%d9%84%d9%84%d9%86%d8%b3%d8%a7%d8%a1-1%d9%85%d8%a7/","https://karaz.ps/wp-content/uploads/2023/06/7702018469826-300x300.jpg"
"karaz_barcode","Gillette Venus Razor with Aloe","وحدة","4987176029775","23.99","karaz_product_adopted_latest","23","62","","","","","Gillette Venus Razor with Aloe","مستلزمات الحلاقة","23.99","https://karaz.ps/shop/product/gillette-venus-sloe/","https://karaz.ps/wp-content/uploads/2022/07/4987176029775-300x300.jpg"
"karaz_barcode","Old Spice Original Pre Shave Cream 70g","وحدة","4987176029966","13.99","karaz_product_adopted_latest","23","62","","","","","Old Spice Original Pre Shave Cream 70g","مستلزمات الحلاقة","13.99","https://karaz.ps/shop/product/old-spice-original-pre-shave-cream-70g/","https://karaz.ps/wp-content/uploads/2024/06/4987176029966-300x300.jpg"
"karaz_barcode","Gillette Venus Comfortglid Breeze 2IN1","وحدة","7702018451784","34.99","karaz_product_adopted_latest","23","62","","","","","Gillette Venus Comfortglid Breeze 2IN1","مستلزمات الحلاقة","34.99","https://karaz.ps/shop/product/gillette-venus-comfortglid-breeze-2in1/","https://karaz.ps/wp-content/uploads/2022/11/7702018451784-300x300.jpg"
"karaz_barcode","Gillette Venus Olay Comfort Glide X4","وحدة","7702018339907","54.99","karaz_product_adopted_latest","23","62","","","","","Gillette Venus Olay Comfort Glide X4","مستلزمات الحلاقة","54.99","https://karaz.ps/shop/product/gillette-venus-olay-comfort-glide-x4/","https://karaz.ps/wp-content/uploads/2022/11/7702018339907-300x300.jpg"
"karaz_barcode","Gillette Blue 3 Comfort 6pcs","وحدة","7702018489831","21.99","karaz_product_adopted_latest","23","62","","","","","Gillette Blue 3 Comfort 6pcs","مستلزمات الحلاقة","21.99","https://karaz.ps/shop/product/gillette-blue-3-comfort-6pcs/","https://karaz.ps/wp-content/uploads/2022/09/7702018489831-300x300.jpg"
"karaz_barcode","BIC FLEXI LADY 3","وحدة","3086123273535","13.99","karaz_product_adopted_latest","23","62","","","","","BIC FLEXI LADY 3","مستلزمات الحلاقة","13.99","https://karaz.ps/shop/product/bic-flexi-lady-3/","https://karaz.ps/wp-content/uploads/2022/07/3086123273535-300x300.jpg"
"karaz_barcode","BIC BLADES SOLEIL CITRON 4+2","وحدة","070330716605","27.99","karaz_product_adopted_latest","23","62","","","","","BIC BLADES SOLEIL CITRON 4+2","مستلزمات الحلاقة","27.99","https://karaz.ps/shop/product/bic-blades-soleil-citron-42/","https://karaz.ps/wp-content/uploads/2022/07/070330716605-300x300.jpg"
"karaz_barcode","SCHICK QUATTRO WOMEN X3","وحدة","4891228304959","23.99","karaz_product_adopted_latest","23","62","","","","","SCHICK QUATTRO WOMEN X3","مستلزمات الحلاقة","23.99","https://karaz.ps/shop/product/schick-quattro-women-x3/","https://karaz.ps/wp-content/uploads/2022/07/4891228304959-300x300.jpg"
"karaz_barcode","Nestle Cerelac Mixed Fruit & Wheat 400g","وحدة","8410100181509","23.99","karaz_product_adopted_latest","21","56","","","","","Nestle Cerelac Mixed Fruit & Wheat 400g","الأطفال","23.99","https://karaz.ps/shop/product/nestle-cerelac-mixed-fruit-wheat-400g/","https://karaz.ps/wp-content/uploads/2023/05/8410100181509-300x300.jpg"
"karaz_barcode","Yamayo Baby Poopy Bag 100pcs","وحدة","785571730715","24.99","karaz_product_adopted_latest","21","56","","","","","Yamayo Baby Poopy Bag 100pcs","الأطفال","24.99","https://karaz.ps/shop/product/yamayo-baby-poopy-bag-100pcs/","https://karaz.ps/wp-content/uploads/2022/11/785571730715-300x300.jpg"
"karaz_barcode","Yamayo Swimming Baby Turtle Bath Toy +12m","وحدة","785571730562","19.99","karaz_product_adopted_latest","21","56","","","","","Yamayo Swimming Baby Turtle Bath Toy +12m","الأطفال","19.99","https://karaz.ps/shop/product/yamayo-swimming-baby-turtle-bath-toy-12m/","https://karaz.ps/wp-content/uploads/2022/11/785571730562-300x300.jpg"
"karaz_barcode","NATURA NUOVA APPLE 100G","وحدة","8024985008037","6.5","karaz_product_adopted_latest","21","56","","","","","NATURA NUOVA APPLE 100G","الأطفال","6.5","https://karaz.ps/shop/product/natura-nuova-apple-100g/","https://karaz.ps/wp-content/uploads/2022/09/8024985008037-300x300.jpg"
"karaz_barcode","Huggies Pants Pull-Ups Blue Training 2-4 Night","وحدة","5029053574158","41.99","karaz_product_adopted_latest","21","56","","","","","Huggies Pants Pull-Ups Blue Training 2-4 Night","الأطفال","41.99","https://karaz.ps/shop/product/huggies-pull-ups-night-time-boys-2-4-18pants/","https://karaz.ps/wp-content/uploads/2022/07/5029053574158-300x300.jpg"
"karaz_barcode","Huggies Pull-Ups Trainers Day Boys 20 Pants","وحدة","5029053574110","41.99","karaz_product_adopted_latest","21","56","","","","","Huggies Pull-Ups Trainers Day Boys 20 Pants","الأطفال","41.99","https://karaz.ps/shop/product/huggies-pull-ups-trainers-day-boys-20-pants/","https://karaz.ps/wp-content/uploads/2022/07/5029053574110-300x300.jpg"
"karaz_barcode","JOHNSON’S BABY  POWDER 200G","وحدة","3574661458748","13.99","karaz_product_adopted_latest","21","56","","","","","JOHNSON’S BABY  POWDER 200G","الأطفال","13.99","https://karaz.ps/shop/product/johnsons-baby-powder-200g/","https://karaz.ps/wp-content/uploads/2022/07/3574661458748-300x300.jpg"
"karaz_barcode","DR. FISCHER KAMIL BLUE SHAMPOO 2L","وحدة","7290003521463","36.99","karaz_product_adopted_latest","21","56","","","","","DR. FISCHER KAMIL BLUE SHAMPOO 2L","الأطفال","36.99","https://karaz.ps/shop/product/dr-fischer-kamil-blue-shampoo-2l/","https://karaz.ps/wp-content/uploads/2022/07/7290003521463-300x300.jpg"
"karaz_barcode","JOHNSON’S SHAMPOO 300ML","وحدة","3574660214574","9.99","karaz_product_adopted_latest","21","56","","","","","JOHNSON’S SHAMPOO 300ML","الأطفال","9.99","https://karaz.ps/shop/product/johnsons-shampoo-300ml/","https://karaz.ps/wp-content/uploads/2022/07/3574660214574-300x300.jpg"
"karaz_barcode","JOHNSONS LOTION 200 ML","وحدة","3574661284002","10.99","karaz_product_adopted_latest","21","56","","","","","JOHNSONS LOTION 200 ML","الأطفال","10.99","https://karaz.ps/shop/product/johnsons-lotion-200-ml/","https://karaz.ps/wp-content/uploads/2022/07/3574661284002-300x300.jpg"
"karaz_barcode","Huggies Little Swimmers Swim Pants 3-4","وحدة","036000183399","41.99","karaz_product_adopted_latest","21","56","","","","","Huggies Little Swimmers Swim Pants 3-4","الأطفال","41.99","https://karaz.ps/shop/product/huggies-little-swimmers-swim-pants-small-12-pants/","https://karaz.ps/wp-content/uploads/2022/07/036000183399-300x300.jpg"
"karaz_barcode","Huggies DryNites Diaper Pants boy 8-15","وحدة","5029053527598","41.99","karaz_product_adopted_latest","21","56","","","","","Huggies DryNites Diaper Pants boy 8-15","الأطفال","41.99","https://karaz.ps/shop/product/huggies-drynites-pants-8-15-years-27-57/","https://karaz.ps/wp-content/uploads/2022/07/5029053527598-300x300.jpg"
"karaz_barcode","Huggies DryNites Pajama Pants فوط للنوم من عمر 8-15 سنة (9 فوط)","وحدة","5029053527604","41.99","karaz_product_adopted_latest","21","56","","","","","Huggies DryNites Pajama Pants فوط للنوم من عمر 8-15 سنة (9 فوط)","الأطفال","41.99","https://karaz.ps/shop/product/huggies-drynites-pajama-pants-%d9%81%d9%88%d8%b7-%d9%84%d9%84%d9%86%d9%88%d9%85-%d9%85%d9%86-%d8%b9%d9%85%d8%b1-8-15-%d8%b3%d9%86%d8%a9-9-%d9%81%d9%88%d8%b7/","https://karaz.ps/wp-content/uploads/2022/07/5029053527604-300x300.jpg"
"karaz_barcode","Huggies DryNites Pajama Pants فوط للنوم من عمر 4-7 سنوات (10 فوط) – Girls","وحدة","50290535275812","41.99","karaz_product_adopted_latest","21","56","","","","","Huggies DryNites Pajama Pants فوط للنوم من عمر 4-7 سنوات (10 فوط) – Girls","الأطفال","41.99","https://karaz.ps/shop/product/huggies-drynites-pajama-pants-%d9%81%d9%88%d8%b7-%d9%84%d9%84%d9%86%d9%88%d9%85-%d9%85%d9%86-%d8%b9%d9%85%d8%b1-4-7-%d8%b3%d9%86%d9%88%d8%a7%d8%aa-10-%d9%81%d9%88%d8%b7-girls/","https://karaz.ps/wp-content/uploads/2023/06/5029053527581-2-300x300.jpg"
"karaz_barcode","Pampers Baby-Dry #3 22 Diapers","وحدة","80010907844451","20.99","karaz_product_adopted_latest","21","56","","","","","Pampers Baby-Dry #3 22 Diapers","الأطفال","20.99","https://karaz.ps/shop/product/pampers-active-baby-dry-%d8%ad%d9%81%d8%a7%d8%b8%d8%a7%d8%aa-%d8%a7%d8%b7%d9%81%d8%a7%d9%84-%d8%a8%d8%a7%d9%85%d8%a8%d8%b1%d8%b2-%d8%b9%d8%a8%d9%88%d8%a9-%d8%b5%d8%ba%d9%8a%d8%b1%d8%a9-%d8%ad%d8%ac-3/","https://karaz.ps/wp-content/uploads/2022/07/8001090784445-1-300x300.jpg"
"karaz_barcode","S-26 Progress Gold اس-26 بروجرس جولد 900g – رقم 3","وحدة","7613035751187","84.99","karaz_product_adopted_latest","21","56","","","","","S-26 Progress Gold اس-26 بروجرس جولد 900g – رقم 3","طعام للأطفال","84.99","https://karaz.ps/shop/product/s-26-progress-gold-%d8%a7%d8%b3-26-%d8%a8%d8%b1%d9%88%d8%ac%d8%b1%d8%b3-%d8%ac%d9%88%d9%84%d8%af-900g-%d8%b1%d9%82%d9%85-3/","https://karaz.ps/wp-content/uploads/2022/07/7613035751187-300x300.jpg"
"karaz_barcode","S-26 Progress Gold اس-26 بروجرس جولد 900g – رقم 1","وحدة","7613035699038","84.99","karaz_product_adopted_latest","21","56","","","","","S-26 Progress Gold اس-26 بروجرس جولد 900g – رقم 1","طعام للأطفال","84.99","https://karaz.ps/shop/product/s-26-progress-gold-%d8%a7%d8%b3-26-%d8%a8%d8%b1%d9%88%d8%ac%d8%b1%d8%b3-%d8%ac%d9%88%d9%84%d8%af-900g-%d8%b1%d9%82%d9%85-1/","https://karaz.ps/wp-content/uploads/2022/07/7613035699038-300x300.jpg"
"karaz_barcode","S-26 Progress Gold اس-26 بروجرس جولد 900g – رقم 2","وحدة","7613035700475","86.99","karaz_product_adopted_latest","21","56","","","","","S-26 Progress Gold اس-26 بروجرس جولد 900g – رقم 2","طعام للأطفال","86.99","https://karaz.ps/shop/product/s-26-progress-gold-%d8%a7%d8%b3-26-%d8%a8%d8%b1%d9%88%d8%ac%d8%b1%d8%b3-%d8%ac%d9%88%d9%84%d8%af-900g-%d8%b1%d9%82%d9%85-2/","https://karaz.ps/wp-content/uploads/2022/07/7613035700475-300x300.jpg"
"karaz_barcode","S-26 Progress Gold اس-26 بروجرس جولد 400g – رقم 2","وحدة","7613035700468","41.99","karaz_product_adopted_latest","21","56","","","","","S-26 Progress Gold اس-26 بروجرس جولد 400g – رقم 2","طعام للأطفال","41.99","https://karaz.ps/shop/product/s-26-progress-gold-%d8%a7%d8%b3-26-%d8%a8%d8%b1%d9%88%d8%ac%d8%b1%d8%b3-%d8%ac%d9%88%d9%84%d8%af-400g-%d8%b1%d9%82%d9%85-2/","https://karaz.ps/wp-content/uploads/2022/07/7613035700468-300x300.jpg"
"karaz_barcode","BabyBis Baby Cookies Carrots X24","وحدة","7290011618131","17.99","karaz_product_adopted_latest","21","56","","","","","BabyBis Baby Cookies Carrots X24","طعام للأطفال","17.99","https://karaz.ps/shop/product/baby-biscuits-carrots-flavor-%d8%a8%d8%b3%d9%83%d9%88%d9%8a%d8%aa-%d8%a7%d8%b7%d9%81%d8%a7%d9%84-%d8%a8%d8%b7%d8%b9%d9%85-%d8%a7%d9%84%d8%ac%d8%b2%d8%b1-50g/","https://karaz.ps/wp-content/uploads/2022/07/7290011618131-300x300.jpg"
"karaz_barcode","Similac Advance Plus سيميلاك ادفانس بلس 400g","وحدة","5391523057202","34.99","karaz_product_adopted_latest","21","56","","","","","Similac Advance Plus سيميلاك ادفانس بلس 400g","طعام للأطفال","34.99","https://karaz.ps/shop/product/similac-advance-plus-%d8%b3%d9%8a%d9%85%d9%8a%d9%84%d8%a7%d9%83-%d8%a7%d8%af%d9%81%d8%a7%d9%86%d8%b3-%d8%a8%d9%84%d8%b3-400g/","https://karaz.ps/wp-content/uploads/2022/07/5391523057202-300x300.jpg"
"karaz_barcode","Gerber Grain & Grow Puffs, Fig Berry 42g","وحدة","015000045616","27.99","karaz_product_adopted_latest","21","56","","","","","Gerber Grain & Grow Puffs, Fig Berry 42g","طعام للأطفال","27.99","https://karaz.ps/shop/product/gerber-grain-grow-puffs-fig-berry-42g/","https://karaz.ps/wp-content/uploads/2024/06/015000045616-300x300.jpg"
"karaz_barcode","Gerber Organic Puffs, Cranberry Orange 42g","وحدة","015000045630","27.99","karaz_product_adopted_latest","21","56","","","","","Gerber Organic Puffs, Cranberry Orange 42g","طعام للأطفال","27.99","https://karaz.ps/shop/product/gerber-organic-puffs-cranberry-orange-42g/","https://karaz.ps/wp-content/uploads/2024/06/015000045630-300x300.jpg"
"karaz_barcode","Willi Food Snack Baby With Vegetables 50g","وحدة","7290108509212","17.99","karaz_product_adopted_latest","21","56","","","","","Willi Food Snack Baby With Vegetables 50g","طعام للأطفال","17.99","https://karaz.ps/shop/product/willi-food-snack-baby-with-vegetables-50g/","https://karaz.ps/wp-content/uploads/2023/01/7290108509212-300x300.jpg"
"karaz_barcode","Willi Food Snack Baby With Natural Flavor 50g","وحدة","7290108509205","17.99","karaz_product_adopted_latest","21","56","","","","","Willi Food Snack Baby With Natural Flavor 50g","طعام للأطفال","17.99","https://karaz.ps/shop/product/willi-food-snack-baby-with-natural-flavor-50g/","https://karaz.ps/wp-content/uploads/2023/01/7290108509205-300x300.jpg"
"karaz_barcode","Pampers Active Baby-dry حفاظات اطفال بامبرز عبوة صغيرة – حجم 4","وحدة","40156000025271","20.99","karaz_product_adopted_latest","21","56","","","","","Pampers Active Baby-dry حفاظات اطفال بامبرز عبوة صغيرة – حجم 4","العناية بالأطفال","20.99","https://karaz.ps/shop/product/pampers-active-baby-dry-%d8%ad%d9%81%d8%a7%d8%b8%d8%a7%d8%aa-%d8%a7%d8%b7%d9%81%d8%a7%d9%84-%d8%a8%d8%a7%d9%85%d8%a8%d8%b1%d8%b2-%d8%b9%d8%a8%d9%88%d8%a9-%d8%b5%d8%ba%d9%8a%d8%b1%d8%a9-%d8%ad%d8%ac/","https://karaz.ps/wp-content/uploads/2022/07/4015600002527-1-300x300.jpg"
"karaz_barcode","Premio Super Gold Kitten Chicken, Tuna & Cranberry 90g","وحدة","7290019321705","6.5","karaz_product_adopted_latest","24","66","","","","","Premio Super Gold Kitten Chicken, Tuna & Cranberry 90g","قسم الحيوانات الأليفة","6.5","https://karaz.ps/shop/product/premio-super-gold-kitten-chicken-tuna-cranberry-90g/","https://karaz.ps/wp-content/uploads/2024/06/7290019321705-300x300.jpg"
"karaz_barcode","Premio Cat Liquid Sticks Tuna& Cod Fish 56g","وحدة","7290018516089","7.99","karaz_product_adopted_latest","24","66","","","","","Premio Cat Liquid Sticks Tuna& Cod Fish 56g","قسم الحيوانات الأليفة","7.99","https://karaz.ps/shop/product/premio-cat-liquid-sticks-tuna-cod-fish-56g/","https://karaz.ps/wp-content/uploads/2023/05/7290018516089-300x300.jpg"
"karaz_barcode","Premio Cat Liquid Sticks Tuna 56g","وحدة","7290018516546","7.99","karaz_product_adopted_latest","24","66","","","","","Premio Cat Liquid Sticks Tuna 56g","قسم الحيوانات الأليفة","7.99","https://karaz.ps/shop/product/premio-cat-liquid-sticks-tuna-56g/","https://karaz.ps/wp-content/uploads/2023/05/7290018516546-300x300.jpg"
"karaz_barcode","CAMP FABRIC BED ISTANBUL DESGHIN NO1","وحدة","","49.99","karaz_product_adopted_latest","24","66","","","","","CAMP FABRIC BED ISTANBUL DESGHIN NO1","قسم الحيوانات الأليفة","49.99","https://karaz.ps/shop/product/camp-fabric-bed-istanbul-desghin-no1/","https://karaz.ps/wp-content/uploads/woocommerce-placeholder-300x300.png"
"karaz_barcode","Unipet 2-in-1 Feeder","وحدة","00098502","27.99","karaz_product_adopted_latest","24","66","","","","","Unipet 2-in-1 Feeder","قسم الحيوانات الأليفة","27.99","https://karaz.ps/shop/product/unipet-2-in-1-feeder/","https://karaz.ps/wp-content/uploads/2023/05/00098502-300x300.jpg"
"karaz_barcode","Plastic Pet Bowl Medium","وحدة","00097307","14.99","karaz_product_adopted_latest","24","66","","","","","Plastic Pet Bowl Medium","قسم الحيوانات الأليفة","14.99","https://karaz.ps/shop/product/plastic-pet-bowl-medium/","https://karaz.ps/wp-content/uploads/2023/05/00097307-300x300.jpg"
"karaz_barcode","Pet Bathing Tool","وحدة","00099806","29.99","karaz_product_adopted_latest","24","66","","","","","Pet Bathing Tool","قسم الحيوانات الأليفة","29.99","https://karaz.ps/shop/product/pet-bathing-tool/","https://karaz.ps/wp-content/uploads/2023/05/00099806-300x300.jpg"
"karaz_barcode","Nunbell Chew Bone Power","وحدة","6010204921999","39.99","karaz_product_adopted_latest","24","66","","","","","Nunbell Chew Bone Power","قسم الحيوانات الأليفة","39.99","https://karaz.ps/shop/product/nunbell-chew-bone-power/","https://karaz.ps/wp-content/uploads/2023/05/6010204921999-300x300.jpg"
"karaz_barcode","Chong le er Pet Nail Scissors","وحدة","00147101","34.99","karaz_product_adopted_latest","24","66","","","","","Chong le er Pet Nail Scissors","قسم الحيوانات الأليفة","34.99","https://karaz.ps/shop/product/chong-le-er-pet-nail-scissors/","https://karaz.ps/wp-content/uploads/2023/05/00147101-300x300.jpg"
"karaz_barcode","Pet king Pet Brush Comb","وحدة","800180000000993412","27.99","karaz_product_adopted_latest","24","66","","","","","Pet king Pet Brush Comb","قسم الحيوانات الأليفة","27.99","https://karaz.ps/shop/product/pet-king-pet-brush-comb/","https://karaz.ps/wp-content/uploads/2023/05/8001800000009934-12-300x300.jpg"
"karaz_barcode","Pet King Slicker Brush, Large","وحدة","00144902","34.99","karaz_product_adopted_latest","24","66","","","","","Pet King Slicker Brush, Large","قسم الحيوانات الأليفة","34.99","https://karaz.ps/shop/product/pet-king-slicker-brush-large/","https://karaz.ps/wp-content/uploads/2023/05/00144902-300x300.jpg"
"karaz_barcode","Pet King Slicker Brush, Medium","وحدة","19072035","27.99","karaz_product_adopted_latest","24","66","","","","","Pet King Slicker Brush, Medium","قسم الحيوانات الأليفة","27.99","https://karaz.ps/shop/product/pet-king-slicker-brush-medium/","https://karaz.ps/wp-content/uploads/2023/05/C19072035-300x300.jpg"
"karaz_barcode","Happy Animals Velvet Cat Collar","وحدة","8681999480480","5.99","karaz_product_adopted_latest","24","66","","","","","Happy Animals Velvet Cat Collar","قسم الحيوانات الأليفة","5.99","https://karaz.ps/shop/product/happy-animals-velvet-cat-collar/","https://karaz.ps/wp-content/uploads/2023/05/8681999480480-300x300.jpg"
"karaz_barcode","Pet Toy Ball","وحدة","800180000000993432","4.99","karaz_product_adopted_latest","24","66","","","","","Pet Toy Ball","قسم الحيوانات الأليفة","4.99","https://karaz.ps/shop/product/pet-toy-ball/","https://karaz.ps/wp-content/uploads/2023/05/80018000000099343-2-300x300.jpg"
"karaz_barcode","PreVital Cat Food With Liver 100g","وحدة","5999546174694","4.5","karaz_product_adopted_latest","24","66","","","","","PreVital Cat Food With Liver 100g","قسم الحيوانات الأليفة","4.5","https://karaz.ps/shop/product/prevital-cat-food-with-liver-100g/","https://karaz.ps/wp-content/uploads/2023/05/5999546174694-300x300.jpg"
"karaz_barcode","NaturVet Tear Stain Topical Remover Plus Aloe 118ml","وحدة","797801038140","29.99","karaz_product_adopted_latest","24","66","","","","","NaturVet Tear Stain Topical Remover Plus Aloe 118ml","قسم الحيوانات الأليفة","29.99","https://karaz.ps/shop/product/naturvet-tear-stain-topical-remover-plus-aloe-118ml/","https://karaz.ps/wp-content/uploads/2022/10/797801038140-300x300.jpg"
"karaz_barcode","Premio Pillows Meat Mix 60g","وحدة","7290015155793","12.99","karaz_product_adopted_latest","24","66","","","","","Premio Pillows Meat Mix 60g","طعام الحيوانات","12.99","https://karaz.ps/shop/product/premio-pillows-meat-mix-60g/","https://karaz.ps/wp-content/uploads/2022/07/7290015155793-300x300.jpg"
"karaz_barcode","Simba Dogs Food Lamb 415g","وحدة","8009470009164","4.5","karaz_product_adopted_latest","24","66","","","","","Simba Dogs Food Lamb 415g","طعام الحيوانات","4.5","https://karaz.ps/shop/product/simba-dogs-food-lamb-415g/","https://karaz.ps/wp-content/uploads/2022/07/8009470009164-300x300.jpg"
"karaz_barcode","Simba Cat Food Bocconcini 415g طعام للقطط مع بوكونشيني – تونا","وحدة","8009470009096","4.5","karaz_product_adopted_latest","24","66","","","","","Simba Cat Food Bocconcini 415g طعام للقطط مع بوكونشيني – تونا","طعام الحيوانات","4.5","https://karaz.ps/shop/product/simba-cat-food-bocconcini-415g-%d8%b7%d8%b9%d8%a7%d9%85-%d9%84%d9%84%d9%82%d8%b7%d8%b7-%d9%85%d8%b9-%d8%a8%d9%88%d9%83%d9%88%d9%86%d8%b4%d9%8a%d9%86%d9%8a-%d8%aa%d9%88%d9%86%d8%a7/","https://karaz.ps/wp-content/uploads/2022/07/8009470009096-300x300.jpg"
"karaz_barcode","Purina Friskies Chicken in Gravy 85g","وحدة","7613036976671","4.99","karaz_product_adopted_latest","24","66","","","","","Purina Friskies Chicken in Gravy 85g","طعام الحيوانات","4.99","https://karaz.ps/shop/product/friskies-gravy-chicken-85g/","https://karaz.ps/wp-content/uploads/2022/07/7613036976671-300x300.jpg"
"karaz_barcode","FRISKIES CATS FOOD TUNA 156G","وحدة","5000054351900","6.5","karaz_product_adopted_latest","24","66","","","","","FRISKIES CATS FOOD TUNA 156G","طعام الحيوانات","6.5","https://karaz.ps/shop/product/friskies-cats-food-tuna-156g/","https://karaz.ps/wp-content/uploads/2022/07/5000054351900-300x300.jpg"
"karaz_barcode","Friskies Cat Food طعام قطط 156g – Mixed Grill","وحدة","050000421541","6.5","karaz_product_adopted_latest","24","66","","","","","Friskies Cat Food طعام قطط 156g – Mixed Grill","طعام الحيوانات","6.5","https://karaz.ps/shop/product/friskies-cat-food-%d8%b7%d8%b9%d8%a7%d9%85-%d9%82%d8%b7%d8%b7-156g-mixed-grill/","https://karaz.ps/wp-content/uploads/2022/07/050000421541-300x300.jpg"
"karaz_barcode","Purina Friskies Dry Cat Food Tender & Crunchy Combo 1.42kg","وحدة","050000084500","37.99","karaz_product_adopted_latest","24","66","","","","","Purina Friskies Dry Cat Food Tender & Crunchy Combo 1.42kg","طعام الحيوانات","37.99","https://karaz.ps/shop/product/friskies-dry-cats-food-%d8%b7%d8%b9%d8%a7%d9%85-%d9%82%d8%b7%d8%b7-%d8%ac%d8%a7%d9%81-1-42kg-meat/","https://karaz.ps/wp-content/uploads/2022/07/050000084500-300x300.jpg"
"karaz_barcode","KikiKat Baby Powder Cat Litter 5lt","وحدة","8682408688121","24.99","karaz_product_adopted_latest","24","66","","","","","KikiKat Baby Powder Cat Litter 5lt","مستلزمات الحيوانات","24.99","https://karaz.ps/shop/product/kikikat-baby-powder-cat-litter-5lt/","https://karaz.ps/wp-content/uploads/2022/10/8682408688121-300x300.jpg"
"karaz_barcode","KikiKat Lavender Fields Cat Litter 5lt","وحدة","8682408688039","24.99","karaz_product_adopted_latest","24","66","","","","","KikiKat Lavender Fields Cat Litter 5lt","مستلزمات الحيوانات","24.99","https://karaz.ps/shop/product/kikikat-lavender-fields-cat-litter-5lt/","https://karaz.ps/wp-content/uploads/2022/10/8682408688039-300x300.jpg"
"karaz_barcode","Green Goo, Animal Pain Relief Salve 51g","وحدة","810003700674","59.99","karaz_product_adopted_latest","24","66","","","","","Green Goo, Animal Pain Relief Salve 51g","مستلزمات الحيوانات","59.99","https://karaz.ps/shop/product/green-goo-animal-pain-relief-salve-51g/","https://karaz.ps/wp-content/uploads/2022/09/810003700674-300x300.jpg"
"karaz_barcode","Varta V10GA Alkaline Battery","وحدة","4008496297634","7.99","karaz_product_adopted_latest","20","52","","","","","Varta V10GA Alkaline Battery","مستلزمات المنزل","7.99","https://karaz.ps/shop/product/varta-v10ga-alkaline-battery/","https://karaz.ps/wp-content/uploads/2024/06/4008496297634-300x300.jpg"
"karaz_barcode","Varta Long Life بطارية فارتا AA","وحدة","4008496884858","7.99","karaz_product_adopted_latest","20","52","","","","","Varta Long Life بطارية فارتا AA","مستلزمات المنزل","7.99","https://karaz.ps/shop/product/varta-long-life-%d8%a8%d8%b7%d8%a7%d8%b1%d9%8a%d8%a9-%d9%81%d8%a7%d8%b1%d8%aa%d8%a7-aa/","https://karaz.ps/wp-content/uploads/2024/06/4008496884858-300x300.jpg"
"karaz_barcode","Varta Long Life بطارية فارتا AAA","وحدة","4008496884810","7.99","karaz_product_adopted_latest","20","52","","","","","Varta Long Life بطارية فارتا AAA","مستلزمات المنزل","7.99","https://karaz.ps/shop/product/varta-long-life-%d8%a8%d8%b7%d8%a7%d8%b1%d9%8a%d8%a9-%d9%81%d8%a7%d8%b1%d8%aa%d8%a7-aaa/","https://karaz.ps/wp-content/uploads/2024/06/4008496884810-300x300.jpg"
"karaz_barcode","Varta Pocket Charger 4 بطاريات فارتا AA مع شاحن","وحدة","4008496850549","119.99","karaz_product_adopted_latest","20","52","","","","","Varta Pocket Charger 4 بطاريات فارتا AA مع شاحن","مستلزمات المنزل","119.99","https://karaz.ps/shop/product/varta-pocket-charger-4-%d8%a8%d8%b7%d8%a7%d8%b1%d9%8a%d8%a7%d8%aa-%d9%81%d8%a7%d8%b1%d8%aa%d8%a7-aa-%d9%85%d8%b9-%d8%b4%d8%a7%d8%ad%d9%86/","https://karaz.ps/wp-content/uploads/2024/06/4008496850549-300x300.jpg"
"karaz_barcode","McLaren Multi-Purpose Foam Cleaner 103 500ml","وحدة","5055290738374","25.99","karaz_product_adopted_latest","20","52","","","","","McLaren Multi-Purpose Foam Cleaner 103 500ml","مستلزمات المنزل","25.99","https://karaz.ps/shop/product/mclaren-multi-purpose-foam-cleaner-103-500ml/","https://karaz.ps/wp-content/uploads/2023/05/5055290738374-300x300.jpg"
"karaz_barcode","Gunk Multi-Purpose Cleaner 946ml","وحدة","078698222288","21.99","karaz_product_adopted_latest","20","52","","","","","Gunk Multi-Purpose Cleaner 946ml","مستلزمات المنزل","21.99","https://karaz.ps/shop/product/gunk-multi-purpose-cleaner-946ml/","https://karaz.ps/wp-content/uploads/2023/05/078698222288-300x300.jpg"
"karaz_barcode","Gunk General Purpose Cleaner & Degreasers 946ml","وحدة","078698218441","21.99","karaz_product_adopted_latest","20","52","","","","","Gunk General Purpose Cleaner & Degreasers 946ml","مستلزمات المنزل","21.99","https://karaz.ps/shop/product/gunk-general-purpose-cleaner-degreasers-946ml/","https://karaz.ps/wp-content/uploads/2023/05/078698218441-300x300.jpg"
"karaz_barcode","York Rubber Gloves Aloe Vera L","وحدة","5903355046950","9.99","karaz_product_adopted_latest","20","52","","","","","York Rubber Gloves Aloe Vera L","مستلزمات المنزل","9.99","https://karaz.ps/shop/product/york-rubber-gloves-aloe-vera-l/","https://karaz.ps/wp-content/uploads/2023/05/5903355046950-300x300.jpg"
"karaz_barcode","York Microfiber Floor Cloth","وحدة","5903355085942","15.99","karaz_product_adopted_latest","20","52","","","","","York Microfiber Floor Cloth","مستلزمات المنزل","15.99","https://karaz.ps/shop/product/york-microfiber-floor-cloth/","https://karaz.ps/wp-content/uploads/2023/05/5903355085942-300x300.jpg"
"karaz_barcode","York Long Dustpan And Brush","وحدة","5903355105282","14.99","karaz_product_adopted_latest","20","52","","","","","York Long Dustpan And Brush","مستلزمات المنزل","14.99","https://karaz.ps/shop/product/york-long-dustpan-and-brush/","https://karaz.ps/wp-content/uploads/2023/05/5903355105282-300x300.jpg"
"karaz_barcode","York Mesh Bath Sprng","وحدة","5903355007654","7.99","karaz_product_adopted_latest","20","52","","","","","York Mesh Bath Sprng","مستلزمات المنزل","7.99","https://karaz.ps/shop/product/york-mesh-bath-sprng/","https://karaz.ps/wp-content/uploads/2023/05/5903355007654-300x300.jpg"
"karaz_barcode","York Long Handle Dustpan And Brush","وحدة","5903355004936","21.99","karaz_product_adopted_latest","20","52","","","","","York Long Handle Dustpan And Brush","مستلزمات المنزل","21.99","https://karaz.ps/shop/product/york-long-handle-dustpan-and-brush/","https://karaz.ps/wp-content/uploads/2023/05/5903355004936-300x300.jpg"
"karaz_barcode","York Broom Grand","وحدة","5903355094111","14.99","karaz_product_adopted_latest","20","52","","","","","York Broom Grand","مستلزمات المنزل","14.99","https://karaz.ps/shop/product/york-broom-grand/","https://karaz.ps/wp-content/uploads/2023/05/5903355094111-300x300.jpg"
"karaz_barcode","INTER SUN TEA  LIGHT X50","وحدة","7290004199241","11.99","karaz_product_adopted_latest","20","52","","","","","INTER SUN TEA  LIGHT X50","مستلزمات المنزل","11.99","https://karaz.ps/shop/product/inter-sun-tea-light-x50/","https://karaz.ps/wp-content/uploads/2023/04/7290004199241-300x300.jpg"
"karaz_barcode","York Dust Broom Salsa","وحدة","5903355070771","27.99","karaz_product_adopted_latest","20","52","","","","","York Dust Broom Salsa","مستلزمات المنزل","27.99","https://karaz.ps/shop/product/york-dust-broom-salsa/","https://karaz.ps/wp-content/uploads/2023/01/5903355070771-300x300.jpg"
"karaz_barcode","York Sanitary Sponge","وحدة","5903355004707","5.99","karaz_product_adopted_latest","20","52","","","","","York Sanitary Sponge","مستلزمات المنزل","5.99","https://karaz.ps/shop/product/york-sanitary-sponge/","https://karaz.ps/wp-content/uploads/2023/01/5903355004707-300x300.jpg"
"karaz_barcode","York Eco Natural Floor Cloth Bamboo","وحدة","5903355104896","15.99","karaz_product_adopted_latest","20","52","","","","","York Eco Natural Floor Cloth Bamboo","مستلزمات المنزل","15.99","https://karaz.ps/shop/product/york-eco-natural-floor-cloth-bamboo/","https://karaz.ps/wp-content/uploads/2023/01/5903355104896-300x300.jpg"
"karaz_barcode","Bra Efficient Set Of 3 Pieces","وحدة","8411796111481","149.99","karaz_product_adopted_latest","22","59","","","","","Bra Efficient Set Of 3 Pieces","أدوات للطعام والشراب","149.99","https://karaz.ps/shop/product/bra-efficient-set-of-3-pieces/","https://karaz.ps/wp-content/uploads/2022/11/8411796111481-300x300.jpg"
"karaz_barcode","Golf Plastic Silver Forks 20Pcs","وحدة","6253504180363","6.99","karaz_product_adopted_latest","22","59","","","","","Golf Plastic Silver Forks 20Pcs","أدوات للطعام والشراب","6.99","https://karaz.ps/shop/product/golf-plastic-silver-forks-20pcs/","https://karaz.ps/wp-content/uploads/2022/07/6253504180363-300x300.jpg"
"karaz_barcode","BISSAN LARGE WHITE FORK 50PCS","وحدة","6251586037056","5.99","karaz_product_adopted_latest","22","59","","","","","BISSAN LARGE WHITE FORK 50PCS","أدوات للطعام والشراب","5.99","https://karaz.ps/shop/product/bissan-large-white-fork-50pcs/","https://karaz.ps/wp-content/uploads/2022/07/6251586037056-300x300.jpg"
"karaz_barcode","Hefty Easy Grip Crack Resistant 18 oz كاسات بلاستيك مقوى عدد 20","وحدة","013700118203","9.99","karaz_product_adopted_latest","22","59","","","","","Hefty Easy Grip Crack Resistant 18 oz كاسات بلاستيك مقوى عدد 20","أدوات للطعام والشراب","9.99","https://karaz.ps/shop/product/hefty-easy-grip-crack-resistant-18-oz-%d9%83%d8%a7%d8%b3%d8%a7%d8%aa-%d8%a8%d9%84%d8%a7%d8%b3%d8%aa%d9%8a%d9%83-%d9%85%d9%82%d9%88%d9%89-%d8%b9%d8%af%d8%af-20/","https://karaz.ps/wp-content/uploads/2022/07/013700118203-300x300.jpg"
"karaz_barcode","Bissan Colors Life Plates 10in صحون بلاستيك ملونة عدد 25","وحدة","8699237890236","8.99","karaz_product_adopted_latest","22","59","","","","","Bissan Colors Life Plates 10in صحون بلاستيك ملونة عدد 25","أدوات للطعام والشراب","8.99","https://karaz.ps/shop/product/bissan-colors-life-plates-10in-%d8%b5%d8%ad%d9%88%d9%86-%d8%a8%d9%84%d8%a7%d8%b3%d8%aa%d9%8a%d9%83-%d9%85%d9%84%d9%88%d9%86%d8%a9-%d8%b9%d8%af%d8%af-25/","https://karaz.ps/wp-content/uploads/2022/07/8699237890236-300x300.jpg"
"karaz_barcode","Bissan Colors Life Plates Oval صحون بلاستيك بيضاوية ملونة عدد 25","وحدة","7290001716540","11.99","karaz_product_adopted_latest","7","22","","","","","Bissan Colors Life Plates Oval صحون بلاستيك بيضاوية ملونة عدد 25","أدوات للطعام والشراب","11.99","https://karaz.ps/shop/product/bissan-colors-life-plates-oval-%d8%b5%d8%ad%d9%88%d9%86-%d8%a8%d9%84%d8%a7%d8%b3%d8%aa%d9%8a%d9%83-%d8%a8%d9%8a%d8%b6%d8%a7%d9%88%d9%8a%d8%a9-%d9%85%d9%84%d9%88%d9%86%d8%a9-%d8%b9%d8%af%d8%af-25/","https://karaz.ps/wp-content/uploads/2022/07/7290001716540-300x300.jpg"
"karaz_barcode","25 قطعة Reynolds Wrappers Pre-cut Foil Sheets قصدير مقطع (35.5cm X 26cm)","وحدة","010900001564","7.99","karaz_product_adopted_latest","22","59","","","","","25 قطعة Reynolds Wrappers Pre-cut Foil Sheets قصدير مقطع (35.5cm X 26cm)","أدوات للطعام والشراب","7.99","https://karaz.ps/shop/product/25-%d9%82%d8%b7%d8%b9%d8%a9-reynolds-wrappers-pre-cut-foil-sheets-%d9%82%d8%b5%d8%af%d9%8a%d8%b1-%d9%85%d9%82%d8%b7%d8%b9-35-5cm-x-26cm/","https://karaz.ps/wp-content/uploads/2022/06/010900001564-300x300.jpg"
"karaz_barcode","Reynolds Cut-rite Wax Paper ورق زبدة (23m X 30cm)","وحدة","010900003278","11.99","karaz_product_adopted_latest","4","12","","","","","Reynolds Cut-rite Wax Paper ورق زبدة (23m X 30cm)","أدوات للطعام والشراب","11.99","https://karaz.ps/shop/product/reynolds-cut-rite-wax-paper-%d9%88%d8%b1%d9%82-%d8%b2%d8%a8%d8%af%d8%a9-23m-x-30cm/","https://karaz.ps/wp-content/uploads/2022/06/010900003278-300x300.jpg"
"karaz_barcode","Reynolds Bakeware Multi Purpose المنيوم للبيتزا و استخدامات أخرى (عدد 3)","وحدة","070485600354","6.99","karaz_product_adopted_latest","10","29","","","","","Reynolds Bakeware Multi Purpose المنيوم للبيتزا و استخدامات أخرى (عدد 3)","أدوات للطعام والشراب","6.99","https://karaz.ps/shop/product/reynolds-bakeware-multi-purpose-%d8%a7%d9%84%d9%85%d9%86%d9%8a%d9%88%d9%85-%d9%84%d9%84%d8%a8%d9%8a%d8%aa%d8%b2%d8%a7-%d9%88-%d8%a7%d8%b3%d8%aa%d8%ae%d8%af%d8%a7%d9%85%d8%a7%d8%aa-%d8%a3%d8%ae%d8%b1/","https://karaz.ps/wp-content/uploads/2022/06/070485600354-300x300.jpg"
"karaz_barcode","Reynolds Oven Bags أكياس شواء للفرن (عدد 2)","وحدة","010900125017","6.99","karaz_product_adopted_latest","22","59","","","","","Reynolds Oven Bags أكياس شواء للفرن (عدد 2)","أدوات للطعام والشراب","6.99","https://karaz.ps/shop/product/reynolds-oven-bags-%d8%a3%d9%83%d9%8a%d8%a7%d8%b3-%d8%b4%d9%88%d8%a7%d8%a1-%d9%84%d9%84%d9%81%d8%b1%d9%86-%d8%b9%d8%af%d8%af-2/","https://karaz.ps/wp-content/uploads/2022/06/010900125017-300x300.jpg"
"karaz_barcode","Hefty Sandwich Bags With Twist Ties (17cm X 22cm) أكياس ساندويشات مع مرابط عدد 80","وحدة","013700479007","7.5","karaz_product_adopted_latest","22","59","","","","","Hefty Sandwich Bags With Twist Ties (17cm X 22cm) أكياس ساندويشات مع مرابط عدد 80","أدوات للطعام والشراب","7.5","https://karaz.ps/shop/product/hefty-sandwich-bags-with-twist-ties-17cm-x-22cm-%d8%a3%d9%83%d9%8a%d8%a7%d8%b3-%d8%b3%d8%a7%d9%86%d8%af%d9%88%d9%8a%d8%b4%d8%a7%d8%aa-%d9%85%d8%b9-%d9%85%d8%b1%d8%a7%d8%a8%d8%b7-%d8%b9%d8%af%d8%af-8/","https://karaz.ps/wp-content/uploads/2022/06/013700479007-300x300.jpg"
"karaz_barcode","Clorox Disinfecting Wipes Fresh Scent x30","وحدة","9324054906394","14.99","karaz_product_adopted_latest","22","59","","","","","Clorox Disinfecting Wipes Fresh Scent x30","أدوات للطعام والشراب","14.99","https://karaz.ps/shop/product/clorox-disinfecting-wipes-fresh-scent-x30/","https://karaz.ps/wp-content/uploads/2023/01/9324054906394-300x300.jpg"
"karaz_barcode","Bra Efficient Cutting Board 40x25cm","وحدة","8411796111009","109.99","karaz_product_adopted_latest","22","59","","","","","Bra Efficient Cutting Board 40x25cm","أدوات للطعام والشراب","109.99","https://karaz.ps/shop/product/bra-efficient-cutting-board-40x25cm/","https://karaz.ps/wp-content/uploads/2022/11/8411796111009-300x300.jpg"
"karaz_barcode","Rayen Washing Bag For Delicate Garments حافظة ملابس داخلية للغسيل","وحدة","8412955300128","34.99","karaz_product_adopted_latest","22","59","","","","","Rayen Washing Bag For Delicate Garments حافظة ملابس داخلية للغسيل","أدوات للطعام والشراب","34.99","https://karaz.ps/shop/product/rayen-washing-bag-for-delicate-garments-%d8%ad%d8%a7%d9%81%d8%b8%d8%a9-%d9%85%d9%84%d8%a7%d8%a8%d8%b3-%d8%af%d8%a7%d8%ae%d9%84%d9%8a%d8%a9-%d9%84%d9%84%d8%ba%d8%b3%d9%8a%d9%84/","https://karaz.ps/wp-content/uploads/2022/11/8412955300128-300x300.jpg"
"karaz_barcode","Golf Plastic Silver Spoons 20Pcs","وحدة","6253504180615","6.99","karaz_product_adopted_latest","22","59","","","","","Golf Plastic Silver Spoons 20Pcs","أدوات للطعام والشراب","6.99","https://karaz.ps/shop/product/golf-plastic-silver-spoons-20pcs/","https://karaz.ps/wp-content/uploads/2022/07/6253504180615-300x300.jpg"
"karaz_barcode","Bissan Table Sheets Roll رول غطاء لطاولات السفرة نايلون","وحدة","6251581011020","5.99","karaz_product_adopted_latest","22","59","","","","","Bissan Table Sheets Roll رول غطاء لطاولات السفرة نايلون","أدوات للطعام والشراب","5.99","https://karaz.ps/shop/product/bissan-table-sheets-roll-%d8%b1%d9%88%d9%84-%d8%ba%d8%b7%d8%a7%d8%a1-%d9%84%d8%b7%d8%a7%d9%88%d9%84%d8%a7%d8%aa-%d8%a7%d9%84%d8%b3%d9%81%d8%b1%d8%a9-%d9%86%d8%a7%d9%8a%d9%84%d9%88%d9%86/","https://karaz.ps/wp-content/uploads/2022/07/6251581011020-300x300.jpg"
"karaz_barcode","GOLF BIG PLASTIC SPOONS 100 PCS","وحدة","6253504181599","7.99","karaz_product_adopted_latest","22","59","","","","","GOLF BIG PLASTIC SPOONS 100 PCS","أدوات للطعام والشراب","7.99","https://karaz.ps/shop/product/golf-big-plastic-spoons-100-pcs/","https://karaz.ps/wp-content/uploads/2022/07/6253504181599-300x300.jpg"
"karaz_barcode","BISSAN CRYSTAL LUX. FORK 50PCS","وحدة","8695452615111","6.99","karaz_product_adopted_latest","22","59","","","","","BISSAN CRYSTAL LUX. FORK 50PCS","أدوات للطعام والشراب","6.99","https://karaz.ps/shop/product/bissan-crystal-lux-fork-50pcs/","https://karaz.ps/wp-content/uploads/2022/07/8695452615111-300x300.jpg"
"karaz_barcode","York Eco Natural shower squeegee","وحدة","5903355118022","11.99","karaz_product_adopted_latest","26","68","","","","","York Eco Natural shower squeegee","أدوات تنظيف","11.99","https://karaz.ps/shop/product/york-eco-natural-shower-squeegee/","https://karaz.ps/wp-content/uploads/2023/01/5903355118022-300x300.jpg"
"karaz_barcode","York Plastic Clothes Pegs 16 pcs","وحدة","5903355028468","9.99","karaz_product_adopted_latest","26","68","","","","","York Plastic Clothes Pegs 16 pcs","أدوات تنظيف","9.99","https://karaz.ps/shop/product/york-plastic-clothes-pegs-16-pcs/","https://karaz.ps/wp-content/uploads/2023/01/5903355028468-300x300.jpg"
"karaz_barcode","York Gray Loft toilet set","وحدة","5903355105305","15.99","karaz_product_adopted_latest","26","68","","","","","York Gray Loft toilet set","أدوات تنظيف","15.99","https://karaz.ps/shop/product/york-gray-loft-toilet-set/","https://karaz.ps/wp-content/uploads/2023/01/5903355105305-300x300.jpg"
"karaz_barcode","Extra All Purpose MictoFiber 30*30 X5","وحدة","7290106260832","9.99","karaz_product_adopted_latest","26","68","","","","","Extra All Purpose MictoFiber 30*30 X5","أدوات تنظيف","9.99","https://karaz.ps/shop/product/extra-all-purpose-mictofiber-3030-x5/","https://karaz.ps/wp-content/uploads/2022/12/7290106260832-300x300.jpg"
"karaz_barcode","Vileda Gloves Sensitve Pink S","وحدة","8001940003313","9.99","karaz_product_adopted_latest","26","68","","","","","Vileda Gloves Sensitve Pink S","أدوات تنظيف","9.99","https://karaz.ps/shop/product/vileda-gloves-sensitve-pink-s/","https://karaz.ps/wp-content/uploads/2022/12/8001940003313-300x300.jpg"
"karaz_barcode","Swirl Clean Glasses Tissues","وحدة","4006508177325","19.99","karaz_product_adopted_latest","26","68","","","","","Swirl Clean Glasses Tissues","أدوات تنظيف","19.99","https://karaz.ps/shop/product/swirl-clean-glasses-tissues/","https://karaz.ps/wp-content/uploads/2022/11/4006508177325-300x300.jpg"
"karaz_barcode","Mery Microfiber purple Mop","وحدة","8411287004711","34.99","karaz_product_adopted_latest","26","68","","","","","Mery Microfiber purple Mop","أدوات تنظيف","34.99","https://karaz.ps/shop/product/mery-microfiber-purple-mop/","https://karaz.ps/wp-content/uploads/2022/11/8411287004711-300x300.jpg"
"karaz_barcode","Aeroxon Clothes Moth Trap x1","وحدة","4027600234402","29.99","karaz_product_adopted_latest","26","68","","","","","Aeroxon Clothes Moth Trap x1","أدوات تنظيف","29.99","https://karaz.ps/shop/product/aeroxon-clothes-moth-trap-x1/","https://karaz.ps/wp-content/uploads/2022/11/4027600234402-300x300.jpg"
"karaz_barcode","Rayen Washing Machine Cover","وحدة","8412955201401","54.99","karaz_product_adopted_latest","26","68","","","","","Rayen Washing Machine Cover","أدوات تنظيف","54.99","https://karaz.ps/shop/product/rayen-washing-machine-cover/","https://karaz.ps/wp-content/uploads/2022/11/8412955201401-300x300.jpg"
"karaz_barcode","Harpic Power Plus Max 10 Citrus Force 750ml","وحدة","5900627040104","10.99","karaz_product_adopted_latest","20","52","","","","","Harpic Power Plus Max 10 Citrus Force 750ml","منظفات","10.99","https://karaz.ps/shop/product/harpic-power-plus-max-10-citrus-force-750ml/","https://karaz.ps/wp-content/uploads/2022/10/5900627040104-300x300.jpg"
"karaz_barcode","Finish Regular All In 1 Max Regular Gel 1l","وحدة","7290101869726","31.99","karaz_product_adopted_latest","20","52","","","","","Finish Regular All In 1 Max Regular Gel 1l","منظفات","31.99","https://karaz.ps/shop/product/finish-regular-all-in-1-max-regular-gel-1l/","https://karaz.ps/wp-content/uploads/2022/10/7290101869726-300x300.jpg"
"karaz_barcode","Ecos Stain & Odor Remover 650ml","وحدة","749174097071","44.99","karaz_product_adopted_latest","20","52","","","","","Ecos Stain & Odor Remover 650ml","منظفات","44.99","https://karaz.ps/shop/product/ecos-stain-odor-remover-650ml/","https://karaz.ps/wp-content/uploads/2022/09/749174097071-300x300.jpg"
"karaz_barcode","Palmolive Classic Dishwashing Liquid 750ml بالمولييف سائل جلي كلاسيك","وحدة","7290002730262","14.99","karaz_product_adopted_latest","20","52","","","","","Palmolive Classic Dishwashing Liquid 750ml بالمولييف سائل جلي كلاسيك","منظفات","14.99","https://karaz.ps/shop/product/palmolive-classic-dishwashing-liquid-750ml-%d8%a8%d8%a7%d9%84%d9%85%d9%88%d9%84%d9%8a%d9%8a%d9%81-%d8%b3%d8%a7%d8%a6%d9%84-%d8%ac%d9%84%d9%8a-%d9%83%d9%84%d8%a7%d8%b3%d9%8a%d9%83/","https://karaz.ps/wp-content/uploads/2022/08/7290002730262-300x300.jpg"
"karaz_barcode","Sano Pisgah Bleach 4l","وحدة","7290001791349","14.99","karaz_product_adopted_latest","20","52","","","","","Sano Pisgah Bleach 4l","منظفات","14.99","https://karaz.ps/shop/product/sano-pisgah-bleach-4l/","https://karaz.ps/wp-content/uploads/2022/08/7290001791349-300x300.jpg"
"karaz_barcode","Sano Toilet Bowl Cleaner منظف و معطر مقعد الحمام 1L","وحدة","7290000412481","9.99","karaz_product_adopted_latest","5","13","","","","","Sano Toilet Bowl Cleaner منظف و معطر مقعد الحمام 1L","منظفات","9.99","https://karaz.ps/shop/product/sano-toilet-bowl-cleaner-%d9%85%d9%86%d8%b8%d9%81-%d9%88-%d9%85%d8%b9%d8%b7%d8%b1-%d9%85%d9%82%d8%b9%d8%af-%d8%a7%d9%84%d8%ad%d9%85%d8%a7%d9%85-1l/","https://karaz.ps/wp-content/uploads/2022/07/7290000412481-300x300.jpg"
"karaz_barcode","Palmolive Classic Dishwashing Liquid 1.5L","وحدة","8714789834467","19.99","karaz_product_adopted_latest","20","52","","","","","Palmolive Classic Dishwashing Liquid 1.5L","منظفات","19.99","https://karaz.ps/shop/product/palmolive-classic-dishwashing-liquid-1-5l/","https://karaz.ps/wp-content/uploads/2022/07/8714789834467-300x300.jpg"
"karaz_barcode","Persil Gel جل غسيل مركز للملابس البيضاء و الملونه 2.5l","وحدة","7290016509809","27.99","karaz_product_adopted_latest","7","22","","","","","Persil Gel جل غسيل مركز للملابس البيضاء و الملونه 2.5l","منظفات","27.99","https://karaz.ps/shop/product/persil-gel-%d8%ac%d9%84-%d8%ba%d8%b3%d9%8a%d9%84-%d9%85%d8%b1%d9%83%d8%b2-%d9%84%d9%84%d9%85%d9%84%d8%a7%d8%a8%d8%b3-%d8%a7%d9%84%d8%a8%d9%8a%d8%b6%d8%a7%d8%a1-%d9%88-%d8%a7%d9%84%d9%85%d9%84%d9%88-3/","https://karaz.ps/wp-content/uploads/2022/07/7290016509809-300x300.jpg"
"karaz_barcode","Persil Gel جل غسيل مركز للملابس البيضاء و الملونه – 2.5 لتر","وحدة","7290016509786","27.99","karaz_product_adopted_latest","7","22","","","","","Persil Gel جل غسيل مركز للملابس البيضاء و الملونه – 2.5 لتر","منظفات","27.99","https://karaz.ps/shop/product/persil-gel-%d8%ac%d9%84-%d8%ba%d8%b3%d9%8a%d9%84-%d9%85%d8%b1%d9%83%d8%b2-%d9%84%d9%84%d9%85%d9%84%d8%a7%d8%a8%d8%b3-%d8%a7%d9%84%d8%a8%d9%8a%d8%b6%d8%a7%d8%a1-%d9%88-%d8%a7%d9%84%d9%85%d9%84%d9%88/","https://karaz.ps/wp-content/uploads/2022/07/7290016509786-300x300.jpg"
"karaz_barcode","Vanish Oxi Crystal White فانيش لبقع الملابس البيضاء 3l","وحدة","7290101866787","28.99","karaz_product_adopted_latest","7","22","","","","","Vanish Oxi Crystal White فانيش لبقع الملابس البيضاء 3l","منظفات","28.99","https://karaz.ps/shop/product/vanish-oxi-crystal-white-%d9%81%d8%a7%d9%86%d9%8a%d8%b4-%d9%84%d8%a8%d9%82%d8%b9-%d8%a7%d9%84%d9%85%d9%84%d8%a7%d8%a8%d8%b3-%d8%a7%d9%84%d8%a8%d9%8a%d8%b6%d8%a7%d8%a1-3l/","https://karaz.ps/wp-content/uploads/2022/07/7290101866787-300x300.jpg"
"karaz_barcode","Air Wick Pure Pleasure Of Spring 250ml","وحدة","7290112001023","15.99","karaz_product_adopted_latest","20","53","","","","","Air Wick Pure Pleasure Of Spring 250ml","معطرات الجو","15.99","https://karaz.ps/shop/product/air-wick-pure-pleasure-of-spring-250ml/","https://karaz.ps/wp-content/uploads/2022/11/7290112001023-300x300.jpg"
"karaz_barcode","Air Wick Scented Sticks Sweet Lavender 30 ml","وحدة","7290108201284","15.99","karaz_product_adopted_latest","20","53","","","","","Air Wick Scented Sticks Sweet Lavender 30 ml","معطرات الجو","15.99","https://karaz.ps/shop/product/air-wick-scented-sticks-sweet-lavender-30-ml/","https://karaz.ps/wp-content/uploads/2022/10/7290108201284-300x300.jpg"
"karaz_barcode","Air Wick Life Scents Oasis 30ml","وحدة","7290101869979","15.99","karaz_product_adopted_latest","20","53","","","","","Air Wick Life Scents Oasis 30ml","معطرات الجو","15.99","https://karaz.ps/shop/product/air-wick-life-scents-oasis-30ml/","https://karaz.ps/wp-content/uploads/2022/10/7290101869979-300x300.jpg"
"karaz_barcode","Air Wick Vanilla & Orchid Air Freshener 240 ml","وحدة","3059940007768","11.99","karaz_product_adopted_latest","20","53","","","","","Air Wick Vanilla & Orchid Air Freshener 240 ml","معطرات الجو","11.99","https://karaz.ps/shop/product/air-wick-vanilla-orchid-air-freshener-240-ml/","https://karaz.ps/wp-content/uploads/2022/10/3059940007768-300x300.jpg"
"karaz_barcode","Air Wick Life Scents Air Freshener اير ويك روائح الحياة معطر جو للماكنة 250ml – Summer Delights","وحدة","7290101869795","10.99","karaz_product_adopted_latest","20","53","","","","","Air Wick Life Scents Air Freshener اير ويك روائح الحياة معطر جو للماكنة 250ml – Summer Delights","معطرات الجو","10.99","https://karaz.ps/shop/product/air-wick-life-scents-air-freshener-%d8%a7%d9%8a%d8%b1-%d9%88%d9%8a%d9%83-%d8%b1%d9%88%d8%a7%d8%a6%d8%ad-%d8%a7%d9%84%d8%ad%d9%8a%d8%a7%d8%a9-%d9%85%d8%b9%d8%b7%d8%b1-%d8%ac%d9%88-%d9%84%d9%84%d9%85-4/","https://karaz.ps/wp-content/uploads/2022/07/7290101869795-300x300.jpg"
"karaz_barcode","AIR WICK LIFE SCENTS MIDSUMMER","وحدة","7290101869818","28.5","karaz_product_adopted_latest","20","53","","","","","AIR WICK LIFE SCENTS MIDSUMMER","معطرات الجو","28.5","https://karaz.ps/shop/product/air-wick-life-scents-midsummer/","https://karaz.ps/wp-content/uploads/2022/07/7290101869818-300x300.jpg"
"karaz_barcode","Glade Alluring Sheer Vanilla Embrace 96g","وحدة","046500769597","39.99","karaz_product_adopted_latest","20","53","","","","","Glade Alluring Sheer Vanilla Embrace 96g","معطرات الجو","39.99","https://karaz.ps/shop/product/glade-alluring-sheer-vanilla-embrace-96g/","https://karaz.ps/wp-content/uploads/2023/04/046500769597-300x300.jpg"
"karaz_barcode","Air Wick Essential Mist Pineapple, Peach & Wild Mint 20ml","وحدة","7290112004406","14.99","karaz_product_adopted_latest","20","53","","","","","Air Wick Essential Mist Pineapple, Peach & Wild Mint 20ml","معطرات الجو","14.99","https://karaz.ps/shop/product/air-wick-essential-mist-pineapple-peach-wild-mint-20ml/","https://karaz.ps/wp-content/uploads/2022/12/7290112004406-300x300.jpg"
"karaz_barcode","Air Wick Essential Mist Jasmine & Flower Machine","وحدة","7290112000149","44.99","karaz_product_adopted_latest","20","53","","","","","Air Wick Essential Mist Jasmine & Flower Machine","معطرات الجو","44.99","https://karaz.ps/shop/product/air-wick-essential-mist-jasmine-flower-machine/","https://karaz.ps/wp-content/uploads/2022/12/7290112000149-300x300.jpg"
"karaz_barcode","Air Wick Aroma Of Asian Wild Herbs Filing 250ml","وحدة","7290112004161","10.99","karaz_product_adopted_latest","20","53","","","","","Air Wick Aroma Of Asian Wild Herbs Filing 250ml","معطرات الجو","10.99","https://karaz.ps/shop/product/air-wick-aroma-of-asian-wild-herbs-filing-250ml/","https://karaz.ps/wp-content/uploads/2022/12/7290112004161-300x300.jpg"
"karaz_barcode","Air Wick Pure Freshmatic Refill Mango 250ml","وحدة","7290112003140","15.99","karaz_product_adopted_latest","20","53","","","","","Air Wick Pure Freshmatic Refill Mango 250ml","معطرات الجو","15.99","https://karaz.ps/shop/product/air-wick-pure-freshmatic-refill-mango-250ml/","https://karaz.ps/wp-content/uploads/2022/10/7290112003140-300x300.jpg"
"karaz_barcode","Air Wick Purple Lavender Air Freshener 240ml","وحدة","3059943016507","11.99","karaz_product_adopted_latest","20","53","","","","","Air Wick Purple Lavender Air Freshener 240ml","معطرات الجو","11.99","https://karaz.ps/shop/product/air-wick-purple-lavender-air-freshener-240ml/","https://karaz.ps/wp-content/uploads/2022/10/3059943016507-300x300.jpg"
"karaz_barcode","Air Wick Life Scents Summer Delights 30ml","وحدة","7290101869962","15.99","karaz_product_adopted_latest","20","53","","","","","Air Wick Life Scents Summer Delights 30ml","معطرات الجو","15.99","https://karaz.ps/shop/product/air-wick-life-scents-summer-delights-30ml/","https://karaz.ps/wp-content/uploads/2022/10/7290101869962-300x300.jpg"
"karaz_barcode","Brait Cashmere Weather Room perfume 250ml","وحدة","5908241723830","13.99","karaz_product_adopted_latest","20","53","","","","","Brait Cashmere Weather Room perfume 250ml","معطرات الجو","13.99","https://karaz.ps/shop/product/brait-cashmere-weather-room-perfume-250ml/","https://karaz.ps/wp-content/uploads/2022/07/5908241723830-300x300.jpg"
"karaz_barcode","Varta LITHIUM Coin CR2016","وحدة","4008496276639","6.99","karaz_product_adopted_latest","26","68","","","","","Varta LITHIUM Coin CR2016","مستلزمات كهربائية","6.99","https://karaz.ps/shop/product/varta-lithium-coin-cr2016/","https://karaz.ps/wp-content/uploads/2023/01/4008496276639-300x300.jpg"
"karaz_barcode","Varta CR2032 battery","وحدة","40084962768822","6.99","karaz_product_adopted_latest","26","68","","","","","Varta CR2032 battery","مستلزمات كهربائية","6.99","https://karaz.ps/shop/product/varta-lithium-coin-cr2032/","https://karaz.ps/wp-content/uploads/2023/01/4008496276882-2-300x300.jpg"
"karaz_barcode","Varta Long Life بطارية فارتا 9V","وحدة","4008496884964","13.99","karaz_product_adopted_latest","26","68","","","","","Varta Long Life بطارية فارتا 9V","مستلزمات كهربائية","13.99","https://karaz.ps/shop/product/varta-long-life-%d8%a8%d8%b7%d8%a7%d8%b1%d9%8a%d8%a9-%d9%81%d8%a7%d8%b1%d8%aa%d8%a7-9v/","https://karaz.ps/wp-content/uploads/2023/01/4008496884964-300x300.jpg"
"karaz_barcode","Varta Long Life 10 Pack بطارية فارتا (10 بطاريات) AA","وحدة","4008496884896","17.99","karaz_product_adopted_latest","26","68","","","","","Varta Long Life 10 Pack بطارية فارتا (10 بطاريات) AA","مستلزمات كهربائية","17.99","https://karaz.ps/shop/product/varta-long-life-10-pack-%d8%a8%d8%b7%d8%a7%d8%b1%d9%8a%d8%a9-%d9%81%d8%a7%d8%b1%d8%aa%d8%a7-10-%d8%a8%d8%b7%d8%a7%d8%b1%d9%8a%d8%a7%d8%aa-aa/","https://karaz.ps/wp-content/uploads/2023/01/4008496884896-300x300.jpg"
"karaz_barcode","Varta Long Life 10 Pack بطارية فارتا (10بطاريات) AAA","وحدة","4008496927364","17.99","karaz_product_adopted_latest","26","68","","","","","Varta Long Life 10 Pack بطارية فارتا (10بطاريات) AAA","مستلزمات كهربائية","17.99","https://karaz.ps/shop/product/varta-long-life-10-pack-%d8%a8%d8%b7%d8%a7%d8%b1%d9%8a%d8%a9-%d9%81%d8%a7%d8%b1%d8%aa%d8%a7-10%d8%a8%d8%b7%d8%a7%d8%b1%d9%8a%d8%a7%d8%aa-aaa/","https://karaz.ps/wp-content/uploads/2023/01/4008496927364-300x300.jpg"
"karaz_barcode","Yookie Stereo Earphone","وحدة","6971916561500","24.99","karaz_product_adopted_latest","26","68","","","","","Yookie Stereo Earphone","مستلزمات كهربائية","24.99","https://karaz.ps/shop/product/yookie-stereo-earphone/","https://karaz.ps/wp-content/uploads/2022/07/6971916561500-300x300.jpg"
"karaz_barcode","Td-Lte Type-C Charging Cable","وحدة","6920200300563","14.99","karaz_product_adopted_latest","26","68","","","","","Td-Lte Type-C Charging Cable","مستلزمات كهربائية","14.99","https://karaz.ps/shop/product/td-lte-type-c-charging-cable/","https://karaz.ps/wp-content/uploads/2022/07/6920200300563-300x300.jpg"
"karaz_barcode","Td-Lte Lightning Charging Cable","وحدة","6920200300562","14.99","karaz_product_adopted_latest","26","68","","","","","Td-Lte Lightning Charging Cable","مستلزمات كهربائية","14.99","https://karaz.ps/shop/product/td-lte-lightning-charging-cable/","https://karaz.ps/wp-content/uploads/2022/07/6920200300562-300x300.jpg"
"karaz_barcode","Falcon Aluminium Container With Lid 18*24 cm X8","وحدة","6291055044017","11.99","karaz_product_adopted_latest","26","68","","","","","Falcon Aluminium Container With Lid 18*24 cm X8","مستلزمات الشواء","11.99","https://karaz.ps/shop/product/falcon-aluminium-container-with-lid-1824-cm-x8/","https://karaz.ps/wp-content/uploads/2022/12/6291055044017-300x300.jpg"
"karaz_barcode","Falcon Aluminium Container With Lid 21*13.5 cm X8","وحدة","6291055000969","6.99","karaz_product_adopted_latest","26","68","","","","","Falcon Aluminium Container With Lid 21*13.5 cm X8","مستلزمات الشواء","6.99","https://karaz.ps/shop/product/falcon-aluminium-container-with-lid-2113-5-cm-x8/","https://karaz.ps/wp-content/uploads/2022/12/6291055000969-300x300.jpg"
"karaz_barcode","Falcon Plastic Forks Black 50pcs","وحدة","6291055110286","11.99","karaz_product_adopted_latest","26","68","","","","","Falcon Plastic Forks Black 50pcs","مستلزمات الشواء","11.99","https://karaz.ps/shop/product/falcon-plastic-forks-black-50pcs/","https://karaz.ps/wp-content/uploads/2022/12/6291055110286-300x300.jpg"
"karaz_barcode","Nikol Daily Smart Cloth x63","وحدة","7290000189192","23.99","karaz_product_adopted_latest","26","68","","","","","Nikol Daily Smart Cloth x63","مستلزمات المناسبات و الميلاد","23.99","https://karaz.ps/shop/product/nikol-daily-smart-cloth-x63/","https://karaz.ps/wp-content/uploads/2022/09/7290000189192-300x300.jpg"
"karaz_barcode","Raid Insect Killer ريد قاتل للحشرات – قاتل النمل","وحدة","5010182997680","13.99","karaz_product_adopted_latest","20","52","","","","","Raid Insect Killer ريد قاتل للحشرات – قاتل النمل","أدوات مكافحة الحشرات","13.99","https://karaz.ps/shop/product/raid-insect-killer-%d8%b1%d9%8a%d8%af-%d9%82%d8%a7%d8%aa%d9%84-%d9%84%d9%84%d8%ad%d8%b4%d8%b1%d8%a7%d8%aa-%d9%82%d8%a7%d8%aa%d9%84-%d8%a7%d9%84%d9%86%d9%85%d9%84/","https://karaz.ps/wp-content/uploads/2022/07/5010182997680-300x300.jpg"
"karaz_barcode","Aeroxon Fly Catchers مصيدة للذباب X4","وحدة","4027600907542","19.99","karaz_product_adopted_latest","20","52","","","","","Aeroxon Fly Catchers مصيدة للذباب X4","أدوات مكافحة الحشرات","19.99","https://karaz.ps/shop/product/aeroxon-fly-catchers-%d9%85%d8%b5%d9%8a%d8%af%d8%a9-%d9%84%d9%84%d8%b0%d8%a8%d8%a7%d8%a8-x4/","https://karaz.ps/wp-content/uploads/2022/07/4027600907542-300x300.jpg"
"karaz_barcode","Aeroxon Yellow Trap مصيدة لحشرات النباتات المنزلية X10","وحدة","4027600364406","34.99","karaz_product_adopted_latest","20","52","","","","","Aeroxon Yellow Trap مصيدة لحشرات النباتات المنزلية X10","أدوات مكافحة الحشرات","34.99","https://karaz.ps/shop/product/aeroxon-yellow-trap-%d9%85%d8%b5%d9%8a%d8%af%d8%a9-%d9%84%d8%ad%d8%b4%d8%b1%d8%a7%d8%aa-%d8%a7%d9%84%d9%86%d8%a8%d8%a7%d8%aa%d8%a7%d8%aa-%d8%a7%d9%84%d9%85%d9%86%d8%b2%d9%84%d9%8a%d8%a9-x10/","https://karaz.ps/wp-content/uploads/2022/07/4027600364406-300x300.jpg"
"karaz_barcode","Aeroxon Vermin Bait Trap مصيدة للحشرات الزاحفة X3","وحدة","4027600224717","44.99","karaz_product_adopted_latest","20","52","","","","","Aeroxon Vermin Bait Trap مصيدة للحشرات الزاحفة X3","أدوات مكافحة الحشرات","44.99","https://karaz.ps/shop/product/aeroxon-vermin-bait-trap-%d9%85%d8%b5%d9%8a%d8%af%d8%a9-%d9%84%d9%84%d8%ad%d8%b4%d8%b1%d8%a7%d8%aa-%d8%a7%d9%84%d8%b2%d8%a7%d8%ad%d9%81%d8%a9-x3/","https://karaz.ps/wp-content/uploads/2022/07/4027600224717-300x300.jpg"
"karaz_barcode","Aeroxon Door Fly Screen شبكة للابواب باللون الاسود","وحدة","4027600434499","74.99","karaz_product_adopted_latest","20","52","","","","","Aeroxon Door Fly Screen شبكة للابواب باللون الاسود","أدوات مكافحة الحشرات","74.99","https://karaz.ps/shop/product/aeroxon-door-fly-screen-%d8%b4%d8%a8%d9%83%d8%a9-%d9%84%d9%84%d8%a7%d8%a8%d9%88%d8%a7%d8%a8-%d8%a8%d8%a7%d9%84%d9%84%d9%88%d9%86-%d8%a7%d9%84%d8%a7%d8%b3%d9%88%d8%af/","https://karaz.ps/wp-content/uploads/2022/07/4027600434499-300x300.jpg"
"karaz_barcode","Aeroxon Window Fly Trap مصيدة للذباب (للشبابيك) X4","وحدة","4027600753507","24.99","karaz_product_adopted_latest","20","52","","","","","Aeroxon Window Fly Trap مصيدة للذباب (للشبابيك) X4","أدوات مكافحة الحشرات","24.99","https://karaz.ps/shop/product/aeroxon-window-fly-trap-%d9%85%d8%b5%d9%8a%d8%af%d8%a9-%d9%84%d9%84%d8%b0%d8%a8%d8%a7%d8%a8-%d9%84%d9%84%d8%b4%d8%a8%d8%a7%d8%a8%d9%8a%d9%83-x4/","https://karaz.ps/wp-content/uploads/2022/07/4027600753507-300x300.jpg"
"karaz_barcode","Raid Insect Killer ريد قاتل للحشرات – للحشرات الطائرة","وحدة","7290012803352","13.99","karaz_product_adopted_latest","20","52","","","","","Raid Insect Killer ريد قاتل للحشرات – للحشرات الطائرة","أدوات مكافحة الحشرات","13.99","https://karaz.ps/shop/product/raid-insect-killer-%d8%b1%d9%8a%d8%af-%d9%82%d8%a7%d8%aa%d9%84-%d9%84%d9%84%d8%ad%d8%b4%d8%b1%d8%a7%d8%aa-%d9%84%d9%84%d8%ad%d8%b4%d8%b1%d8%a7%d8%aa-%d8%a7%d9%84%d8%b7%d8%a7%d8%a6%d8%b1%d8%a9/","https://karaz.ps/wp-content/uploads/2022/07/7290012803352-300x300.jpg"
"karaz_barcode","Crawtox Poison بودرة للحشرات الزاحفة و الصراصير","وحدة","","7.99","karaz_product_adopted_latest","20","52","","","","","Crawtox Poison بودرة للحشرات الزاحفة و الصراصير","أدوات مكافحة الحشرات","7.99","https://karaz.ps/shop/product/crawtox-poison-%d8%a8%d9%88%d8%af%d8%b1%d8%a9-%d9%84%d9%84%d8%ad%d8%b4%d8%b1%d8%a7%d8%aa-%d8%a7%d9%84%d8%b2%d8%a7%d8%ad%d9%81%d8%a9-%d9%88-%d8%a7%d9%84%d8%b5%d8%b1%d8%a7%d8%b5%d9%8a%d8%b1/","https://karaz.ps/wp-content/uploads/2022/07/crawtox-300x300.jpg"
"karaz_barcode","Aeroxon Food Moth Trap مصيدة لحشرات خزانة الاغذية X2","وحدة","4027600444405","29.99","karaz_product_adopted_latest","20","52","","","","","Aeroxon Food Moth Trap مصيدة لحشرات خزانة الاغذية X2","أدوات مكافحة الحشرات","29.99","https://karaz.ps/shop/product/aeroxon-food-moth-trap-%d9%85%d8%b5%d9%8a%d8%af%d8%a9-%d9%84%d8%ad%d8%b4%d8%b1%d8%a7%d8%aa-%d8%ae%d8%b2%d8%a7%d9%86%d8%a9-%d8%a7%d9%84%d8%a7%d8%ba%d8%b0%d9%8a%d8%a9-x2/","https://karaz.ps/wp-content/uploads/2022/07/4027600444405-300x300.jpg"
"karaz_barcode","Aeroxon Window Fly Screen White شبكة للشبابيك بللون الابيض","وحدة","4027600434413","44.99","karaz_product_adopted_latest","7","22","","","","","Aeroxon Window Fly Screen White شبكة للشبابيك بللون الابيض","أدوات مكافحة الحشرات","44.99","https://karaz.ps/shop/product/aeroxon-window-fly-screen-white-%d8%b4%d8%a8%d9%83%d8%a9-%d9%84%d9%84%d8%b4%d8%a8%d8%a7%d8%a8%d9%8a%d9%83-%d8%a8%d9%84%d9%84%d9%88%d9%86-%d8%a7%d9%84%d8%a7%d8%a8%d9%8a%d8%b6/","https://karaz.ps/wp-content/uploads/2022/07/4027600434413-300x300.jpg"
"karaz_barcode","NARA LEMON CHARCOAL","وحدة","80018000000099215","1.99","karaz_product_adopted_latest","26","68","","","","","NARA LEMON CHARCOAL","مركز المدخن","1.99","https://karaz.ps/shop/product/nara-lemon-charcoal/","https://karaz.ps/wp-content/uploads/2022/07/80018000000099215-300x300.jpg"
"karaz_barcode","HOKKAH SILVER SMALL  ROLL","وحدة","2516040024114","6.99","karaz_product_adopted_latest","26","68","","","","","HOKKAH SILVER SMALL  ROLL","مركز المدخن","6.99","https://karaz.ps/shop/product/hokkah-silver-small-roll/","https://karaz.ps/wp-content/uploads/2022/07/2516040024114-300x300.jpg"
"karaz_barcode","Albawadi Two Apples Molasses معسل تفاحتين البوادي 60g","وحدة","6253354200457","9.99","karaz_product_adopted_latest","2","6","","","","","Albawadi Two Apples Molasses معسل تفاحتين البوادي 60g","مركز المدخن","9.99","https://karaz.ps/shop/product/albawadi-two-apples-molasses-%d9%85%d8%b9%d8%b3%d9%84-%d8%aa%d9%81%d8%a7%d8%ad%d8%aa%d9%8a%d9%86-%d8%a7%d9%84%d8%a8%d9%88%d8%a7%d8%af%d9%8a-60g/","https://karaz.ps/wp-content/uploads/2022/07/6253354200457-300x300.jpg"
"karaz_barcode","ALBAWADI CANDY POPS Molasses 60G","وحدة","6253354201355","9.99","karaz_product_adopted_latest","26","68","","","","","ALBAWADI CANDY POPS Molasses 60G","مركز المدخن","9.99","https://karaz.ps/shop/product/albawadi-candy-pops-molasses-60g/","https://karaz.ps/wp-content/uploads/2022/07/6253354201355-300x300.jpg"
"karaz_barcode","Albawadi Watermelon With Mint Molasses معسل بطيخ و نعنع البوادي 60g","وحدة","6253354200549","9.99","karaz_product_adopted_latest","2","6","","","","","Albawadi Watermelon With Mint Molasses معسل بطيخ و نعنع البوادي 60g","مركز المدخن","9.99","https://karaz.ps/shop/product/albawadi-watermelon-with-mint-molasses-%d9%85%d8%b9%d8%b3%d9%84-%d8%a8%d8%b7%d9%8a%d8%ae-%d9%88-%d9%86%d8%b9%d9%86%d8%b9-%d8%a7%d9%84%d8%a8%d9%88%d8%a7%d8%af%d9%8a-60g/","https://karaz.ps/wp-content/uploads/2022/07/6253354200549-300x300.jpg"
"karaz_barcode","Albawadi Lemon With Mint Molasses معسل ليمون و نعنع البوادي 60g","وحدة","6253354200471","9.99","karaz_product_adopted_latest","2","6","","","","","Albawadi Lemon With Mint Molasses معسل ليمون و نعنع البوادي 60g","مركز المدخن","9.99","https://karaz.ps/shop/product/albawadi-lemon-with-mint-molasses-%d9%85%d8%b9%d8%b3%d9%84-%d9%84%d9%8a%d9%85%d9%88%d9%86-%d9%88-%d9%86%d8%b9%d9%86%d8%b9-%d8%a7%d9%84%d8%a8%d9%88%d8%a7%d8%af%d9%8a-60g/","https://karaz.ps/wp-content/uploads/2022/07/6253354200471-300x300.jpg"
"karaz_barcode","Marlboro سجائر مارلبورو احمر","وحدة","10201","28.99","karaz_product_adopted_latest","26","68","","","","","Marlboro سجائر مارلبورو احمر","مركز المدخن","28.99","https://karaz.ps/shop/product/marlboro-%d8%b3%d8%ac%d8%a7%d8%a6%d8%b1-%d9%85%d8%a7%d8%b1%d9%84%d8%a8%d9%88%d8%b1%d9%88-%d8%a7%d8%ad%d9%85%d8%b1/","https://karaz.ps/wp-content/uploads/2022/07/MARLBORO-RED-KS-10-x201-300x300.jpg"
"karaz_barcode","Davidoff classic سجائر دافيدوف كلاسيك","وحدة","","27.99","karaz_product_adopted_latest","26","68","","","","","Davidoff classic سجائر دافيدوف كلاسيك","مركز المدخن","27.99","https://karaz.ps/shop/product/davidoff-classic-%d8%b3%d8%ac%d8%a7%d8%a6%d8%b1-%d8%af%d8%a7%d9%81%d9%8a%d8%af%d9%88%d9%81-%d9%83%d9%84%d8%a7%d8%b3%d9%8a%d9%83/","https://karaz.ps/wp-content/uploads/2022/07/davidoff-classic-300x300.jpg"
"karaz_barcode","Gauloises Blonde Bleu سجائر جلواز أزرق","وحدة","7","25.99","karaz_product_adopted_latest","26","68","","","","","Gauloises Blonde Bleu سجائر جلواز أزرق","مركز المدخن","25.99","https://karaz.ps/shop/product/gauloises-blonde-bleu-%d8%b3%d8%ac%d8%a7%d8%a6%d8%b1-%d8%ac%d9%84%d9%88%d8%a7%d8%b2-%d8%a3%d8%b2%d8%b1%d9%82/","https://karaz.ps/wp-content/uploads/2022/07/wpid-gauloises-7-300x300.jpg"
"karaz_barcode","Gauloises Blonde Rouge سجائر جلواز أحمر","وحدة","10008131","25.99","karaz_product_adopted_latest","26","68","","","","","Gauloises Blonde Rouge سجائر جلواز أحمر","مركز المدخن","25.99","https://karaz.ps/shop/product/gauloises-blonde-rouge-%d8%b3%d8%ac%d8%a7%d8%a6%d8%b1-%d8%ac%d9%84%d9%88%d8%a7%d8%b2-%d8%a3%d8%ad%d9%85%d8%b1/","https://karaz.ps/wp-content/uploads/2022/07/1000813-1-default-default-300x300.jpg"
"karaz_barcode","Davidoff Gold سجائر دافيدوف الذهبي","وحدة","","27.99","karaz_product_adopted_latest","26","68","","","","","Davidoff Gold سجائر دافيدوف الذهبي","مركز المدخن","27.99","https://karaz.ps/shop/product/davidoff-gold-%d8%b3%d8%ac%d8%a7%d8%a6%d8%b1-%d8%af%d8%a7%d9%81%d9%8a%d8%af%d9%88%d9%81-%d8%a7%d9%84%d8%b0%d9%87%d8%a8%d9%8a/","https://karaz.ps/wp-content/uploads/2022/07/Davidoff-Gold-cigarettes-min-300x300.jpg"
"karaz_barcode","Gauloises Blonde Jaune سجائر جلواز أصفر","وحدة","","25.99","karaz_product_adopted_latest","26","68","","","","","Gauloises Blonde Jaune سجائر جلواز أصفر","مركز المدخن","25.99","https://karaz.ps/shop/product/gauloises-blonde-jaune-%d8%b3%d8%ac%d8%a7%d8%a6%d8%b1-%d8%ac%d9%84%d9%88%d8%a7%d8%b2-%d8%a3%d8%b5%d9%81%d8%b1/","https://karaz.ps/wp-content/uploads/2022/07/gauloises-blondes-jaunes-box-tabacshop-ch--300x300.jpg"
"karaz_barcode","Winston سجائر وينيستون أزرق","وحدة","","25.99","karaz_product_adopted_latest","26","68","","","","","Winston سجائر وينيستون أزرق","مركز المدخن","25.99","https://karaz.ps/shop/product/winston-%d8%b3%d8%ac%d8%a7%d8%a6%d8%b1-%d9%88%d9%8a%d9%86%d9%8a%d8%b3%d8%aa%d9%88%d9%86-%d8%a3%d8%b2%d8%b1%d9%82/","https://karaz.ps/wp-content/uploads/2022/07/Winston-Blue-Cigarettes-Box-tabacshop-ch--300x300.jpg"
"karaz_barcode","L&M سجائر ال ام ازرق","وحدة","2","25.99","karaz_product_adopted_latest","26","68","","","","","L&M سجائر ال ام ازرق","مركز المدخن","25.99","https://karaz.ps/shop/product/lm-%d8%b3%d8%ac%d8%a7%d8%a6%d8%b1-%d8%a7%d9%84-%d8%a7%d9%85-%d8%a7%d8%b2%d8%b1%d9%82/","https://karaz.ps/wp-content/uploads/2022/07/lm-b-2-300x300.jpg"
"karaz_barcode","L&M سجائر ال ام احمر","وحدة","","25.99","karaz_product_adopted_latest","26","68","","","","","L&M سجائر ال ام احمر","السجائر","25.99","https://karaz.ps/shop/product/lm-%d8%b3%d8%ac%d8%a7%d8%a6%d8%b1-%d8%a7%d9%84-%d8%a7%d9%85-%d8%a7%d8%ad%d9%85%d8%b1/","https://karaz.ps/wp-content/uploads/2022/07/lm-r-300x300.jpg"
"karaz_barcode","Marlboro touch less smell سجائر مارلبورو تاتش ازرق","وحدة","16","25.99","karaz_product_adopted_latest","26","68","","","","","Marlboro touch less smell سجائر مارلبورو تاتش ازرق","السجائر","25.99","https://karaz.ps/shop/product/marlboro-touch-less-smell-%d8%b3%d8%ac%d8%a7%d8%a6%d8%b1-%d9%85%d8%a7%d8%b1%d9%84%d8%a8%d9%88%d8%b1%d9%88-%d8%aa%d8%a7%d8%aa%d8%b4-%d8%a7%d8%b2%d8%b1%d9%82/","https://karaz.ps/wp-content/uploads/2022/07/touch-16-300x300.jpg"
"karaz_barcode","Imperial سجائر امبريال","وحدة","332","22.99","karaz_product_adopted_latest","26","68","","","","","Imperial سجائر امبريال","السجائر","22.99","https://karaz.ps/shop/product/imperial-%d8%b3%d8%ac%d8%a7%d8%a6%d8%b1-%d8%a7%d9%85%d8%a8%d8%b1%d9%8a%d8%a7%d9%84/","https://karaz.ps/wp-content/uploads/2022/07/3-3-2-300x300.jpg"
"karaz_barcode","Davidoff Gold Slims سجائر دوفي دوف جولد رفيع","وحدة","40306551","25.99","karaz_product_adopted_latest","26","68","","","","","Davidoff Gold Slims سجائر دوفي دوف جولد رفيع","السجائر","25.99","https://karaz.ps/shop/product/davidoff-gold-slims-%d8%b3%d8%ac%d8%a7%d8%a6%d8%b1-%d8%af%d9%88%d9%81%d9%8a-%d8%af%d9%88%d9%81-%d8%ac%d9%88%d9%84%d8%af-%d8%b1%d9%81%d9%8a%d8%b9/","https://karaz.ps/wp-content/uploads/2022/07/40306551-300x300.jpg"
"karaz_barcode","Winston سجائر وينستون أحمر","وحدة","","25.99","karaz_product_adopted_latest","26","68","","","","","Winston سجائر وينستون أحمر","السجائر","25.99","https://karaz.ps/shop/product/winston-%d8%b3%d8%ac%d8%a7%d8%a6%d8%b1-%d9%88%d9%8a%d9%86%d8%b3%d8%aa%d9%88%d9%86-%d8%a3%d8%ad%d9%85%d8%b1/","https://karaz.ps/wp-content/uploads/2022/07/Winston-Classic-Cigarettes-Box-tabacshop-ch--300x300.jpg"
"karaz_barcode","Shiny Firelighter مشعل فحم صلب 48 حبة","وحدة","7290014945654","5.99","karaz_product_adopted_latest","26","68","","","","","Shiny Firelighter مشعل فحم صلب 48 حبة","الفحم و المشعلات","5.99","https://karaz.ps/shop/product/shiny-firelighter-%d9%85%d8%b4%d8%b9%d9%84-%d9%81%d8%ad%d9%85-%d8%b5%d9%84%d8%a8-48-%d8%ad%d8%a8%d8%a9/","https://karaz.ps/wp-content/uploads/2022/07/7290014945654-300x300.jpg"
"karaz_barcode","ABU SHANAB CHARCOAL 500G","وحدة","16254000535015","9.99","karaz_product_adopted_latest","26","68","","","","","ABU SHANAB CHARCOAL 500G","الفحم و المشعلات","9.99","https://karaz.ps/shop/product/abu-shanab-charcoal-500g/","https://karaz.ps/wp-content/uploads/2022/07/16254000535015-300x300.jpg"
